property_type,price_category,city_code,prefecture,city,district,nearest_station,station_minutes,price,layout,area_sqm,year_built,structure,usage,future_use,urban_planning,building_coverage_ratio,floor_area_ratio,transaction_period,renovation,transaction_note
中古マンション等,成約価格情報,13115,東京都,杉並区,井草,上井草,2.0,76000000,２ＬＤＫ,85,2014年,ＲＣ,,,近隣商業,,,2023年第4四半期,,
中古マンション等,成約価格情報,13115,東京都,杉並区,井草,井荻,9.0,60000000,３ＬＤＫ＋Ｓ,80,2007年,ＲＣ,,,１中住専,,,2023年第4四半期,,
中古マンション等,成約価格情報,13115,東京都,杉並区,井草,井荻,11.0,64000000,３ＬＤＫ,75,2007年,ＲＣ,,,１中住専,,,2023年第4四半期,,
中古マンション等,成約価格情報,13115,東京都,杉並区,今川,上井草,13.0,31000000,２ＬＤＫ,70,1974年,ＲＣ,,,１低住専,,,2023年第4四半期,,
中古マンション等,成約価格情報,13115,東京都,杉並区,永福,永福町,5.0,12000000,１Ｒ,20,1991年,ＲＣ,,,近隣商業,,,2023年第4四半期,改装済み,
中古マンション等,成約価格情報,13115,東京都,杉並区,永福,永福町,7.0,84000000,３ＬＤＫ,70,2016年,ＲＣ,,,１低住専,,,2023年第4四半期,,
中古マンション等,成約価格情報,13115,東京都,杉並区,永福,永福町,8.0,63000000,２ＬＤＫ,70,2000年,ＲＣ,,,近隣商業,,,2023年第4四半期,,
中古マンション等,成約価格情報,13115,東京都,杉並区,永福,明大前,3.0,16000000,１ＤＫ,30,1971年,ＳＲＣ,,,,,,2023年第4四半期,,
中古マンション等,成約価格情報,13115,東京都,杉並区,永福,明大前,4.0,11000000,１ＤＫ,30,1971年,ＳＲＣ,,,商業,,,2023年第4四半期,,
中古マンション等,成約価格情報,13115,東京都,杉並区,永福,,,18000000,１Ｋ,20,,,,,,,,2023年第4四半期,,
中古マンション等,成約価格情報,13115,東京都,杉並区,荻窪,荻窪,4.0,33000000,１ＬＤＫ,45,1969年,ＲＣ,,,,,,2023年第4四半期,,
中古マンション等,成約価格情報,13115,東京都,杉並区,荻窪,荻窪,2.0,48000000,１ＬＤＫ,35,2009年,ＲＣ,,,商業,,,2023年第4四半期,,
中古マンション等,成約価格情報,13115,東京都,杉並区,荻窪,荻窪,14.0,81000000,３ＬＤＫ,70,2017年,ＲＣ,,,１低住専,,,2023年第4四半期,,
中古マンション等,成約価格情報,13115,東京都,杉並区,荻窪,荻窪,9.0,34000000,１ＤＫ,35,2009年,ＲＣ,,,１低住専,,,2023年第4四半期,,
中古マンション等,成約価格情報,13115,東京都,杉並区,荻窪,荻窪,7.0,110000000,２ＬＤＫ,75,2015年,ＲＣ,,,１低住専,,,2023年第4四半期,,
中古マンション等,成約価格情報,13115,東京都,杉並区,荻窪,荻窪,17.0,35000000,２ＤＫ,50,1992年,ＲＣ,,,近隣商業,,,2023年第4四半期,改装済み,
中古マンション等,成約価格情報,13115,東京都,杉並区,荻窪,荻窪,2.0,44000000,１ＬＤＫ,35,2009年,ＲＣ,,,商業,,,2023年第4四半期,,
中古マンション等,成約価格情報,13115,東京都,杉並区,荻窪,荻窪,2.0,61000000,３ＬＤＫ,80,1976年,ＳＲＣ,,,商業,,,2023年第4四半期,,
中古マンション等,成約価格情報,13115,東京都,杉並区,荻窪,南阿佐ケ谷,12.0,83000000,３ＬＤＫ,80,2004年,ＲＣ,,,１低住専,,,2023年第4四半期,,
中古マンション等,成約価格情報,13115,東京都,杉並区,荻窪,荻窪,2.0,14000000,１Ｒ,20,1984年,ＲＣ,,,近隣商業,,,2023年第4四半期,,
中古マンション等,成約価格情報,13115,東京都,杉並区,荻窪,荻窪,14.0,81000000,３ＬＤＫ,70,2017年,ＲＣ,,,１低住専,,,2023年第4四半期,,
中古マンション等,成約価格情報,13115,東京都,杉並区,荻窪,荻窪,2.0,18000000,１Ｒ,25,1987年,ＳＲＣ,,,商業,,,2023年第4四半期,,
中古マンション等,成約価格情報,13115,東京都,杉並区,荻窪,荻窪,3.0,52000000,１ＬＤＫ,45,2021年,ＲＣ,,,２種住居,,,2023年第4四半期,,
中古マンション等,成約価格情報,13115,東京都,杉並区,荻窪,荻窪,10.0,71000000,３ＬＤＫ,75,2011年,ＲＣ,,,近隣商業,,,2023年第4四半期,,
中古マンション等,成約価格情報,13115,東京都,杉並区,荻窪,荻窪,4.0,33000000,１ＬＤＫ,50,,,,,,,,2023年第4四半期,,
中古マンション等,成約価格情報,13115,東京都,杉並区,荻窪,荻窪,2.0,14000000,１Ｋ,20,1992年,ＲＣ,,,商業,,,2023年第4四半期,,
中古マンション等,成約価格情報,13115,東京都,杉並区,荻窪,荻窪,10.0,100000000,３ＬＤＫ,80,2001年,ＲＣ,,,１低住専,,,2023年第4四半期,,
中古マンション等,成約価格情報,13115,東京都,杉並区,荻窪,荻窪,1.0,42000000,１ＬＤＫ,35,2004年,ＳＲＣ,,,商業,,,2023年第4四半期,,
中古マンション等,成約価格情報,13115,東京都,杉並区,荻窪,荻窪,2.0,41000000,２ＬＤＫ,55,1976年,ＳＲＣ,,,商業,,,2023年第4四半期,,
中古マンション等,成約価格情報,13115,東京都,杉並区,荻窪,荻窪,2.0,41000000,２ＬＤＫ,60,1976年,ＳＲＣ,,,商業,,,2023年第4四半期,,
中古マンション等,成約価格情報,13115,東京都,杉並区,荻窪,荻窪,7.0,27000000,１ＬＤＫ,40,1973年,ＲＣ,,,,,,2023年第4四半期,,
中古マンション等,成約価格情報,13115,東京都,杉並区,上荻,荻窪,9.0,57000000,２ＬＤＫ,60,1998年,ＳＲＣ,,,商業,,,2023年第4四半期,,
中古マンション等,成約価格情報,13115,東京都,杉並区,上荻,荻窪,12.0,79000000,１ＬＤＫ,95,2001年,ＲＣ,,,１低住専,,,2023年第4四半期,,
中古マンション等,成約価格情報,13115,東京都,杉並区,上荻,西荻窪,9.0,73000000,１ＬＤＫ＋Ｓ,55,2022年,ＲＣ,,,近隣商業,,,2023年第4四半期,,
中古マンション等,成約価格情報,13115,東京都,杉並区,上荻,西荻窪,15.0,20000000,２ＤＫ,45,1974年,ＳＲＣ,,,,,,2023年第4四半期,,
中古マンション等,成約価格情報,13115,東京都,杉並区,上荻,西荻窪,12.0,27000000,２ＬＤＫ,50,1970年,ＲＣ,,,商業,,,2023年第4四半期,,
中古マンション等,成約価格情報,13115,東京都,杉並区,上荻,西荻窪,9.0,75000000,２ＬＤＫ,55,2023年,ＲＣ,,,近隣商業,,,2023年第4四半期,,
中古マンション等,成約価格情報,13115,東京都,杉並区,上荻,西荻窪,11.0,40000000,２ＬＤＫ,70,,,,,,,,2023年第4四半期,,
中古マンション等,成約価格情報,13115,東京都,杉並区,高円寺北,高円寺,2.0,60000000,１ＬＤＫ,60,2001年,ＳＲＣ,,,商業,,,2023年第4四半期,,
中古マンション等,成約価格情報,13115,東京都,杉並区,高円寺北,高円寺,7.0,13000000,１ＤＫ,25,1971年,ＲＣ,,,近隣商業,,,2023年第4四半期,,
中古マンション等,成約価格情報,13115,東京都,杉並区,高円寺北,高円寺,11.0,62000000,１ＬＤＫ＋Ｓ,55,2008年,ＲＣ,,,１中住専,,,2023年第4四半期,,
中古マンション等,成約価格情報,13115,東京都,杉並区,高円寺北,高円寺,3.0,16000000,１ＤＫ,30,1984年,ＳＲＣ,,,商業,,,2023年第4四半期,,
中古マンション等,成約価格情報,13115,東京都,杉並区,高円寺北,高円寺,7.0,20000000,１ＤＫ,30,1971年,ＲＣ,,,,,,2023年第4四半期,,
中古マンション等,成約価格情報,13115,東京都,杉並区,成田東,南阿佐ケ谷,6.0,86000000,２ＬＤＫ,75,2016年,ＲＣ,,,１低住専,,,2023年第4四半期,,
中古マンション等,成約価格情報,13115,東京都,杉並区,成田東,南阿佐ケ谷,8.0,71000000,２ＬＤＫ,70,2016年,ＲＣ,,,１低住専,,,2023年第4四半期,,
中古マンション等,成約価格情報,13115,東京都,杉並区,成田東,南阿佐ケ谷,1.0,65000000,１ＬＤＫ,45,2020年,ＲＣ,,,商業,,,2023年第4四半期,,
中古マンション等,成約価格情報,13115,東京都,杉並区,成田東,南阿佐ケ谷,6.0,100000000,３ＬＤＫ,80,2016年,ＲＣ,,,１低住専,,,2023年第4四半期,,
中古マンション等,成約価格情報,13115,東京都,杉並区,成田東,南阿佐ケ谷,12.0,8500000,１Ｒ,20,1991年,ＲＣ,,,,,,2023年第4四半期,,
中古マンション等,成約価格情報,13115,東京都,杉並区,成田東,西永福,15.0,65000000,３ＬＤＫ,70,2015年,ＲＣ,,,１低住専,,,2023年第4四半期,,
中古マンション等,成約価格情報,13115,東京都,杉並区,成田東,南阿佐ケ谷,6.0,51000000,１ＬＤＫ,50,2006年,ＲＣ,,,１中住専,,,2023年第4四半期,,
中古マンション等,成約価格情報,13115,東京都,杉並区,成田東,南阿佐ケ谷,6.0,99000000,３ＬＤＫ,80,2016年,ＲＣ,,,１低住専,,,2023年第4四半期,,
中古マンション等,成約価格情報,13115,東京都,杉並区,成田東,南阿佐ケ谷,1.0,19000000,１Ｒ,35,1973年,ＳＲＣ,,,商業,,,2023年第4四半期,,
中古マンション等,成約価格情報,13115,東京都,杉並区,成田東,西永福,15.0,70000000,３ＬＤＫ,75,2015年,ＲＣ,,,１低住専,,,2023年第4四半期,,
中古マンション等,成約価格情報,13115,東京都,杉並区,成田東,南阿佐ケ谷,12.0,28000000,１ＤＫ,35,2004年,ＲＣ,,,近隣商業,,,2023年第4四半期,,
中古マンション等,成約価格情報,13115,東京都,杉並区,松ノ木,新高円寺,4.0,12000000,１Ｋ,20,1985年,ＲＣ,,,近隣商業,,,2023年第4四半期,,
中古マンション等,成約価格情報,13115,東京都,杉並区,南荻窪,荻窪,5.0,6600000,１Ｒ,15,1985年,ＲＣ,,,１低住専,,,2023年第4四半期,,
中古マンション等,成約価格情報,13115,東京都,杉並区,南荻窪,荻窪,7.0,60000000,３ＬＤＫ,75,1974年,,,,近隣商業,,,2023年第4四半期,,
中古マンション等,成約価格情報,13115,東京都,杉並区,南荻窪,荻窪,6.0,63000000,２ＬＤＫ＋Ｓ,75,1988年,ＲＣ,,,,,,2023年第4四半期,,
中古マンション等,成約価格情報,13115,東京都,杉並区,阿佐谷北,阿佐ケ谷,10.0,30000000,１Ｋ,35,2009年,ＲＣ,,,近隣商業,,,2023年第4四半期,,
中古マンション等,成約価格情報,13115,東京都,杉並区,阿佐谷北,阿佐ケ谷,8.0,46000000,２ＬＤＫ,55,1969年,ＲＣ,,,１低住専,,,2023年第4四半期,,
中古マンション等,成約価格情報,13115,東京都,杉並区,阿佐谷南,新高円寺,7.0,37000000,１ＬＤＫ＋Ｓ,45,2010年,ＲＣ,,,１低住専,,,2023年第4四半期,,
中古マンション等,成約価格情報,13115,東京都,杉並区,阿佐谷南,新高円寺,7.0,68000000,３ＬＤＫ,65,2010年,ＲＣ,,,１低住専,,,2023年第4四半期,,
中古マンション等,成約価格情報,13115,東京都,杉並区,阿佐谷南,荻窪,7.0,23000000,２ＬＤＫ,50,1980年,ＲＣ,,,商業,,,2023年第4四半期,,
中古マンション等,成約価格情報,13115,東京都,杉並区,阿佐谷南,阿佐ケ谷,3.0,11000000,１Ｋ,20,1992年,ＲＣ,,,,,,2023年第4四半期,,
中古マンション等,成約価格情報,13115,東京都,杉並区,阿佐谷南,阿佐ケ谷,4.0,10000000,１Ｒ,20,1984年,ＲＣ,,,商業,,,2023年第4四半期,,
中古マンション等,成約価格情報,13115,東京都,杉並区,和泉,方南町,1.0,24000000,１ＤＫ,35,1973年,ＳＲＣ,,,,,,2023年第4四半期,,
中古マンション等,成約価格情報,13115,東京都,杉並区,和泉,方南町,5.0,28000000,３ＤＫ,55,1978年,ＲＣ,,,準工業,,,2023年第4四半期,,
中古マンション等,成約価格情報,13115,東京都,杉並区,和泉,方南町,3.0,19000000,１ＤＫ,30,1972年,ＲＣ,,,１中住専,,,2023年第4四半期,,
中古マンション等,成約価格情報,13115,東京都,杉並区,和泉,代田橋,6.0,36000000,１ＬＤＫ,40,2011年,ＲＣ,,,近隣商業,,,2023年第4四半期,,
中古マンション等,成約価格情報,13115,東京都,杉並区,和泉,方南町,2.0,32000000,２ＤＫ,50,1971年,ＳＲＣ,,,２中住専,,,2023年第4四半期,,
中古マンション等,成約価格情報,13115,東京都,杉並区,上高井戸,富士見ケ丘,10.0,52000000,３ＬＤＫ,75,1998年,ＲＣ,,,１種住居,,,2023年第4四半期,,
中古マンション等,成約価格情報,13115,東京都,杉並区,上高井戸,八幡山,2.0,58000000,２ＬＤＫ,70,1987年,ＲＣ,,,２中住専,,,2023年第4四半期,改装済み,
中古マンション等,成約価格情報,13115,東京都,杉並区,上高井戸,八幡山,5.0,31000000,２ＬＤＫ＋Ｓ,65,1975年,ＳＲＣ,,,,,,2023年第4四半期,,
中古マンション等,成約価格情報,13115,東京都,杉並区,上高井戸,高井戸,11.0,71000000,３ＬＤＫ,70,2019年,ＲＣ,,,１低住専,,,2023年第4四半期,,
中古マンション等,成約価格情報,13115,東京都,杉並区,上高井戸,八幡山,3.0,47000000,２ＬＤＫ,50,2009年,ＲＣ,,,１中住専,,,2023年第4四半期,,
中古マンション等,成約価格情報,13115,東京都,杉並区,上高井戸,八幡山,11.0,49000000,２ＬＤＫ,65,1995年,ＳＲＣ,,,準住居,,,2023年第4四半期,,
中古マンション等,成約価格情報,13115,東京都,杉並区,上高井戸,,,18000000,１Ｒ,20,,,,,,,,2023年第4四半期,,
中古マンション等,成約価格情報,13115,東京都,杉並区,上高井戸,高井戸,10.0,47000000,２ＬＤＫ＋Ｓ,60,1995年,ＲＣ,,,１種住居,,,2023年第4四半期,,
中古マンション等,成約価格情報,13115,東京都,杉並区,松庵,西荻窪,5.0,30000000,１ＬＤＫ,35,1999年,ＲＣ,,,１低住専,,,2023年第4四半期,,
中古マンション等,成約価格情報,13115,東京都,杉並区,浜田山,浜田山,4.0,90000000,３ＬＤＫ,75,2003年,ＲＣ,,,１低住専,,,2023年第4四半期,,
中古マンション等,成約価格情報,13115,東京都,杉並区,浜田山,西永福,6.0,80000000,２ＬＤＫ＋Ｓ,70,2014年,ＲＣ,,,１低住専,,,2023年第4四半期,,
中古マンション等,成約価格情報,13115,東京都,杉並区,浜田山,浜田山,9.0,90000000,４ＬＤＫ,105,1999年,ＲＣ,,,１低住専,,,2023年第4四半期,,
中古マンション等,成約価格情報,13115,東京都,杉並区,浜田山,浜田山,2.0,73000000,３ＬＤＫ,85,1985年,ＲＣ,,,近隣商業,,,2023年第4四半期,,
中古マンション等,成約価格情報,13115,東京都,杉並区,浜田山,浜田山,3.0,75000000,４ＬＤＫ,100,1985年,ＲＣ,,,１低住専,,,2023年第4四半期,,
中古マンション等,成約価格情報,13115,東京都,杉並区,本天沼,荻窪,12.0,61000000,３ＬＤＫ,75,1996年,ＲＣ,,,１低住専,,,2023年第4四半期,,
中古マンション等,成約価格情報,13115,東京都,杉並区,本天沼,阿佐ケ谷,13.0,70000000,３ＬＤＫ,65,2013年,ＲＣ,,,近隣商業,,,2023年第4四半期,,
中古マンション等,成約価格情報,13115,東京都,杉並区,桃井,西荻窪,15.0,50000000,３ＬＤＫ,65,1984年,ＲＣ,,,準工業,,,2023年第4四半期,,
中古マンション等,成約価格情報,13115,東京都,杉並区,桃井,荻窪,13.0,32000000,２ＬＤＫ,70,1981年,ＲＣ,,,商業,,,2023年第4四半期,,
中古マンション等,成約価格情報,13115,東京都,杉並区,桃井,西荻窪,20.0,79000000,３ＬＤＫ,90,2013年,ＲＣ,,,準工業,,,2023年第4四半期,,
中古マンション等,成約価格情報,13115,東京都,杉並区,桃井,西荻窪,17.0,72000000,３ＬＤＫ,80,2005年,ＲＣ,,,準工業,,,2023年第4四半期,,
中古マンション等,成約価格情報,13115,東京都,杉並区,和田,中野富士見町,1.0,9500000,１Ｋ,20,1970年,ＳＲＣ,,,,,,2023年第4四半期,,
中古マンション等,成約価格情報,13115,東京都,杉並区,和田,東高円寺,9.0,11000000,１Ｒ,20,1990年,ＲＣ,,,１低住専,,,2023年第4四半期,,
中古マンション等,成約価格情報,13115,東京都,杉並区,和田,方南町,8.0,71000000,３ＬＤＫ,80,2000年,ＲＣ,,,２中住専,,,2023年第4四半期,改装済み,
中古マンション等,成約価格情報,13115,東京都,杉並区,和田,方南町,9.0,72000000,３ＬＤＫ,80,2000年,ＲＣ,,,２中住専,,,2023年第4四半期,,
中古マンション等,成約価格情報,13115,東京都,杉並区,和田,中野富士見町,6.0,38000000,２ＬＤＫ,55,1970年,ＲＣ,,,,,,2023年第4四半期,,
中古マンション等,成約価格情報,13115,東京都,杉並区,和田,方南町,8.0,40000000,２ＬＤＫ,55,1997年,ＲＣ,,,準工業,,,2023年第4四半期,改装済み,
中古マンション等,成約価格情報,13115,東京都,杉並区,和田,中野富士見町,5.0,62000000,２ＬＤＫ,60,2012年,ＲＣ,,,準工業,,,2023年第4四半期,,
中古マンション等,成約価格情報,13115,東京都,杉並区,和田,東高円寺,9.0,81000000,２ＬＤＫ,75,1995年,ＳＲＣ,,,近隣商業,,,2023年第4四半期,,
中古マンション等,成約価格情報,13115,東京都,杉並区,和田,中野富士見町,5.0,75000000,２ＬＤＫ,70,2015年,ＲＣ,,,準工業,,,2023年第4四半期,,
中古マンション等,成約価格情報,13115,東京都,杉並区,天沼,荻窪,13.0,17000000,２Ｋ,35,1977年,ＲＣ,,,近隣商業,,,2023年第4四半期,,
中古マンション等,成約価格情報,13115,東京都,杉並区,天沼,荻窪,5.0,12000000,１Ｋ,20,1995年,ＲＣ,,,１中住専,,,2023年第4四半期,,
中古マンション等,成約価格情報,13115,東京都,杉並区,天沼,,,22000000,１Ｒ,20,,,,,,,,2023年第4四半期,,
中古マンション等,成約価格情報,13115,東京都,杉並区,成田西,南阿佐ケ谷,14.0,79000000,２ＬＤＫ＋Ｓ,80,2000年,ＲＣ,,,１低住専,,,2023年第4四半期,,
中古マンション等,成約価格情報,13115,東京都,杉並区,成田西,浜田山,16.0,71000000,３ＬＤＫ,80,2003年,ＲＣ,,,１低住専,,,2023年第4四半期,,
中古マンション等,成約価格情報,13115,東京都,杉並区,方南,方南町,4.0,31000000,２ＤＫ,50,1975年,ＳＲＣ,,,,,,2023年第4四半期,,
中古マンション等,成約価格情報,13115,東京都,杉並区,方南,方南町,3.0,19000000,２ＤＫ,45,1973年,ＳＲＣ,,,近隣商業,,,2023年第4四半期,,
中古マンション等,成約価格情報,13115,東京都,杉並区,方南,笹塚,12.0,68000000,２ＬＤＫ,65,2005年,ＲＣ,,,１中住専,,,2023年第4四半期,,
中古マンション等,成約価格情報,13115,東京都,杉並区,方南,方南町,2.0,95000000,３ＬＤＫ,70,2017年,ＲＣ,,,,,,2023年第4四半期,,
中古マンション等,成約価格情報,13115,東京都,杉並区,梅里,新高円寺,5.0,55000000,１ＬＤＫ＋Ｓ,60,2005年,ＲＣ,,,近隣商業,,,2023年第4四半期,,
中古マンション等,成約価格情報,13115,東京都,杉並区,梅里,新高円寺,5.0,32000000,２ＬＤＫ,55,1973年,ＳＲＣ,,,商業,,,2023年第4四半期,,
中古マンション等,成約価格情報,13115,東京都,杉並区,梅里,,,19000000,１Ｋ,25,2001年,ＲＣ,,,,,,2023年第4四半期,,
中古マンション等,成約価格情報,13115,東京都,杉並区,高円寺南,東高円寺,4.0,64000000,３ＬＤＫ,75,2016年,軽量鉄骨造,,,１中住専,,,2023年第4四半期,,
中古マンション等,成約価格情報,13115,東京都,杉並区,高円寺南,高円寺,4.0,40000000,１ＤＫ,35,2017年,ＲＣ,,,商業,,,2023年第4四半期,,
中古マンション等,成約価格情報,13115,東京都,杉並区,高円寺南,高円寺,3.0,10000000,１Ｋ,25,1986年,ＳＲＣ,,,商業,,,2023年第4四半期,,
中古マンション等,成約価格情報,13115,東京都,杉並区,高円寺南,東高円寺,5.0,53000000,２ＬＤＫ,55,2000年,ＲＣ,,,近隣商業,,,2023年第4四半期,,
中古マンション等,成約価格情報,13115,東京都,杉並区,高円寺南,高円寺,4.0,28000000,２ＤＫ,50,1972年,ＲＣ,,,近隣商業,,,2023年第4四半期,,
中古マンション等,成約価格情報,13115,東京都,杉並区,高円寺南,新高円寺,2.0,16000000,１Ｋ,20,1999年,ＲＣ,,,１中住専,,,2023年第4四半期,,
中古マンション等,成約価格情報,13115,東京都,杉並区,高円寺南,中野(東京),9.0,78000000,３ＬＤＫ,75,2006年,ＲＣ,,,１低住専,,,2023年第4四半期,,
中古マンション等,成約価格情報,13115,東京都,杉並区,高円寺南,中野(東京),9.0,58000000,２ＬＤＫ,65,2000年,ＲＣ,,,１低住専,,,2023年第4四半期,,
中古マンション等,成約価格情報,13115,東京都,杉並区,高円寺南,東高円寺,2.0,24000000,２Ｋ,60,1973年,ＲＣ,,,商業,,,2023年第4四半期,改装済み,
中古マンション等,成約価格情報,13115,東京都,杉並区,高円寺南,新高円寺,4.0,24000000,２Ｋ,30,1972年,ＳＲＣ,,,商業,,,2023年第4四半期,,
中古マンション等,成約価格情報,13115,東京都,杉並区,下井草,,,16000000,２ＤＫ,45,,,,,,,,2023年第4四半期,,
中古マンション等,成約価格情報,13115,東京都,杉並区,下高井戸,桜上水,3.0,48000000,２ＬＤＫ,60,1985年,ＲＣ,,,１種住居,,,2023年第4四半期,改装済み,
中古マンション等,成約価格情報,13115,東京都,杉並区,下高井戸,桜上水,9.0,6400000,１Ｒ,15,1991年,ＲＣ,,,１中住専,,,2023年第4四半期,,
中古マンション等,成約価格情報,13115,東京都,杉並区,下高井戸,桜上水,6.0,23000000,２ＤＫ,50,1978年,ＳＲＣ,,,近隣商業,,,2023年第4四半期,,
中古マンション等,成約価格情報,13115,東京都,杉並区,下高井戸,上北沢,8.0,75000000,３ＬＤＫ,85,2000年,ＲＣ,,,１低住専,,,2023年第4四半期,改装済み,
中古マンション等,成約価格情報,13115,東京都,杉並区,下高井戸,桜上水,6.0,79000000,３ＬＤＫ,75,2011年,ＲＣ,,,１低住専,,,2023年第4四半期,,
中古マンション等,成約価格情報,13115,東京都,杉並区,下高井戸,桜上水,7.0,12000000,２ＤＫ,45,1971年,ＳＲＣ,,,１低住専,,,2023年第4四半期,,
中古マンション等,成約価格情報,13115,東京都,杉並区,高井戸西,富士見ケ丘,4.0,29000000,１ＤＫ,40,1992年,ＲＣ,,,近隣商業,,,2023年第4四半期,,
中古マンション等,成約価格情報,13115,東京都,杉並区,高井戸西,高井戸,4.0,88000000,３ＬＤＫ,105,2003年,ＲＣ,,,近隣商業,,,2023年第4四半期,,
中古マンション等,成約価格情報,13115,東京都,杉並区,高井戸西,高井戸,8.0,76000000,２ＬＤＫ＋Ｓ,95,2000年,ＳＲＣ,,,１中住専,,,2023年第4四半期,,
中古マンション等,成約価格情報,13115,東京都,杉並区,高井戸西,高井戸,4.0,54000000,２ＬＤＫ,60,1999年,ＲＣ,,,１低住専,,,2023年第4四半期,,
中古マンション等,成約価格情報,13115,東京都,杉並区,高井戸東,高井戸,10.0,57000000,２ＬＤＫ＋Ｓ,80,1990年,ＲＣ,,,２低住専,,,2023年第4四半期,,
中古マンション等,成約価格情報,13115,東京都,杉並区,高井戸東,浜田山,6.0,180000000,２ＬＤＫ＋Ｓ,105,2009年,ＲＣ,,,１中住専,,,2023年第4四半期,,
中古マンション等,成約価格情報,13115,東京都,杉並区,高井戸東,高井戸,4.0,65000000,３ＬＤＫ,70,1998年,ＲＣ,,,準住居,,,2023年第4四半期,,
中古マンション等,成約価格情報,13115,東京都,杉並区,高井戸東,高井戸,7.0,61000000,２ＬＤＫ,55,1999年,ＲＣ,,,１中住専,,,2023年第4四半期,,
中古マンション等,成約価格情報,13115,東京都,杉並区,高井戸東,浜田山,10.0,96000000,３ＬＤＫ,80,2013年,ＲＣ,,,１低住専,,,2023年第4四半期,,
中古マンション等,成約価格情報,13115,東京都,杉並区,高井戸東,高井戸,3.0,65000000,２ＬＤＫ,60,2011年,ＲＣ,,,近隣商業,,,2023年第4四半期,,
中古マンション等,成約価格情報,13115,東京都,杉並区,高井戸東,浜田山,6.0,84000000,１ＬＤＫ,55,2009年,ＲＣ,,,１中住専,,,2023年第4四半期,,
中古マンション等,成約価格情報,13115,東京都,杉並区,高井戸東,高井戸,7.0,68000000,２ＬＤＫ,70,2013年,ＲＣ,,,準住居,,,2023年第4四半期,,
中古マンション等,成約価格情報,13115,東京都,杉並区,西荻北,西荻窪,6.0,23000000,１ＬＤＫ,35,1969年,ＲＣ,,,,,,2023年第4四半期,,
中古マンション等,成約価格情報,13115,東京都,杉並区,西荻北,西荻窪,5.0,90000000,３ＬＤＫ,75,2005年,ＲＣ,,,１中住専,,,2023年第4四半期,,
中古マンション等,成約価格情報,13115,東京都,杉並区,西荻北,西荻窪,6.0,34000000,１Ｒ,45,1970年,ＳＲＣ,,,１低住専,,,2023年第4四半期,改装済み,
中古マンション等,成約価格情報,13115,東京都,杉並区,西荻北,西荻窪,3.0,18000000,２ＬＤＫ,55,1970年,ＳＲＣ,,,１中住専,,,2023年第4四半期,,
中古マンション等,成約価格情報,13115,東京都,杉並区,西荻北,西荻窪,3.0,6500000,１Ｒ,15,1983年,ＲＣ,,,,,,2023年第4四半期,,
中古マンション等,成約価格情報,13115,東京都,杉並区,西荻北,西荻窪,11.0,38000000,２ＤＫ,50,1992年,ＳＲＣ,,,近隣商業,,,2023年第4四半期,,
中古マンション等,成約価格情報,13115,東京都,杉並区,西荻北,西荻窪,6.0,35000000,１ＬＤＫ,35,2021年,ＲＣ,,,１低住専,,,2023年第4四半期,,
中古マンション等,成約価格情報,13115,東京都,杉並区,西荻南,西荻窪,5.0,8000000,１Ｒ,15,1984年,ＲＣ,,,１中住専,,,2023年第4四半期,,
中古マンション等,成約価格情報,13115,東京都,杉並区,西荻南,西荻窪,2.0,45000000,１ＬＤＫ,45,1987年,ＳＲＣ,,,商業,,,2023年第4四半期,,
中古マンション等,成約価格情報,13115,東京都,杉並区,西荻南,西荻窪,4.0,69000000,２ＬＤＫ,60,2013年,ＲＣ,,,近隣商業,,,2023年第4四半期,,
中古マンション等,成約価格情報,13115,東京都,杉並区,西荻南,西荻窪,2.0,39000000,３ＬＤＫ,65,1980年,ＲＣ,,,,,,2023年第4四半期,,
中古マンション等,成約価格情報,13115,東京都,杉並区,堀ノ内,東高円寺,9.0,35000000,２ＬＤＫ,60,1979年,ＲＣ,,,,,,2023年第4四半期,,
中古マンション等,成約価格情報,13115,東京都,杉並区,堀ノ内,方南町,10.0,50000000,３ＬＤＫ,80,1976年,ＲＣ,,,１中住専,,,2023年第4四半期,改装済み,
中古マンション等,成約価格情報,13115,東京都,杉並区,堀ノ内,東高円寺,13.0,70000000,３ＬＤＫ,90,2007年,ＲＣ,,,１種住居,,,2023年第4四半期,,
中古マンション等,成約価格情報,13115,東京都,杉並区,堀ノ内,方南町,4.0,45000000,３ＬＤＫ,60,1980年,ＲＣ,,,１種住居,,,2023年第4四半期,,
中古マンション等,成約価格情報,13115,東京都,杉並区,堀ノ内,方南町,10.0,38000000,２ＬＤＫ,55,1988年,ＲＣ,,,１種住居,,,2023年第4四半期,,
中古マンション等,成約価格情報,13115,東京都,杉並区,堀ノ内,方南町,5.0,42000000,３ＬＤＫ,80,1974年,ＲＣ,,,２種住居,,,2023年第4四半期,,
中古マンション等,成約価格情報,13115,東京都,杉並区,宮前,西荻窪,13.0,73000000,３ＬＤＫ,75,2013年,ＲＣ,,,１低住専,,,2023年第4四半期,,
中古マンション等,成約価格情報,13115,東京都,杉並区,宮前,久我山,12.0,69000000,２ＬＤＫ＋Ｓ,80,2008年,ＲＣ,,,準住居,,,2023年第4四半期,,
中古マンション等,成約価格情報,13115,東京都,杉並区,宮前,西荻窪,13.0,73000000,３ＬＤＫ,90,1984年,ＲＣ,,,１低住専,,,2023年第4四半期,,
中古マンション等,成約価格情報,13115,東京都,杉並区,宮前,富士見ケ丘,12.0,33000000,３ＬＤＫ,85,2000年,ＲＣ,,,準工業,,,2023年第4四半期,,
中古マンション等,成約価格情報,13115,東京都,杉並区,井草,井荻,13.0,58000000,３ＬＤＫ,80,2007年,ＲＣ,,,１中住専,,,2024年第1四半期,,
中古マンション等,成約価格情報,13115,東京都,杉並区,井草,井荻,7.0,78000000,３ＬＤＫ,70,2022年,ＲＣ,,,１低住専,,,2024年第1四半期,,
中古マンション等,成約価格情報,13115,東京都,杉並区,今川,西荻窪,22.0,48000000,２ＬＤＫ,65,1974年,ＲＣ,,,２中住専,,,2024年第1四半期,改装済み,
中古マンション等,成約価格情報,13115,東京都,杉並区,永福,明大前,4.0,38000000,１ＬＤＫ＋Ｓ,55,1971年,ＳＲＣ,,,商業,,,2024年第1四半期,,
中古マンション等,成約価格情報,13115,東京都,杉並区,荻窪,荻窪,8.0,43000000,１ＬＤＫ,50,2008年,ＲＣ,,,商業,,,2024年第1四半期,,
中古マンション等,成約価格情報,13115,東京都,杉並区,荻窪,荻窪,3.0,54000000,１ＬＤＫ,35,2021年,ＲＣ,,,２種住居,,,2024年第1四半期,,
中古マンション等,成約価格情報,13115,東京都,杉並区,荻窪,荻窪,2.0,43000000,２ＬＤＫ,55,1983年,ＲＣ,,,商業,,,2024年第1四半期,,
中古マンション等,成約価格情報,13115,東京都,杉並区,荻窪,荻窪,3.0,84000000,２ＬＤＫ,65,2006年,ＲＣ,,,近隣商業,,,2024年第1四半期,,
中古マンション等,成約価格情報,13115,東京都,杉並区,荻窪,荻窪,5.0,100000000,３ＬＤＫ,75,2012年,ＲＣ,,,近隣商業,,,2024年第1四半期,,
中古マンション等,成約価格情報,13115,東京都,杉並区,荻窪,荻窪,8.0,90000000,３ＬＤＫ,85,2008年,ＲＣ,,,１低住専,,,2024年第1四半期,,
中古マンション等,成約価格情報,13115,東京都,杉並区,荻窪,荻窪,5.0,110000000,３ＬＤＫ,75,2011年,ＲＣ,,,１中住専,,,2024年第1四半期,,
中古マンション等,成約価格情報,13115,東京都,杉並区,荻窪,荻窪,15.0,90000000,３ＬＤＫ,70,2017年,ＲＣ,,,１低住専,,,2024年第1四半期,,
中古マンション等,成約価格情報,13115,東京都,杉並区,荻窪,荻窪,10.0,65000000,１ＬＤＫ＋Ｓ,65,1998年,ＲＣ,,,１低住専,,,2024年第1四半期,,
中古マンション等,成約価格情報,13115,東京都,杉並区,荻窪,荻窪,2.0,18000000,１Ｋ,20,1992年,ＲＣ,,,商業,,,2024年第1四半期,,
中古マンション等,成約価格情報,13115,東京都,杉並区,上荻,西荻窪,10.0,32000000,３ＬＤＫ,60,1977年,ＲＣ,,,１低住専,,,2024年第1四半期,,
中古マンション等,成約価格情報,13115,東京都,杉並区,上荻,荻窪,4.0,49000000,１ＬＤＫ,40,2019年,ＲＣ,,,近隣商業,,,2024年第1四半期,,
中古マンション等,成約価格情報,13115,東京都,杉並区,上荻,荻窪,3.0,29000000,１ＬＤＫ,45,1983年,ＲＣ,,,商業,,,2024年第1四半期,,
中古マンション等,成約価格情報,13115,東京都,杉並区,上荻,西荻窪,8.0,66000000,１ＬＤＫ,55,2005年,ＲＣ,,,近隣商業,,,2024年第1四半期,改装済み,
中古マンション等,成約価格情報,13115,東京都,杉並区,高円寺北,高円寺,3.0,36000000,１Ｒ,35,1987年,ＲＣ,,,,,,2024年第1四半期,改装済み,
中古マンション等,成約価格情報,13115,東京都,杉並区,高円寺北,高円寺,6.0,21000000,１Ｋ,25,2005年,ＲＣ,,,近隣商業,,,2024年第1四半期,,
中古マンション等,成約価格情報,13115,東京都,杉並区,高円寺北,高円寺,4.0,32000000,１ＬＤＫ,35,1995年,ＲＣ,,,商業,,,2024年第1四半期,,
中古マンション等,成約価格情報,13115,東京都,杉並区,高円寺北,高円寺,9.0,75000000,１ＬＤＫ,70,1995年,ＲＣ,,,近隣商業,,,2024年第1四半期,改装済み,
中古マンション等,成約価格情報,13115,東京都,杉並区,高円寺北,高円寺,7.0,40000000,２ＬＤＫ,50,1971年,ＲＣ,,,,,,2024年第1四半期,,
中古マンション等,成約価格情報,13115,東京都,杉並区,清水,荻窪,11.0,32000000,２ＬＤＫ,50,1982年,ＲＣ,,,準住居,,,2024年第1四半期,改装済み,
中古マンション等,成約価格情報,13115,東京都,杉並区,清水,井荻,11.0,31000000,２ＤＫ,50,1977年,ＳＲＣ,,,近隣商業,,,2024年第1四半期,,
中古マンション等,成約価格情報,13115,東京都,杉並区,清水,荻窪,9.0,26000000,１ＤＫ,35,1990年,ＲＣ,,,近隣商業,,,2024年第1四半期,改装済み,
中古マンション等,成約価格情報,13115,東京都,杉並区,成田東,南阿佐ケ谷,5.0,67000000,２ＬＤＫ,55,2012年,ＲＣ,,,商業,,,2024年第1四半期,,
中古マンション等,成約価格情報,13115,東京都,杉並区,成田東,浜田山,16.0,59000000,３ＬＤＫ,90,1980年,ＲＣ,,,１低住専,,,2024年第1四半期,,
中古マンション等,成約価格情報,13115,東京都,杉並区,成田東,南阿佐ケ谷,6.0,110000000,３ＬＤＫ,85,2016年,ＲＣ,,,１低住専,,,2024年第1四半期,,
中古マンション等,成約価格情報,13115,東京都,杉並区,成田東,西永福,15.0,70000000,３ＬＤＫ,75,2015年,ＲＣ,,,１低住専,,,2024年第1四半期,,
中古マンション等,成約価格情報,13115,東京都,杉並区,成田東,南阿佐ケ谷,5.0,110000000,２ＬＤＫ,80,2016年,ＲＣ,,,１低住専,,,2024年第1四半期,,
中古マンション等,成約価格情報,13115,東京都,杉並区,成田東,南阿佐ケ谷,6.0,88000000,２ＬＤＫ＋Ｓ,70,2016年,ＲＣ,,,１低住専,,,2024年第1四半期,,
中古マンション等,成約価格情報,13115,東京都,杉並区,成田東,西永福,15.0,71000000,３ＬＤＫ,75,2015年,ＲＣ,,,１低住専,,,2024年第1四半期,,
中古マンション等,成約価格情報,13115,東京都,杉並区,成田東,荻窪,10.0,69000000,２ＬＤＫ＋Ｓ,85,1990年,ＲＣ,,,商業,,,2024年第1四半期,,
中古マンション等,成約価格情報,13115,東京都,杉並区,成田東,南阿佐ケ谷,8.0,7800000,１Ｒ,20,1985年,ＲＣ,,,,,,2024年第1四半期,,
中古マンション等,成約価格情報,13115,東京都,杉並区,南荻窪,荻窪,16.0,55000000,３ＬＤＫ＋Ｓ,75,2018年,ＲＣ,,,近隣商業,,,2024年第1四半期,,
中古マンション等,成約価格情報,13115,東京都,杉並区,南荻窪,荻窪,16.0,47000000,２ＬＤＫ＋Ｓ,65,2018年,ＲＣ,,,近隣商業,,,2024年第1四半期,,
中古マンション等,成約価格情報,13115,東京都,杉並区,南荻窪,荻窪,11.0,19000000,１Ｋ,30,2007年,ＲＣ,,,,,,2024年第1四半期,,
中古マンション等,成約価格情報,13115,東京都,杉並区,南荻窪,荻窪,14.0,89000000,３ＬＤＫ,85,2006年,ＲＣ,,,１低住専,,,2024年第1四半期,,
中古マンション等,成約価格情報,13115,東京都,杉並区,南荻窪,荻窪,9.0,59000000,３ＬＤＫ,75,1983年,ＲＣ,,,１低住専,,,2024年第1四半期,改装済み,
中古マンション等,成約価格情報,13115,東京都,杉並区,井草,井荻,10.0,58000000,３ＬＤＫ,80,2007年,ＲＣ,,,１中住専,,,2024年第2四半期,,
中古マンション等,成約価格情報,13115,東京都,杉並区,井草,井荻,10.0,62000000,２ＬＤＫ,75,2007年,ＲＣ,,,１中住専,,,2024年第2四半期,,
中古マンション等,成約価格情報,13115,東京都,杉並区,井草,井荻,6.0,11000000,１Ｒ,20,1991年,ＲＣ,,,２中住専,,,2024年第2四半期,,
中古マンション等,成約価格情報,13115,東京都,杉並区,井草,井荻,10.0,60000000,３ＬＤＫ,75,2007年,ＲＣ,,,１中住専,,,2024年第2四半期,,
中古マンション等,成約価格情報,13115,東京都,杉並区,荻窪,荻窪,10.0,69000000,２ＬＤＫ,65,2007年,ＲＣ,,,１低住専,,,2024年第2四半期,,
中古マンション等,成約価格情報,13115,東京都,杉並区,荻窪,荻窪,6.0,60000000,１ＬＤＫ,40,2021年,ＲＣ,,,商業,,,2024年第2四半期,,
中古マンション等,成約価格情報,13115,東京都,杉並区,荻窪,荻窪,12.0,62000000,２ＬＤＫ,55,2017年,ＲＣ,,,１低住専,,,2024年第2四半期,,
中古マンション等,成約価格情報,13115,東京都,杉並区,荻窪,荻窪,2.0,22000000,２Ｋ,35,1971年,ＲＣ,,,近隣商業,,,2024年第2四半期,,
中古マンション等,成約価格情報,13115,東京都,杉並区,荻窪,荻窪,10.0,80000000,３ＬＤＫ,70,2011年,ＲＣ,,,近隣商業,,,2024年第2四半期,,
中古マンション等,成約価格情報,13115,東京都,杉並区,荻窪,荻窪,10.0,61000000,２ＬＤＫ,55,2011年,ＲＣ,,,近隣商業,,,2024年第2四半期,,
中古マンション等,成約価格情報,13115,東京都,杉並区,荻窪,荻窪,,34000000,１ＬＤＫ,45,2000年,ＲＣ,,,準住居,,,2024年第2四半期,改装済み,
中古マンション等,成約価格情報,13115,東京都,杉並区,荻窪,荻窪,4.0,65000000,１ＬＤＫ,65,2006年,ＲＣ,,,１低住専,,,2024年第2四半期,,
中古マンション等,成約価格情報,13115,東京都,杉並区,荻窪,荻窪,3.0,15000000,１Ｒ,30,1987年,ＳＲＣ,,,商業,,,2024年第2四半期,,
中古マンション等,成約価格情報,13115,東京都,杉並区,荻窪,荻窪,15.0,88000000,３ＬＤＫ,70,2017年,ＲＣ,,,１低住専,,,2024年第2四半期,,
中古マンション等,成約価格情報,13115,東京都,杉並区,荻窪,荻窪,15.0,86000000,３ＬＤＫ,70,2017年,ＲＣ,,,１低住専,,,2024年第2四半期,,
中古マンション等,成約価格情報,13115,東京都,杉並区,荻窪,荻窪,8.0,91000000,２ＬＤＫ,75,2008年,ＲＣ,,,商業,,,2024年第2四半期,,
中古マンション等,成約価格情報,13115,東京都,杉並区,荻窪,荻窪,4.0,45000000,１ＬＤＫ,40,2005年,ＲＣ,,,近隣商業,,,2024年第2四半期,,
中古マンション等,成約価格情報,13115,東京都,杉並区,荻窪,荻窪,2.0,28000000,１ＤＫ,35,1972年,ＳＲＣ,,,,,,2024年第2四半期,,
中古マンション等,成約価格情報,13115,東京都,杉並区,荻窪,荻窪,15.0,93000000,３ＬＤＫ,70,2017年,ＲＣ,,,１低住専,,,2024年第2四半期,,
中古マンション等,成約価格情報,13115,東京都,杉並区,荻窪,荻窪,6.0,12000000,２Ｋ,40,1972年,ＲＣ,,,,,,2024年第2四半期,,
中古マンション等,成約価格情報,13115,東京都,杉並区,上荻,荻窪,7.0,58000000,２ＬＤＫ,55,2006年,ＲＣ,,,近隣商業,,,2024年第2四半期,,
中古マンション等,成約価格情報,13115,東京都,杉並区,上荻,荻窪,12.0,83000000,１ＬＤＫ＋Ｓ,95,2001年,ＲＣ,,,１低住専,,,2024年第2四半期,,
中古マンション等,成約価格情報,13115,東京都,杉並区,上荻,西荻窪,15.0,64000000,３ＬＤＫ,75,1979年,ＳＲＣ,,,商業,,,2024年第2四半期,,
中古マンション等,成約価格情報,13115,東京都,杉並区,上荻,西荻窪,7.0,34000000,２ＬＤＫ,55,1971年,ＳＲＣ,,,近隣商業,,,2024年第2四半期,,
中古マンション等,成約価格情報,13115,東京都,杉並区,上荻,荻窪,6.0,41000000,２ＤＫ,45,1997年,ＲＣ,,,商業,,,2024年第2四半期,,
中古マンション等,成約価格情報,13115,東京都,杉並区,上荻,西荻窪,14.0,28000000,２ＬＤＫ,50,1970年,ＲＣ,,,,,,2024年第2四半期,,
中古マンション等,成約価格情報,13115,東京都,杉並区,上荻,西荻窪,9.0,75000000,１ＬＤＫ＋Ｓ,55,2022年,ＲＣ,,,近隣商業,,,2024年第2四半期,,
中古マンション等,成約価格情報,13115,東京都,杉並区,上荻,西荻窪,15.0,65000000,１ＬＤＫ,95,1979年,ＳＲＣ,,,商業,,,2024年第2四半期,,
中古マンション等,成約価格情報,13115,東京都,杉並区,上荻,荻窪,6.0,85000000,２ＬＤＫ,90,1997年,ＲＣ,,,近隣商業,,,2024年第2四半期,,
中古マンション等,成約価格情報,13115,東京都,杉並区,高円寺北,高円寺,7.0,31000000,１ＤＫ,30,2006年,ＲＣ,,,１中住専,,,2024年第2四半期,,
中古マンション等,成約価格情報,13115,東京都,杉並区,高円寺北,高円寺,8.0,25000000,１ＬＤＫ＋Ｓ,35,1971年,ＳＲＣ,,,,,,2024年第2四半期,,
中古マンション等,成約価格情報,13115,東京都,杉並区,清水,荻窪,14.0,55000000,２ＬＤＫ,60,2016年,ＲＣ,,,準住居,,,2024年第2四半期,,
中古マンション等,成約価格情報,13115,東京都,杉並区,善福寺,西荻窪,13.0,74000000,１ＬＤＫ＋Ｓ,85,2008年,ＲＣ,,,１低住専,,,2024年第2四半期,,
中古マンション等,成約価格情報,13115,東京都,杉並区,成田東,南阿佐ケ谷,11.0,17000000,１ＤＫ,30,1972年,ＲＣ,,,商業,,,2024年第2四半期,,
中古マンション等,成約価格情報,13115,東京都,杉並区,成田東,荻窪,9.0,62000000,３ＬＤＫ,90,1971年,ＳＲＣ,,,商業,,,2024年第2四半期,,
中古マンション等,成約価格情報,13115,東京都,杉並区,成田東,南阿佐ケ谷,2.0,12000000,１Ｒ,25,1970年,ＲＣ,,,商業,,,2024年第2四半期,改装済み,
中古マンション等,成約価格情報,13115,東京都,杉並区,成田東,南阿佐ケ谷,6.0,81000000,２ＬＤＫ,65,2016年,ＲＣ,,,１低住専,,,2024年第2四半期,,
中古マンション等,成約価格情報,13115,東京都,杉並区,成田東,南阿佐ケ谷,6.0,110000000,３ＬＤＫ,80,2016年,ＲＣ,,,１低住専,,,2024年第2四半期,,
中古マンション等,成約価格情報,13115,東京都,杉並区,成田東,南阿佐ケ谷,6.0,40000000,１ＬＤＫ,45,2006年,ＲＣ,,,１中住専,,,2024年第2四半期,,
中古マンション等,成約価格情報,13115,東京都,杉並区,松ノ木,新高円寺,6.0,74000000,３ＬＤＫ,75,1995年,ＲＣ,,,,,,2024年第2四半期,,
中古マンション等,成約価格情報,13115,東京都,杉並区,南荻窪,西荻窪,13.0,44000000,３ＬＤＫ,70,1990年,ＲＣ,,,１中住専,,,2024年第2四半期,,
中古マンション等,成約価格情報,13115,東京都,杉並区,南荻窪,西荻窪,14.0,52000000,３ＬＤＫ,70,1990年,ＲＣ,,,１中住専,,,2024年第2四半期,,
中古マンション等,成約価格情報,13115,東京都,杉並区,南荻窪,西荻窪,10.0,80000000,３ＬＤＫ,85,1983年,ＲＣ,,,,,,2024年第2四半期,,
中古マンション等,成約価格情報,13115,東京都,杉並区,南荻窪,西荻窪,12.0,60000000,３ＬＤＫ,75,2003年,ＲＣ,,,１低住専,,,2024年第2四半期,,
中古マンション等,成約価格情報,13115,東京都,杉並区,南荻窪,荻窪,5.0,52000000,１ＬＤＫ,45,2009年,ＲＣ,,,１種住居,,,2024年第2四半期,,
中古マンション等,成約価格情報,13115,東京都,杉並区,井草,井荻,10.0,66000000,３ＬＤＫ,80,2007年,ＲＣ,,,１中住専,,,2024年第3四半期,,
中古マンション等,成約価格情報,13115,東京都,杉並区,井草,井荻,5.0,7000000,１Ｒ,15,1984年,ＲＣ,,,２中住専,,,2024年第3四半期,,
中古マンション等,成約価格情報,13115,東京都,杉並区,今川,荻窪,,46000000,２ＬＤＫ,65,1996年,ＲＣ,,,１中住専,,,2024年第3四半期,,
中古マンション等,成約価格情報,13115,東京都,杉並区,永福,明大前,4.0,16000000,１ＤＫ,30,1971年,ＳＲＣ,,,,,,2024年第3四半期,,
中古マンション等,成約価格情報,13115,東京都,杉並区,荻窪,荻窪,4.0,34000000,１ＬＤＫ,55,1969年,ＲＣ,,,２種住居,,,2024年第3四半期,,
中古マンション等,成約価格情報,13115,東京都,杉並区,荻窪,荻窪,5.0,68000000,２ＬＤＫ,65,2003年,ＲＣ,,,商業,,,2024年第3四半期,,
中古マンション等,成約価格情報,13115,東京都,杉並区,荻窪,荻窪,5.0,71000000,１ＬＤＫ,70,2003年,ＳＲＣ,,,商業,,,2024年第3四半期,,
中古マンション等,成約価格情報,13115,東京都,杉並区,荻窪,荻窪,14.0,110000000,３ＬＤＫ,95,2004年,ＲＣ,,,１低住専,,,2024年第3四半期,,
中古マンション等,成約価格情報,13115,東京都,杉並区,荻窪,荻窪,4.0,16000000,１ＤＫ,30,1972年,ＲＣ,,,商業,,,2024年第3四半期,,
中古マンション等,成約価格情報,13115,東京都,杉並区,上荻,西荻窪,10.0,90000000,３ＬＤＫ,95,1998年,ＲＣ,,,１低住専,,,2024年第3四半期,,
中古マンション等,成約価格情報,13115,東京都,杉並区,上荻,西荻窪,10.0,74000000,２ＬＤＫ,80,1998年,ＲＣ,,,１低住専,,,2024年第3四半期,,
中古マンション等,成約価格情報,13115,東京都,杉並区,上荻,荻窪,7.0,72000000,２ＬＤＫ,75,2012年,ＲＣ,,,２中住専,,,2024年第3四半期,,
中古マンション等,成約価格情報,13115,東京都,杉並区,上荻,荻窪,7.0,67000000,２ＬＤＫ,80,2012年,ＲＣ,,,２中住専,,,2024年第3四半期,,
中古マンション等,成約価格情報,13115,東京都,杉並区,上荻,西荻窪,7.0,34000000,２ＬＤＫ,50,1971年,ＳＲＣ,,,,,,2024年第3四半期,,
中古マンション等,成約価格情報,13115,東京都,杉並区,上荻,西荻窪,7.0,34000000,１ＬＤＫ,45,1967年,ＲＣ,,,,,,2024年第3四半期,,
中古マンション等,成約価格情報,13115,東京都,杉並区,高円寺北,高円寺,9.0,21000000,１Ｋ,30,1997年,ＳＲＣ,,,近隣商業,,,2024年第3四半期,,
中古マンション等,成約価格情報,13115,東京都,杉並区,高円寺北,高円寺,3.0,86000000,２ＬＤＫ,60,2001年,ＳＲＣ,,,商業,,,2024年第3四半期,改装済み,
中古マンション等,成約価格情報,13115,東京都,杉並区,高円寺北,高円寺,3.0,12000000,１Ｒ,20,1986年,ＲＣ,,,商業,,,2024年第3四半期,,
中古マンション等,成約価格情報,13115,東京都,杉並区,清水,荻窪,14.0,45000000,１ＬＤＫ,55,2007年,ＲＣ,,,準住居,,,2024年第3四半期,,
中古マンション等,成約価格情報,13115,東京都,杉並区,成田東,南阿佐ケ谷,1.0,40000000,１ＬＤＫ,50,1973年,ＳＲＣ,,,商業,,,2024年第3四半期,,
中古マンション等,成約価格情報,13115,東京都,杉並区,成田東,阿佐ケ谷,14.0,140000000,４ＬＤＫ,100,2016年,ＲＣ,,,１低住専,,,2024年第3四半期,,
中古マンション等,成約価格情報,13115,東京都,杉並区,成田東,西永福,15.0,70000000,３ＬＤＫ,75,2015年,ＲＣ,,,１低住専,,,2024年第3四半期,,
中古マンション等,成約価格情報,13115,東京都,杉並区,成田東,南阿佐ケ谷,1.0,26000000,１ＬＤＫ,35,1973年,ＳＲＣ,,,,,,2024年第3四半期,,
中古マンション等,成約価格情報,13115,東京都,杉並区,成田東,南阿佐ケ谷,6.0,55000000,２ＬＤＫ,55,1992年,ＲＣ,,,商業,,,2024年第3四半期,,
中古マンション等,成約価格情報,13115,東京都,杉並区,成田東,南阿佐ケ谷,6.0,110000000,３ＬＤＫ,80,2016年,ＲＣ,,,１低住専,,,2024年第3四半期,,
中古マンション等,成約価格情報,13115,東京都,杉並区,松ノ木,新高円寺,12.0,39000000,３ＬＤＫ,75,1983年,ＲＣ,,,１種住居,,,2024年第3四半期,,
中古マンション等,成約価格情報,13115,東京都,杉並区,松ノ木,新高円寺,13.0,65000000,１ＬＤＫ＋Ｓ,75,2007年,ＲＣ,,,１低住専,,,2024年第3四半期,,
中古マンション等,成約価格情報,13115,東京都,杉並区,南荻窪,荻窪,12.0,42000000,２ＬＤＫ,75,1976年,ＲＣ,,,１低住専,,,2024年第3四半期,,
中古マンション等,成約価格情報,13115,東京都,杉並区,井草,下井草,7.0,6600000,１Ｋ,20,1990年,ＲＣ,,,１種住居,,,2024年第4四半期,,
中古マンション等,成約価格情報,13115,東京都,杉並区,井草,下井草,2.0,13000000,２Ｋ,35,1979年,ＲＣ,,,近隣商業,,,2024年第4四半期,,
中古マンション等,成約価格情報,13115,東京都,杉並区,井草,井荻,2.0,53000000,１ＬＤＫ＋Ｓ,45,2024年,ＲＣ,,,１低住専,,,2024年第4四半期,,
中古マンション等,成約価格情報,13115,東京都,杉並区,井草,井荻,13.0,63000000,３ＬＤＫ,75,2007年,ＲＣ,,,１中住専,,,2024年第4四半期,,
中古マンション等,成約価格情報,13115,東京都,杉並区,井草,井荻,8.0,69000000,２ＬＤＫ,60,2022年,ＲＣ,,,１低住専,,,2024年第4四半期,,
中古マンション等,成約価格情報,13115,東京都,杉並区,今川,上井草,17.0,42000000,２ＬＤＫ,65,1994年,ＲＣ,,,２中住専,,,2024年第4四半期,,
中古マンション等,成約価格情報,13115,東京都,杉並区,永福,永福町,9.0,11000000,１Ｋ,20,1992年,ＲＣ,,,準住居,,,2024年第4四半期,,
中古マンション等,成約価格情報,13115,東京都,杉並区,永福,西永福,6.0,75000000,２ＬＤＫ,90,1980年,ＲＣ,,,準住居,,,2024年第4四半期,改装済み,
中古マンション等,成約価格情報,13115,東京都,杉並区,永福,明大前,3.0,16000000,１Ｒ,30,1971年,ＳＲＣ,,,１中住専,,,2024年第4四半期,,
中古マンション等,成約価格情報,13115,東京都,杉並区,永福,永福町,5.0,68000000,２ＬＤＫ,55,2004年,ＲＣ,,,１低住専,,,2024年第4四半期,,
中古マンション等,成約価格情報,13115,東京都,杉並区,永福,永福町,6.0,80000000,３ＬＤＫ,110,1990年,ＲＣ,,,１低住専,,,2024年第4四半期,,
中古マンション等,成約価格情報,13115,東京都,杉並区,永福,永福町,5.0,51000000,１ＬＤＫ,40,2004年,ＲＣ,,,１低住専,,,2024年第4四半期,,
中古マンション等,成約価格情報,13115,東京都,杉並区,永福,永福町,6.0,80000000,３ＬＤＫ,110,1990年,ＲＣ,,,１低住専,,,2024年第4四半期,,
中古マンション等,成約価格情報,13115,東京都,杉並区,荻窪,荻窪,9.0,59000000,２ＬＤＫ,60,1996年,ＳＲＣ,,,商業,,,2024年第4四半期,,
中古マンション等,成約価格情報,13115,東京都,杉並区,荻窪,荻窪,2.0,19000000,１ＬＤＫ,45,1970年,ＲＣ,,,商業,,,2024年第4四半期,,
中古マンション等,成約価格情報,13115,東京都,杉並区,荻窪,荻窪,2.0,26000000,１ＬＤＫ,40,1971年,ＲＣ,,,,,,2024年第4四半期,,
中古マンション等,成約価格情報,13115,東京都,杉並区,荻窪,荻窪,15.0,88000000,３ＬＤＫ,70,2017年,ＲＣ,,,１低住専,,,2024年第4四半期,,
中古マンション等,成約価格情報,13115,東京都,杉並区,荻窪,荻窪,2.0,16000000,１Ｋ,25,1987年,ＳＲＣ,,,,,,2024年第4四半期,改装済み,
中古マンション等,成約価格情報,13115,東京都,杉並区,荻窪,荻窪,8.0,45000000,１ＬＤＫ,50,2008年,ＲＣ,,,商業,,,2024年第4四半期,,
中古マンション等,成約価格情報,13115,東京都,杉並区,荻窪,荻窪,4.0,46000000,２ＬＤＫ,65,1969年,ＲＣ,,,,,,2024年第4四半期,,
中古マンション等,成約価格情報,13115,東京都,杉並区,荻窪,荻窪,3.0,61000000,２ＬＤＫ,50,2006年,ＲＣ,,,近隣商業,,,2024年第4四半期,,
中古マンション等,成約価格情報,13115,東京都,杉並区,荻窪,荻窪,4.0,52000000,１ＬＤＫ,35,2021年,ＲＣ,,,２種住居,,,2024年第4四半期,,
中古マンション等,成約価格情報,13115,東京都,杉並区,荻窪,荻窪,18.0,23000000,２ＤＫ,50,1992年,ＲＣ,,,１低住専,,,2024年第4四半期,,
中古マンション等,成約価格情報,13115,東京都,杉並区,荻窪,荻窪,7.0,17000000,１Ｒ,35,1973年,,,,,,,2024年第4四半期,,
中古マンション等,成約価格情報,13115,東京都,杉並区,上荻,荻窪,8.0,23000000,１Ｋ,20,2009年,ＲＣ,,,,,,2024年第4四半期,,
中古マンション等,成約価格情報,13115,東京都,杉並区,上荻,荻窪,5.0,50000000,２ＬＤＫ,55,1973年,ＲＣ,,,,,,2024年第4四半期,,
中古マンション等,成約価格情報,13115,東京都,杉並区,上荻,西荻窪,17.0,15000000,１ＬＤＫ,45,1974年,ＳＲＣ,,,商業,,,2024年第4四半期,改装済み,
中古マンション等,成約価格情報,13115,東京都,杉並区,上荻,西荻窪,11.0,42000000,３ＬＤＫ,65,1977年,ＲＣ,,,,,,2024年第4四半期,,
中古マンション等,成約価格情報,13115,東京都,杉並区,上荻,荻窪,7.0,15000000,１ＤＫ,35,1974年,ＳＲＣ,,,商業,,,2024年第4四半期,,
中古マンション等,成約価格情報,13115,東京都,杉並区,高円寺北,高円寺,10.0,60000000,１ＬＤＫ,45,2022年,ＲＣ,,,近隣商業,,,2024年第4四半期,,
中古マンション等,成約価格情報,13115,東京都,杉並区,高円寺北,高円寺,3.0,23000000,１ＤＫ,25,1989年,ＲＣ,,,,,,2024年第4四半期,,
中古マンション等,成約価格情報,13115,東京都,杉並区,高円寺北,高円寺,1.0,67000000,１ＬＤＫ,50,2009年,ＲＣ,,,商業,,,2024年第4四半期,,
中古マンション等,成約価格情報,13115,東京都,杉並区,高円寺北,高円寺,4.0,42000000,１ＬＤＫ,35,2008年,ＲＣ,,,商業,,,2024年第4四半期,,
中古マンション等,成約価格情報,13115,東京都,杉並区,清水,荻窪,14.0,53000000,２ＬＤＫ,60,2007年,ＲＣ,,,準住居,,,2024年第4四半期,,
中古マンション等,成約価格情報,13115,東京都,杉並区,善福寺,西荻窪,16.0,60000000,３ＬＤＫ,80,1995年,ＲＣ,,,,,,2024年第4四半期,,
中古マンション等,成約価格情報,13115,東京都,杉並区,成田東,南阿佐ケ谷,13.0,72000000,２ＬＤＫ,75,2010年,ＲＣ,,,１低住専,,,2024年第4四半期,,
中古マンション等,成約価格情報,13115,東京都,杉並区,成田東,南阿佐ケ谷,14.0,65000000,３ＬＤＫ,75,2003年,ＲＣ,,,１低住専,,,2024年第4四半期,,
中古マンション等,成約価格情報,13115,東京都,杉並区,成田東,南阿佐ケ谷,6.0,100000000,２ＬＤＫ,70,2016年,ＲＣ,,,１低住専,,,2024年第4四半期,,
中古マンション等,成約価格情報,13115,東京都,杉並区,成田東,南阿佐ケ谷,11.0,12000000,２ＤＫ,40,1972年,ＲＣ,,,近隣商業,,,2024年第4四半期,,
中古マンション等,成約価格情報,13115,東京都,杉並区,成田東,南阿佐ケ谷,5.0,55000000,２ＬＤＫ,55,1990年,ＳＲＣ,,,商業,,,2024年第4四半期,,
中古マンション等,成約価格情報,13115,東京都,杉並区,成田東,南阿佐ケ谷,1.0,25000000,１ＤＫ,35,1973年,ＳＲＣ,,,商業,,,2024年第4四半期,,
中古マンション等,成約価格情報,13115,東京都,杉並区,成田東,南阿佐ケ谷,7.0,97000000,３ＬＤＫ,80,2003年,ＲＣ,,,１低住専,,,2024年第4四半期,,
中古マンション等,成約価格情報,13115,東京都,杉並区,南荻窪,荻窪,14.0,81000000,２ＬＤＫ,70,2006年,ＲＣ,,,１低住専,,,2024年第4四半期,改装済み,
中古マンション等,成約価格情報,13115,東京都,杉並区,阿佐谷北,阿佐ケ谷,8.0,39000000,２ＬＤＫ,55,1969年,ＲＣ,,,１低住専,,,2024年第1四半期,,
中古マンション等,成約価格情報,13115,東京都,杉並区,阿佐谷北,阿佐ケ谷,9.0,50000000,１ＬＤＫ＋Ｓ,70,2017年,軽量鉄骨造,,,１中住専,,,2024年第1四半期,,
中古マンション等,成約価格情報,13115,東京都,杉並区,阿佐谷北,阿佐ケ谷,3.0,42000000,１ＤＫ,45,2002年,ＳＲＣ,,,商業,,,2024年第1四半期,,
中古マンション等,成約価格情報,13115,東京都,杉並区,阿佐谷北,阿佐ケ谷,7.0,13000000,１Ｒ,20,1995年,ＲＣ,,,２種住居,,,2024年第1四半期,,
中古マンション等,成約価格情報,13115,東京都,杉並区,阿佐谷北,阿佐ケ谷,5.0,10000000,１Ｋ,20,1991年,ＲＣ,,,２種住居,,,2024年第1四半期,,
中古マンション等,成約価格情報,13115,東京都,杉並区,阿佐谷南,南阿佐ケ谷,2.0,63000000,１Ｒ,65,2012年,ＲＣ,,,商業,,,2024年第1四半期,,
中古マンション等,成約価格情報,13115,東京都,杉並区,阿佐谷南,阿佐ケ谷,2.0,130000000,３ＬＤＫ,75,2011年,ＲＣ,,,,,,2024年第1四半期,,
中古マンション等,成約価格情報,13115,東京都,杉並区,阿佐谷南,阿佐ケ谷,4.0,72000000,３ＬＤＫ,65,2011年,ＲＣ,,,１中住専,,,2024年第1四半期,,
中古マンション等,成約価格情報,13115,東京都,杉並区,阿佐谷南,阿佐ケ谷,3.0,30000000,１Ｋ,30,2016年,ＲＣ,,,商業,,,2024年第1四半期,,
中古マンション等,成約価格情報,13115,東京都,杉並区,和泉,明大前,10.0,56000000,３ＬＤＫ,65,1999年,ＲＣ,,,１中住専,,,2024年第1四半期,,
中古マンション等,成約価格情報,13115,東京都,杉並区,和泉,代田橋,3.0,30000000,１ＬＤＫ,40,1989年,ＲＣ,,,１中住専,,,2024年第1四半期,,
中古マンション等,成約価格情報,13115,東京都,杉並区,和泉,代田橋,6.0,64000000,２ＬＤＫ＋Ｓ,70,2011年,ＲＣ,,,近隣商業,,,2024年第1四半期,,
中古マンション等,成約価格情報,13115,東京都,杉並区,和泉,代田橋,5.0,39000000,１ＬＤＫ,40,2011年,ＲＣ,,,近隣商業,,,2024年第1四半期,,
中古マンション等,成約価格情報,13115,東京都,杉並区,上井草,井荻,2.0,33000000,２ＤＫ,45,2002年,ＲＣ,,,近隣商業,,,2024年第1四半期,,
中古マンション等,成約価格情報,13115,東京都,杉並区,上井草,井荻,5.0,12000000,２ＤＫ,35,1978年,ＲＣ,,,１低住専,,,2024年第1四半期,,
中古マンション等,成約価格情報,13115,東京都,杉並区,上井草,上井草,5.0,68000000,３ＬＤＫ,70,2017年,ＲＣ,,,１低住専,,,2024年第1四半期,,
中古マンション等,成約価格情報,13115,東京都,杉並区,上井草,上井草,6.0,36000000,２ＬＤＫ,55,1984年,ＲＣ,,,１低住専,,,2024年第1四半期,,
中古マンション等,成約価格情報,13115,東京都,杉並区,上井草,井荻,10.0,73000000,３ＬＤＫ,75,2008年,ＲＣ,,,２中住専,,,2024年第1四半期,,
中古マンション等,成約価格情報,13115,東京都,杉並区,上高井戸,八幡山,4.0,26000000,１ＬＤＫ,45,1978年,ＲＣ,,,２中住専,,,2024年第1四半期,,
中古マンション等,成約価格情報,13115,東京都,杉並区,上高井戸,芦花公園,4.0,37000000,１ＬＤＫ,40,2018年,ＲＣ,,,準住居,,,2024年第1四半期,,
中古マンション等,成約価格情報,13115,東京都,杉並区,松庵,西荻窪,5.0,9000000,１Ｒ,15,1983年,ＲＣ,,,近隣商業,,,2024年第1四半期,,
中古マンション等,成約価格情報,13115,東京都,杉並区,松庵,三鷹台,12.0,24000000,２ＤＫ,50,1983年,ＲＣ,,,準住居,,,2024年第1四半期,,
中古マンション等,成約価格情報,13115,東京都,杉並区,浜田山,西永福,7.0,93000000,３ＬＤＫ,80,2007年,ＲＣ,,,１低住専,,,2024年第1四半期,,
中古マンション等,成約価格情報,13115,東京都,杉並区,浜田山,浜田山,9.0,75000000,２ＬＤＫ,85,1990年,ＲＣ,,,１低住専,,,2024年第1四半期,,
中古マンション等,成約価格情報,13115,東京都,杉並区,浜田山,浜田山,7.0,45000000,２ＬＤＫ,60,1978年,ＲＣ,,,１低住専,,,2024年第1四半期,改装済み,
中古マンション等,成約価格情報,13115,東京都,杉並区,浜田山,浜田山,7.0,62000000,１ＬＤＫ,55,2005年,ＲＣ,,,１低住専,,,2024年第1四半期,,
中古マンション等,成約価格情報,13115,東京都,杉並区,浜田山,浜田山,2.0,53000000,１ＬＤＫ,70,2013年,ＲＣ,,,近隣商業,,,2024年第1四半期,,
中古マンション等,成約価格情報,13115,東京都,杉並区,浜田山,浜田山,7.0,130000000,３ＬＤＫ,110,2003年,ＲＣ,,,１低住専,,,2024年第1四半期,,
中古マンション等,成約価格情報,13115,東京都,杉並区,浜田山,西永福,4.0,69000000,３ＬＤＫ,75,1997年,ＳＲＣ,,,,,,2024年第1四半期,,
中古マンション等,成約価格情報,13115,東京都,杉並区,浜田山,浜田山,9.0,82000000,２ＬＤＫ,85,1990年,ＲＣ,,,１低住専,,,2024年第1四半期,,
中古マンション等,成約価格情報,13115,東京都,杉並区,浜田山,浜田山,8.0,90000000,３ＬＤＫ,80,1998年,ＲＣ,,,１低住専,,,2024年第1四半期,,
中古マンション等,成約価格情報,13115,東京都,杉並区,浜田山,西永福,12.0,59000000,３ＬＤＫ,70,1995年,ＲＣ,,,１低住専,,,2024年第1四半期,,
中古マンション等,成約価格情報,13115,東京都,杉並区,浜田山,西永福,8.0,75000000,２ＬＤＫ,60,2007年,ＲＣ,,,１低住専,,,2024年第1四半期,,
中古マンション等,成約価格情報,13115,東京都,杉並区,桃井,荻窪,18.0,14000000,１ＬＤＫ,50,1972年,ＳＲＣ,,,商業,,,2024年第1四半期,,
中古マンション等,成約価格情報,13115,東京都,杉並区,桃井,西荻窪,14.0,38000000,１ＬＤＫ,45,2004年,ＲＣ,,,近隣商業,,,2024年第1四半期,,
中古マンション等,成約価格情報,13115,東京都,杉並区,桃井,西荻窪,18.0,63000000,３ＬＤＫ,90,2005年,ＲＣ,,,準工業,,,2024年第1四半期,,
中古マンション等,成約価格情報,13115,東京都,杉並区,桃井,荻窪,19.0,50000000,１ＬＤＫ＋Ｓ,65,1999年,ＲＣ,,,１低住専,,,2024年第1四半期,,
中古マンション等,成約価格情報,13115,東京都,杉並区,桃井,荻窪,16.0,49000000,２ＬＤＫ,60,2004年,ＲＣ,,,１中住専,,,2024年第1四半期,,
中古マンション等,成約価格情報,13115,東京都,杉並区,桃井,荻窪,12.0,50000000,２ＤＫ,55,2004年,ＲＣ,,,商業,,,2024年第1四半期,,
中古マンション等,成約価格情報,13115,東京都,杉並区,桃井,荻窪,18.0,84000000,２ＬＤＫ,85,2006年,ＲＣ,,,商業,,,2024年第1四半期,,
中古マンション等,成約価格情報,13115,東京都,杉並区,桃井,荻窪,,73000000,２ＬＤＫ,70,2006年,ＲＣ,,,商業,,,2024年第1四半期,,
中古マンション等,成約価格情報,13115,東京都,杉並区,桃井,西荻窪,17.0,85000000,３ＬＤＫ,85,2005年,ＲＣ,,,準工業,,,2024年第1四半期,,
中古マンション等,成約価格情報,13115,東京都,杉並区,和田,東高円寺,12.0,80000000,３ＬＤＫ,80,2012年,ＲＣ,,,２中住専,,,2024年第1四半期,,
中古マンション等,成約価格情報,13115,東京都,杉並区,和田,中野富士見町,5.0,36000000,１ＬＤＫ,40,2012年,ＲＣ,,,準工業,,,2024年第1四半期,,
中古マンション等,成約価格情報,13115,東京都,杉並区,和田,東高円寺,6.0,30000000,２ＬＤＫ,45,1983年,ＳＲＣ,,,近隣商業,,,2024年第1四半期,,
中古マンション等,成約価格情報,13115,東京都,杉並区,和田,中野富士見町,2.0,75000000,３ＬＤＫ,75,2013年,ＲＣ,,,,,,2024年第1四半期,,
中古マンション等,成約価格情報,13115,東京都,杉並区,和田,東高円寺,5.0,59000000,２ＬＤＫ＋Ｓ,85,2007年,ＲＣ,,,１低住専,,,2024年第1四半期,,
中古マンション等,成約価格情報,13115,東京都,杉並区,和田,東高円寺,8.0,25000000,１Ｋ,30,1998年,ＲＣ,,,近隣商業,,,2024年第1四半期,,
中古マンション等,成約価格情報,13115,東京都,杉並区,和田,中野富士見町,6.0,46000000,２ＬＤＫ,65,1970年,ＲＣ,,,近隣商業,,,2024年第1四半期,改装済み,
中古マンション等,成約価格情報,13115,東京都,杉並区,和田,中野富士見町,6.0,65000000,３ＬＤＫ,70,1997年,ＲＣ,,,１低住専,,,2024年第1四半期,,
中古マンション等,成約価格情報,13115,東京都,杉並区,和田,方南町,8.0,84000000,２ＬＤＫ＋Ｓ,75,2000年,ＲＣ,,,,,,2024年第1四半期,,
中古マンション等,成約価格情報,13115,東京都,杉並区,和田,中野富士見町,6.0,65000000,４ＬＤＫ＋Ｓ,100,1981年,鉄骨造,,,準工業,,,2024年第1四半期,,
中古マンション等,成約価格情報,13115,東京都,杉並区,和田,方南町,9.0,60000000,２ＬＤＫ,65,2000年,ＲＣ,,,近隣商業,,,2024年第1四半期,,
中古マンション等,成約価格情報,13115,東京都,杉並区,阿佐谷北,阿佐ケ谷,13.0,16000000,１ＤＫ,35,1979年,ＲＣ,,,近隣商業,,,2024年第2四半期,,
中古マンション等,成約価格情報,13115,東京都,杉並区,阿佐谷北,阿佐ケ谷,8.0,92000000,１ＬＤＫ＋Ｓ,65,2020年,ＲＣ,,,２種住居,,,2024年第2四半期,,
中古マンション等,成約価格情報,13115,東京都,杉並区,阿佐谷北,阿佐ケ谷,14.0,32000000,２ＤＫ,45,1985年,ＲＣ,,,近隣商業,,,2024年第2四半期,,
中古マンション等,成約価格情報,13115,東京都,杉並区,阿佐谷北,阿佐ケ谷,9.0,7000000,１Ｒ,15,1984年,ＲＣ,,,１低住専,,,2024年第2四半期,,
中古マンション等,成約価格情報,13115,東京都,杉並区,阿佐谷北,阿佐ケ谷,9.0,30000000,１ＬＤＫ,40,1976年,ＲＣ,,,１中住専,,,2024年第2四半期,改装済み,
中古マンション等,成約価格情報,13115,東京都,杉並区,阿佐谷南,南阿佐ケ谷,2.0,52000000,１ＬＤＫ,45,2012年,ＲＣ,,,商業,,,2024年第2四半期,,
中古マンション等,成約価格情報,13115,東京都,杉並区,阿佐谷南,阿佐ケ谷,5.0,9600000,１Ｒ,20,1985年,ＲＣ,,,１低住専,,,2024年第2四半期,,
中古マンション等,成約価格情報,13115,東京都,杉並区,阿佐谷南,新高円寺,7.0,64000000,３ＬＤＫ,65,2010年,ＲＣ,,,１低住専,,,2024年第2四半期,,
中古マンション等,成約価格情報,13115,東京都,杉並区,和泉,代田橋,7.0,38000000,１Ｋ,40,1991年,ＲＣ,,,１低住専,,,2024年第2四半期,,
中古マンション等,成約価格情報,13115,東京都,杉並区,和泉,方南町,7.0,71000000,２ＬＤＫ,60,2015年,ＲＣ,,,近隣商業,,,2024年第2四半期,,
中古マンション等,成約価格情報,13115,東京都,杉並区,和泉,方南町,4.0,20000000,１Ｋ,20,2007年,ＲＣ,,,,,,2024年第2四半期,,
中古マンション等,成約価格情報,13115,東京都,杉並区,和泉,方南町,6.0,82000000,３ＬＤＫ,75,2015年,ＲＣ,,,近隣商業,,,2024年第2四半期,,
中古マンション等,成約価格情報,13115,東京都,杉並区,和泉,,,34000000,１Ｋ,35,,,,,,,,2024年第2四半期,,
中古マンション等,成約価格情報,13115,東京都,杉並区,和泉,方南町,7.0,68000000,２ＬＤＫ,60,2015年,ＲＣ,,,近隣商業,,,2024年第2四半期,,
中古マンション等,成約価格情報,13115,東京都,杉並区,上井草,上井草,2.0,43000000,２ＬＤＫ＋Ｓ,55,2013年,ＲＣ,,,１中住専,,,2024年第2四半期,,
中古マンション等,成約価格情報,13115,東京都,杉並区,上井草,上井草,5.0,72000000,３ＬＤＫ,70,2017年,ＲＣ,,,１低住専,,,2024年第2四半期,,
中古マンション等,成約価格情報,13115,東京都,杉並区,上井草,上井草,5.0,73000000,２ＬＤＫ,70,2017年,ＲＣ,,,１低住専,,,2024年第2四半期,,
中古マンション等,成約価格情報,13115,東京都,杉並区,上井草,井荻,11.0,55000000,２ＬＤＫ,75,2008年,ＲＣ,,,１低住専,,,2024年第2四半期,,
中古マンション等,成約価格情報,13115,東京都,杉並区,上井草,上井草,7.0,78000000,４ＬＤＫ,100,2005年,ＲＣ,,,１低住専,,,2024年第2四半期,,
中古マンション等,成約価格情報,13115,東京都,杉並区,上井草,上井草,8.0,56000000,３ＬＤＫ,75,2005年,ＲＣ,,,１低住専,,,2024年第2四半期,,
中古マンション等,成約価格情報,13115,東京都,杉並区,上高井戸,上北沢,9.0,49000000,１ＬＤＫ＋Ｓ,60,1995年,ＲＣ,,,２種住居,,,2024年第2四半期,改装済み,
中古マンション等,成約価格情報,13115,東京都,杉並区,上高井戸,八幡山,4.0,22000000,２ＤＫ,45,1970年,ＳＲＣ,,,近隣商業,,,2024年第2四半期,,
中古マンション等,成約価格情報,13115,東京都,杉並区,上高井戸,芦花公園,4.0,37000000,１ＬＤＫ,35,2018年,ＲＣ,,,準住居,,,2024年第2四半期,,
中古マンション等,成約価格情報,13115,東京都,杉並区,上高井戸,八幡山,7.0,35000000,３ＬＤＫ,70,1981年,ＲＣ,,,準住居,,,2024年第2四半期,,
中古マンション等,成約価格情報,13115,東京都,杉並区,松庵,西荻窪,14.0,83000000,３ＬＤＫ,75,2000年,ＲＣ,,,１低住専,,,2024年第2四半期,,
中古マンション等,成約価格情報,13115,東京都,杉並区,浜田山,浜田山,2.0,9500000,１Ｋ,20,1985年,ＲＣ,,,近隣商業,,,2024年第2四半期,,
中古マンション等,成約価格情報,13115,東京都,杉並区,浜田山,浜田山,4.0,48000000,３ＬＤＫ＋Ｓ,90,1977年,ＲＣ,,,１低住専,,,2024年第2四半期,,
中古マンション等,成約価格情報,13115,東京都,杉並区,浜田山,西永福,5.0,79000000,３ＬＤＫ,70,2013年,ＲＣ,,,,,,2024年第2四半期,,
中古マンション等,成約価格情報,13115,東京都,杉並区,浜田山,浜田山,3.0,53000000,４ＬＤＫ,100,1977年,ＲＣ,,,近隣商業,,,2024年第2四半期,,
中古マンション等,成約価格情報,13115,東京都,杉並区,浜田山,浜田山,2.0,9500000,１Ｋ,20,1985年,ＲＣ,,,近隣商業,,,2024年第2四半期,,
中古マンション等,成約価格情報,13115,東京都,杉並区,桃井,荻窪,18.0,56000000,３ＬＤＫ,75,2000年,ＲＣ,,,１低住専,,,2024年第2四半期,,
中古マンション等,成約価格情報,13115,東京都,杉並区,桃井,西荻窪,15.0,34000000,１ＬＤＫ,55,1984年,ＲＣ,,,準工業,,,2024年第2四半期,,
中古マンション等,成約価格情報,13115,東京都,杉並区,桃井,西荻窪,17.0,90000000,３ＬＤＫ,80,2005年,ＲＣ,,,,,,2024年第2四半期,,
中古マンション等,成約価格情報,13115,東京都,杉並区,桃井,荻窪,,75000000,４ＬＤＫ＋Ｓ,110,1997年,ＲＣ,,,準工業,,,2024年第2四半期,,
中古マンション等,成約価格情報,13115,東京都,杉並区,桃井,西荻窪,17.0,78000000,３ＬＤＫ,80,2005年,ＲＣ,,,準工業,,,2024年第2四半期,,
中古マンション等,成約価格情報,13115,東京都,杉並区,桃井,西荻窪,17.0,90000000,３ＬＤＫ,80,2005年,ＲＣ,,,,,,2024年第2四半期,,
中古マンション等,成約価格情報,13115,東京都,杉並区,和田,東高円寺,8.0,58000000,３ＬＤＫ,70,2000年,ＲＣ,,,１低住専,,,2024年第2四半期,,
中古マンション等,成約価格情報,13115,東京都,杉並区,和田,中野富士見町,6.0,60000000,２ＬＤＫ,75,1991年,ＲＣ,,,準工業,,,2024年第2四半期,,
中古マンション等,成約価格情報,13115,東京都,杉並区,和田,方南町,9.0,95000000,３ＬＤＫ,90,2000年,ＲＣ,,,２中住専,,,2024年第2四半期,,
中古マンション等,成約価格情報,13115,東京都,杉並区,和田,東高円寺,9.0,67000000,２ＬＤＫ,60,2009年,ＲＣ,,,１低住専,,,2024年第2四半期,,
中古マンション等,成約価格情報,13115,東京都,杉並区,和田,中野富士見町,8.0,31000000,１ＤＫ,30,2020年,ＲＣ,,,１中住専,,,2024年第2四半期,,
中古マンション等,成約価格情報,13115,東京都,杉並区,和田,中野富士見町,6.0,39000000,２ＬＤＫ,55,1970年,ＲＣ,,,,,,2024年第2四半期,,
中古マンション等,成約価格情報,13115,東京都,杉並区,和田,東高円寺,6.0,61000000,２ＬＤＫ,65,1997年,ＲＣ,,,１中住専,,,2024年第2四半期,,
中古マンション等,成約価格情報,13115,東京都,杉並区,和田,方南町,9.0,65000000,２ＬＤＫ,65,2000年,ＲＣ,,,近隣商業,,,2024年第2四半期,,
中古マンション等,成約価格情報,13115,東京都,杉並区,阿佐谷北,阿佐ケ谷,9.0,80000000,３ＬＤＫ,100,1990年,ＲＣ,,,,,,2024年第3四半期,,
中古マンション等,成約価格情報,13115,東京都,杉並区,阿佐谷北,阿佐ケ谷,14.0,27000000,１Ｒ,40,1982年,ＲＣ,,,近隣商業,,,2024年第3四半期,,
中古マンション等,成約価格情報,13115,東京都,杉並区,阿佐谷北,阿佐ケ谷,8.0,98000000,２ＬＤＫ,65,2019年,ＲＣ,,,近隣商業,,,2024年第3四半期,,
中古マンション等,成約価格情報,13115,東京都,杉並区,阿佐谷北,阿佐ケ谷,8.0,50000000,１ＬＤＫ,40,2020年,ＲＣ,,,２種住居,,,2024年第3四半期,,
中古マンション等,成約価格情報,13115,東京都,杉並区,阿佐谷北,阿佐ケ谷,4.0,39000000,１ＬＤＫ,50,1986年,,,,,,,2024年第3四半期,,
中古マンション等,成約価格情報,13115,東京都,杉並区,阿佐谷北,阿佐ケ谷,3.0,69000000,１ＬＤＫ＋Ｓ,65,2004年,ＲＣ,,,商業,,,2024年第3四半期,,
中古マンション等,成約価格情報,13115,東京都,杉並区,阿佐谷南,荻窪,7.0,29000000,２ＤＫ,45,1970年,ＳＲＣ,,,商業,,,2024年第3四半期,,
中古マンション等,成約価格情報,13115,東京都,杉並区,阿佐谷南,阿佐ケ谷,10.0,42000000,２ＤＫ＋Ｓ,60,1974年,ＳＲＣ,,,,,,2024年第3四半期,,
中古マンション等,成約価格情報,13115,東京都,杉並区,阿佐谷南,南阿佐ケ谷,9.0,84000000,３ＬＤＫ,75,1994年,ＲＣ,,,,,,2024年第3四半期,,
中古マンション等,成約価格情報,13115,東京都,杉並区,阿佐谷南,荻窪,8.0,34000000,１ＬＤＫ,45,2008年,ＳＲＣ,,,商業,,,2024年第3四半期,,
中古マンション等,成約価格情報,13115,東京都,杉並区,和泉,永福町,5.0,96000000,３ＬＤＫ,80,2016年,ＲＣ,,,１低住専,,,2024年第3四半期,,
中古マンション等,成約価格情報,13115,東京都,杉並区,和泉,方南町,9.0,45000000,１ＬＤＫ,45,2018年,ＲＣ,,,１中住専,,,2024年第3四半期,,
中古マンション等,成約価格情報,13115,東京都,杉並区,上井草,井荻,5.0,21000000,１ＬＤＫ,35,1978年,ＲＣ,,,,,,2024年第3四半期,,
中古マンション等,成約価格情報,13115,東京都,杉並区,上井草,上井草,3.0,48000000,２ＬＤＫ,65,1994年,ＲＣ,,,近隣商業,,,2024年第3四半期,改装済み,
中古マンション等,成約価格情報,13115,東京都,杉並区,上高井戸,高井戸,10.0,47000000,２ＬＤＫ,65,2001年,ＲＣ,,,１種住居,,,2024年第3四半期,,
中古マンション等,成約価格情報,13115,東京都,杉並区,上高井戸,八幡山,3.0,21000000,２ＤＫ,50,1978年,ＲＣ,,,近隣商業,,,2024年第3四半期,,
中古マンション等,成約価格情報,13115,東京都,杉並区,上高井戸,芦花公園,8.0,60000000,２ＬＤＫ,65,2016年,ＲＣ,,,１低住専,,,2024年第3四半期,,
中古マンション等,成約価格情報,13115,東京都,杉並区,上高井戸,芦花公園,8.0,67000000,３ＬＤＫ,70,2016年,ＲＣ,,,１低住専,,,2024年第3四半期,,
中古マンション等,成約価格情報,13115,東京都,杉並区,上高井戸,八幡山,4.0,22000000,１Ｋ,25,2003年,ＲＣ,,,商業,,,2024年第3四半期,,
中古マンション等,成約価格情報,13115,東京都,杉並区,上高井戸,八幡山,2.0,46000000,２ＬＤＫ,60,1987年,ＲＣ,,,２中住専,,,2024年第3四半期,,
中古マンション等,成約価格情報,13115,東京都,杉並区,上高井戸,高井戸,11.0,87000000,３ＬＤＫ,75,2019年,ＲＣ,,,１低住専,,,2024年第3四半期,,
中古マンション等,成約価格情報,13115,東京都,杉並区,松庵,西荻窪,12.0,42000000,１ＬＤＫ,50,2004年,ＲＣ,,,準住居,,,2024年第3四半期,,
中古マンション等,成約価格情報,13115,東京都,杉並区,松庵,三鷹台,12.0,45000000,２ＬＤＫ,55,1983年,ＲＣ,,,準住居,,,2024年第3四半期,改装済み,
中古マンション等,成約価格情報,13115,東京都,杉並区,松庵,西荻窪,14.0,72000000,３ＬＤＫ,80,2000年,ＲＣ,,,１低住専,,,2024年第3四半期,,
中古マンション等,成約価格情報,13115,東京都,杉並区,松庵,三鷹台,10.0,120000000,３ＬＤＫ,85,2022年,ＲＣ,,,１低住専,,,2024年第3四半期,,
中古マンション等,成約価格情報,13115,東京都,杉並区,浜田山,西永福,5.0,95000000,２ＬＤＫ,80,2014年,ＲＣ,,,１低住専,,,2024年第3四半期,,
中古マンション等,成約価格情報,13115,東京都,杉並区,浜田山,西永福,2.0,87000000,２ＬＤＫ,85,2001年,ＲＣ,,,１低住専,,,2024年第3四半期,,
中古マンション等,成約価格情報,13115,東京都,杉並区,浜田山,浜田山,9.0,110000000,３ＬＤＫ,80,2015年,ＲＣ,,,１低住専,,,2024年第3四半期,,
中古マンション等,成約価格情報,13115,東京都,杉並区,桃井,西荻窪,14.0,18000000,１ＤＫ,30,1985年,ＳＲＣ,,,商業,,,2024年第3四半期,,
中古マンション等,成約価格情報,13115,東京都,杉並区,桃井,西荻窪,17.0,24000000,１ＬＤＫ,40,1981年,ＲＣ,,,,,,2024年第3四半期,,
中古マンション等,成約価格情報,13115,東京都,杉並区,桃井,荻窪,9.0,30000000,１ＬＤＫ,35,1995年,ＲＣ,,,準住居,,,2024年第3四半期,,
中古マンション等,成約価格情報,13115,東京都,杉並区,和田,方南町,8.0,57000000,１ＬＤＫ,60,2000年,ＲＣ,,,２中住専,,,2024年第3四半期,,
中古マンション等,成約価格情報,13115,東京都,杉並区,和田,東高円寺,12.0,66000000,２ＬＤＫ,65,2012年,ＲＣ,,,２中住専,,,2024年第3四半期,,
中古マンション等,成約価格情報,13115,東京都,杉並区,和田,方南町,9.0,63000000,２ＬＤＫ,60,2000年,ＲＣ,,,２中住専,,,2024年第3四半期,,
中古マンション等,成約価格情報,13115,東京都,杉並区,和田,方南町,9.0,50000000,２ＬＤＫ,55,1997年,ＲＣ,,,準工業,,,2024年第3四半期,改装済み,
中古マンション等,成約価格情報,13115,東京都,杉並区,和田,中野富士見町,10.0,30000000,１ＬＤＫ,50,1982年,ＲＣ,,,,,,2024年第3四半期,,
中古マンション等,成約価格情報,13115,東京都,杉並区,和田,中野富士見町,5.0,68000000,２ＬＤＫ,55,2012年,ＲＣ,,,準工業,,,2024年第3四半期,,
中古マンション等,成約価格情報,13115,東京都,杉並区,和田,東高円寺,3.0,75000000,２ＬＤＫ,60,2020年,ＲＣ,,,商業,,,2024年第3四半期,,
中古マンション等,成約価格情報,13115,東京都,杉並区,和田,,,35000000,２ＬＫ,40,,,,,,,,2024年第3四半期,,
中古マンション等,成約価格情報,13115,東京都,杉並区,阿佐谷北,阿佐ケ谷,3.0,48000000,１ＬＤＫ,45,2002年,ＳＲＣ,,,商業,,,2024年第4四半期,,
中古マンション等,成約価格情報,13115,東京都,杉並区,阿佐谷北,阿佐ケ谷,8.0,40000000,２ＬＤＫ,55,1969年,ＲＣ,,,１低住専,,,2024年第4四半期,,
中古マンション等,成約価格情報,13115,東京都,杉並区,阿佐谷北,阿佐ケ谷,17.0,45000000,２ＬＤＫ,55,2000年,ＲＣ,,,１種住居,,,2024年第4四半期,,
中古マンション等,成約価格情報,13115,東京都,杉並区,阿佐谷南,南阿佐ケ谷,2.0,120000000,３ＬＤＫ,95,2003年,ＳＲＣ,,,商業,,,2024年第4四半期,,
中古マンション等,成約価格情報,13115,東京都,杉並区,阿佐谷南,阿佐ケ谷,2.0,94000000,２ＬＤＫ,55,2011年,ＲＣ,,,,,,2024年第4四半期,,
中古マンション等,成約価格情報,13115,東京都,杉並区,阿佐谷南,南阿佐ケ谷,4.0,73000000,１ＬＤＫ＋Ｓ,60,2001年,ＲＣ,,,商業,,,2024年第4四半期,,
中古マンション等,成約価格情報,13115,東京都,杉並区,阿佐谷南,阿佐ケ谷,10.0,90000000,３ＬＤＫ,80,1996年,ＲＣ,,,１低住専,,,2024年第4四半期,,
中古マンション等,成約価格情報,13115,東京都,杉並区,和泉,方南町,3.0,24000000,１ＤＫ,35,1971年,ＲＣ,,,,,,2024年第4四半期,,
中古マンション等,成約価格情報,13115,東京都,杉並区,和泉,明大前,11.0,30000000,２ＬＤＫ,65,1970年,ＳＲＣ,,,,,,2024年第4四半期,,
中古マンション等,成約価格情報,13115,東京都,杉並区,和泉,明大前,7.0,58000000,２ＬＤＫ,55,2008年,ＲＣ,,,２種住居,,,2024年第4四半期,,
中古マンション等,成約価格情報,13115,東京都,杉並区,和泉,方南町,10.0,11000000,１Ｒ,20,1998年,ＲＣ,,,,,,2024年第4四半期,,
中古マンション等,成約価格情報,13115,東京都,杉並区,和泉,代田橋,6.0,43000000,１ＬＤＫ＋Ｓ,50,2011年,ＲＣ,,,近隣商業,,,2024年第4四半期,,
中古マンション等,成約価格情報,13115,東京都,杉並区,和泉,方南町,1.0,14000000,１Ｒ,30,1973年,ＳＲＣ,,,商業,,,2024年第4四半期,,
中古マンション等,成約価格情報,13115,東京都,杉並区,和泉,永福町,5.0,83000000,３ＬＤＫ,80,1999年,ＲＣ,,,１低住専,,,2024年第4四半期,,
中古マンション等,成約価格情報,13115,東京都,杉並区,和泉,明大前,7.0,37000000,１ＤＫ,35,2004年,ＲＣ,,,２種住居,,,2024年第4四半期,,
中古マンション等,成約価格情報,13115,東京都,杉並区,和泉,代田橋,5.0,47000000,２ＬＤＫ,50,2011年,ＲＣ,,,近隣商業,,,2024年第4四半期,,
中古マンション等,成約価格情報,13115,東京都,杉並区,和泉,方南町,1.0,34000000,１ＬＤＫ,55,1973年,ＲＣ,,,,,,2024年第4四半期,,
中古マンション等,成約価格情報,13115,東京都,杉並区,和泉,永福町,4.0,30000000,１ＬＤＫ,45,1974年,ＲＣ,,,,,,2024年第4四半期,,
中古マンション等,成約価格情報,13115,東京都,杉並区,和泉,方南町,8.0,89000000,３ＬＤＫ,80,2015年,ＲＣ,,,,,,2024年第4四半期,,
中古マンション等,成約価格情報,13115,東京都,杉並区,上井草,上井草,13.0,55000000,３ＬＤＫ,90,2000年,ＲＣ,,,１低住専,,,2024年第4四半期,,
中古マンション等,成約価格情報,13115,東京都,杉並区,上高井戸,八幡山,4.0,21000000,１ＬＤＫ,45,1970年,ＳＲＣ,,,近隣商業,,,2024年第4四半期,,
中古マンション等,成約価格情報,13115,東京都,杉並区,上高井戸,高井戸,11.0,87000000,３ＬＤＫ,75,2019年,ＲＣ,,,１種住居,,,2024年第4四半期,,
中古マンション等,成約価格情報,13115,東京都,杉並区,上高井戸,芦花公園,1.0,16000000,１Ｋ,20,2000年,ＲＣ,,,１中住専,,,2024年第4四半期,,
中古マンション等,成約価格情報,13115,東京都,杉並区,上高井戸,八幡山,6.0,76000000,２ＬＤＫ,65,2016年,ＲＣ,,,準住居,,,2024年第4四半期,,
中古マンション等,成約価格情報,13115,東京都,杉並区,上高井戸,高井戸,11.0,78000000,３ＬＤＫ,70,2019年,ＲＣ,,,１種住居,,,2024年第4四半期,,
中古マンション等,成約価格情報,13115,東京都,杉並区,松庵,三鷹台,12.0,52000000,１ＬＤＫ＋Ｓ,65,2009年,ＲＣ,,,準住居,,,2024年第4四半期,,
中古マンション等,成約価格情報,13115,東京都,杉並区,松庵,西荻窪,12.0,43000000,１Ｒ,55,2004年,ＲＣ,,,準住居,,,2024年第4四半期,,
中古マンション等,成約価格情報,13115,東京都,杉並区,松庵,西荻窪,16.0,120000000,３ＬＤＫ,80,2022年,ＲＣ,,,１低住専,,,2024年第4四半期,,
中古マンション等,成約価格情報,13115,東京都,杉並区,浜田山,浜田山,8.0,81000000,３ＬＤＫ,95,1987年,ＲＣ,,,準住居,,,2024年第4四半期,,
中古マンション等,成約価格情報,13115,東京都,杉並区,浜田山,浜田山,7.0,28000000,１ＤＫ,30,2005年,ＲＣ,,,準住居,,,2024年第4四半期,,
中古マンション等,成約価格情報,13115,東京都,杉並区,浜田山,西永福,5.0,94000000,３ＬＤＫ,80,2014年,ＲＣ,,,１低住専,,,2024年第4四半期,,
中古マンション等,成約価格情報,13115,東京都,杉並区,浜田山,西永福,3.0,80000000,３ＬＤＫ,95,1997年,ＳＲＣ,,,,,,2024年第4四半期,,
中古マンション等,成約価格情報,13115,東京都,杉並区,浜田山,浜田山,11.0,97000000,１ＬＤＫ＋Ｓ,75,2017年,ＲＣ,,,１低住専,,,2024年第4四半期,,
中古マンション等,成約価格情報,13115,東京都,杉並区,浜田山,西永福,5.0,55000000,２ＬＤＫ,60,2001年,ＲＣ,,,準住居,,,2024年第4四半期,,
中古マンション等,成約価格情報,13115,東京都,杉並区,浜田山,西永福,4.0,86000000,３ＬＤＫ,80,2000年,ＲＣ,,,１低住専,,,2024年第4四半期,,
中古マンション等,成約価格情報,13115,東京都,杉並区,浜田山,西永福,6.0,100000000,３ＬＤＫ,80,2014年,ＲＣ,,,準住居,,,2024年第4四半期,,
中古マンション等,成約価格情報,13115,東京都,杉並区,浜田山,浜田山,9.0,120000000,３ＬＤＫ,75,2023年,ＲＣ,,,１低住専,,,2024年第4四半期,,
中古マンション等,成約価格情報,13115,東京都,杉並区,浜田山,浜田山,4.0,20000000,２ＤＫ,35,1984年,ＲＣ,,,近隣商業,,,2024年第4四半期,,
中古マンション等,成約価格情報,13115,東京都,杉並区,桃井,西荻窪,18.0,77000000,２ＬＤＫ,75,2005年,ＲＣ,,,準工業,,,2024年第4四半期,,
中古マンション等,成約価格情報,13115,東京都,杉並区,桃井,荻窪,,77000000,２ＬＤＫ,80,2006年,ＲＣ,,,商業,,,2024年第4四半期,,
中古マンション等,成約価格情報,13115,東京都,杉並区,桃井,荻窪,,82000000,３ＬＤＫ,90,2005年,ＲＣ,,,準工業,,,2024年第4四半期,,
中古マンション等,成約価格情報,13115,東京都,杉並区,和田,東高円寺,6.0,24000000,１ＤＫ,35,1988年,ＳＲＣ,,,近隣商業,,,2024年第4四半期,,
中古マンション等,成約価格情報,13115,東京都,杉並区,和田,東高円寺,3.0,81000000,２ＬＤＫ,60,2020年,ＲＣ,,,商業,,,2024年第4四半期,,
中古マンション等,成約価格情報,13115,東京都,杉並区,和田,中野富士見町,5.0,44000000,１ＬＤＫ,65,1967年,ＲＣ,,,１中住専,,,2024年第4四半期,,
中古マンション等,成約価格情報,13115,東京都,杉並区,和田,東高円寺,3.0,10000000,１Ｒ,20,1988年,ＲＣ,,,商業,,,2024年第4四半期,,
中古マンション等,成約価格情報,13115,東京都,杉並区,和田,中野富士見町,6.0,67000000,３ＬＤＫ,65,2002年,ＲＣ,,,１低住専,,,2024年第4四半期,,
中古マンション等,成約価格情報,13115,東京都,杉並区,和田,中野富士見町,7.0,80000000,３ＬＤＫ,100,1978年,ＲＣ,,,１低住専,,,2024年第4四半期,,
中古マンション等,成約価格情報,13115,東京都,杉並区,和田,東高円寺,12.0,60000000,３ＬＤＫ,75,2012年,ＲＣ,,,２中住専,,,2024年第4四半期,,
中古マンション等,成約価格情報,13115,東京都,杉並区,和田,中野富士見町,5.0,90000000,３ＬＤＫ,75,2015年,ＲＣ,,,,,,2024年第4四半期,,
中古マンション等,成約価格情報,13115,東京都,杉並区,和田,東高円寺,9.0,60000000,２ＬＤＫ,55,2012年,ＲＣ,,,近隣商業,,,2024年第4四半期,,
中古マンション等,成約価格情報,13115,東京都,杉並区,和田,東高円寺,8.0,11000000,１Ｋ,20,1992年,ＲＣ,,,１中住専,,,2024年第4四半期,,
中古マンション等,成約価格情報,13115,東京都,杉並区,天沼,荻窪,4.0,45000000,１ＬＤＫ,50,2004年,ＲＣ,,,商業,,,2024年第1四半期,,
中古マンション等,成約価格情報,13115,東京都,杉並区,天沼,荻窪,5.0,64000000,３ＬＤＫ,75,1995年,ＲＣ,,,近隣商業,,,2024年第1四半期,,
中古マンション等,成約価格情報,13115,東京都,杉並区,成田西,西永福,12.0,64000000,３ＬＤＫ,80,1995年,ＲＣ,,,１低住専,,,2024年第1四半期,,
中古マンション等,成約価格情報,13115,東京都,杉並区,方南,方南町,7.0,95000000,３ＬＤＫ＋Ｓ,75,2021年,ＲＣ,,,１低住専,,,2024年第1四半期,,
中古マンション等,成約価格情報,13115,東京都,杉並区,方南,方南町,2.0,100000000,３ＬＤＫ,70,2017年,ＲＣ,,,１中住専,,,2024年第1四半期,,
中古マンション等,成約価格情報,13115,東京都,杉並区,方南,方南町,9.0,43000000,１ＬＤＫ,50,1971年,ＳＲＣ,,,１低住専,,,2024年第1四半期,,
中古マンション等,成約価格情報,13115,東京都,杉並区,方南,方南町,9.0,40000000,１ＬＤＫ,45,1971年,ＳＲＣ,,,１低住専,,,2024年第1四半期,改装済み,
中古マンション等,成約価格情報,13115,東京都,杉並区,方南,方南町,7.0,92000000,３ＬＤＫ＋Ｓ,70,2021年,ＲＣ,,,１低住専,,,2024年第1四半期,,
中古マンション等,成約価格情報,13115,東京都,杉並区,方南,方南町,2.0,90000000,３ＬＤＫ,70,2017年,ＲＣ,,,１中住専,,,2024年第1四半期,,
中古マンション等,成約価格情報,13115,東京都,杉並区,天沼,荻窪,5.0,24000000,１Ｋ,25,2003年,ＳＲＣ,,,,,,2024年第2四半期,,
中古マンション等,成約価格情報,13115,東京都,杉並区,天沼,荻窪,5.0,11000000,２Ｋ,30,1973年,ＲＣ,,,１中住専,,,2024年第2四半期,,
中古マンション等,成約価格情報,13115,東京都,杉並区,方南,方南町,7.0,91000000,３ＬＤＫ＋Ｓ,70,2021年,ＲＣ,,,１低住専,,,2024年第2四半期,,
中古マンション等,成約価格情報,13115,東京都,杉並区,方南,方南町,3.0,33000000,１ＬＤＫ＋Ｓ,50,1972年,ＳＲＣ,,,近隣商業,,,2024年第2四半期,,
中古マンション等,成約価格情報,13115,東京都,杉並区,方南,方南町,7.0,96000000,３ＬＤＫ＋Ｓ,70,2021年,ＲＣ,,,１低住専,,,2024年第2四半期,,
中古マンション等,成約価格情報,13115,東京都,杉並区,方南,,,31000000,１Ｋ,25,,,,,,,,2024年第2四半期,,
中古マンション等,成約価格情報,13115,東京都,杉並区,方南,方南町,9.0,88000000,３ＬＤＫ,105,1971年,ＳＲＣ,,,１低住専,,,2024年第2四半期,改装済み,
中古マンション等,成約価格情報,13115,東京都,杉並区,成田西,浜田山,17.0,75000000,３ＬＤＫ,100,1987年,ＲＣ,,,１低住専,,,2024年第3四半期,改装済み,
中古マンション等,成約価格情報,13115,東京都,杉並区,成田西,南阿佐ケ谷,13.0,60000000,３ＬＤＫ,70,2000年,ＲＣ,,,１低住専,,,2024年第3四半期,,
中古マンション等,成約価格情報,13115,東京都,杉並区,方南,方南町,4.0,27000000,２ＤＫ,50,1975年,ＳＲＣ,,,近隣商業,,,2024年第3四半期,,
中古マンション等,成約価格情報,13115,東京都,杉並区,方南,方南町,1.0,33000000,１ＬＤＫ,45,1969年,ＳＲＣ,,,商業,,,2024年第3四半期,,
中古マンション等,成約価格情報,13115,東京都,杉並区,方南,笹塚,11.0,75000000,３ＬＤＫ,75,2005年,ＲＣ,,,１中住専,,,2024年第3四半期,,
中古マンション等,成約価格情報,13115,東京都,杉並区,方南,方南町,2.0,97000000,３ＬＤＫ＋Ｓ,70,2017年,ＲＣ,,,１中住専,,,2024年第3四半期,,
中古マンション等,成約価格情報,13115,東京都,杉並区,方南,方南町,2.0,36000000,１ＬＤＫ,45,1982年,ＳＲＣ,,,近隣商業,,,2024年第3四半期,改装済み,
中古マンション等,成約価格情報,13115,東京都,杉並区,方南,,,23000000,１Ｋ,20,,,,,,,,2024年第3四半期,,
中古マンション等,成約価格情報,13115,東京都,杉並区,方南,方南町,2.0,47000000,１ＬＤＫ,45,2001年,ＲＣ,,,近隣商業,,,2024年第3四半期,改装済み,
中古マンション等,成約価格情報,13115,東京都,杉並区,方南,方南町,4.0,21000000,２ＤＫ,50,1975年,ＳＲＣ,,,近隣商業,,,2024年第3四半期,,
中古マンション等,成約価格情報,13115,東京都,杉並区,天沼,,,24000000,１Ｋ,25,,,,,,,,2024年第4四半期,,
中古マンション等,成約価格情報,13115,東京都,杉並区,天沼,荻窪,2.0,27000000,１ＬＤＫ,35,1986年,ＲＣ,,,商業,,,2024年第4四半期,,
中古マンション等,成約価格情報,13115,東京都,杉並区,成田西,浜田山,16.0,92000000,４ＬＤＫ,100,2003年,ＲＣ,,,１低住専,,,2024年第4四半期,,
中古マンション等,成約価格情報,13115,東京都,杉並区,方南,方南町,7.0,97000000,３ＬＤＫ,75,2021年,ＲＣ,,,１低住専,,,2024年第4四半期,,
中古マンション等,成約価格情報,13115,東京都,杉並区,方南,方南町,2.0,55000000,１ＬＤＫ＋Ｓ,60,2001年,ＲＣ,,,近隣商業,,,2024年第4四半期,改装済み,
中古マンション等,成約価格情報,13115,東京都,杉並区,方南,方南町,4.0,20000000,１ＤＫ,30,1982年,ＳＲＣ,,,近隣商業,,,2024年第4四半期,,
中古マンション等,成約価格情報,13115,東京都,杉並区,方南,方南町,2.0,100000000,２ＬＤＫ＋Ｓ,70,2017年,ＲＣ,,,１中住専,,,2024年第4四半期,,
中古マンション等,成約価格情報,13115,東京都,杉並区,方南,方南町,2.0,100000000,３ＬＤＫ,70,2017年,ＲＣ,,,１中住専,,,2024年第4四半期,,
中古マンション等,成約価格情報,13115,東京都,杉並区,方南,,,35000000,２ＤＫ,45,,,,,,,,2024年第4四半期,,
中古マンション等,成約価格情報,13115,東京都,杉並区,方南,代田橋,9.0,37000000,２ＤＫ,45,2007年,ＲＣ,,,,,,2024年第4四半期,,
中古マンション等,成約価格情報,13115,東京都,杉並区,梅里,新高円寺,5.0,9300000,１Ｋ,25,1971年,ＳＲＣ,,,商業,,,2024年第1四半期,,
中古マンション等,成約価格情報,13115,東京都,杉並区,梅里,新高円寺,2.0,37000000,２ＬＤＫ,60,1973年,ＳＲＣ,,,商業,,,2024年第1四半期,,
中古マンション等,成約価格情報,13115,東京都,杉並区,梅里,新高円寺,5.0,12000000,２Ｋ,40,1971年,ＳＲＣ,,,商業,,,2024年第1四半期,,
中古マンション等,成約価格情報,13115,東京都,杉並区,梅里,新高円寺,7.0,20000000,１Ｒ,35,1991年,鉄骨造,,,２低住専,,,2024年第1四半期,,
中古マンション等,成約価格情報,13115,東京都,杉並区,梅里,,,26000000,１Ｋ,30,,,,,,,,2024年第1四半期,,
中古マンション等,成約価格情報,13115,東京都,杉並区,梅里,新高円寺,2.0,14000000,１ＬＤＫ,35,1974年,ＳＲＣ,,,商業,,,2024年第1四半期,,
中古マンション等,成約価格情報,13115,東京都,杉並区,梅里,,,19000000,１Ｋ,20,,,,,,,,2024年第1四半期,,
中古マンション等,成約価格情報,13115,東京都,杉並区,梅里,新高円寺,7.0,26000000,１ＤＫ,40,1973年,ＳＲＣ,,,,,,2024年第1四半期,,
中古マンション等,成約価格情報,13115,東京都,杉並区,久我山,久我山,8.0,71000000,３ＬＤＫ,85,2010年,ＲＣ,,,準工業,,,2024年第1四半期,,
中古マンション等,成約価格情報,13115,東京都,杉並区,久我山,久我山,4.0,25000000,１ＬＤＫ,45,1968年,鉄骨造,,,近隣商業,,,2024年第1四半期,,
中古マンション等,成約価格情報,13115,東京都,杉並区,久我山,富士見ケ丘,1.0,43000000,２ＬＤＫ,55,1977年,ＳＲＣ,,,近隣商業,,,2024年第1四半期,改装済み,
中古マンション等,成約価格情報,13115,東京都,杉並区,久我山,富士見ケ丘,7.0,60000000,２ＬＤＫ,60,2006年,ＲＣ,,,１低住専,,,2024年第1四半期,,
中古マンション等,成約価格情報,13115,東京都,杉並区,久我山,久我山,4.0,17000000,３Ｋ,45,1968年,ＲＣ,,,１中住専,,,2024年第1四半期,,
中古マンション等,成約価格情報,13115,東京都,杉並区,高円寺南,東高円寺,5.0,11000000,１Ｒ,20,1991年,ＲＣ,,,近隣商業,,,2024年第1四半期,,
中古マンション等,成約価格情報,13115,東京都,杉並区,高円寺南,東高円寺,2.0,29000000,１Ｋ,30,2007年,ＲＣ,,,１中住専,,,2024年第1四半期,,
中古マンション等,成約価格情報,13115,東京都,杉並区,高円寺南,東高円寺,4.0,62000000,２ＬＤＫ＋Ｓ,70,2016年,軽量鉄骨造,,,１中住専,,,2024年第1四半期,,
中古マンション等,成約価格情報,13115,東京都,杉並区,高円寺南,東高円寺,6.0,64000000,２ＬＤＫ＋Ｓ,70,2000年,ＲＣ,,,近隣商業,,,2024年第1四半期,,
中古マンション等,成約価格情報,13115,東京都,杉並区,高円寺南,新高円寺,4.0,52000000,３ＬＤＫ,90,1982年,ＲＣ,,,１中住専,,,2024年第1四半期,,
中古マンション等,成約価格情報,13115,東京都,杉並区,高円寺南,中野(東京),9.0,83000000,２ＬＤＫ,60,2015年,ＲＣ,,,１低住専,,,2024年第1四半期,,
中古マンション等,成約価格情報,13115,東京都,杉並区,高円寺南,東高円寺,1.0,21000000,１ＬＤＫ,40,1974年,ＳＲＣ,,,商業,,,2024年第1四半期,,
中古マンション等,成約価格情報,13115,東京都,杉並区,高円寺南,高円寺,9.0,46000000,１ＬＤＫ,40,2005年,ＲＣ,,,近隣商業,,,2024年第1四半期,,
中古マンション等,成約価格情報,13115,東京都,杉並区,高円寺南,中野(東京),8.0,65000000,２ＬＤＫ,60,1999年,ＲＣ,,,１低住専,,,2024年第1四半期,,
中古マンション等,成約価格情報,13115,東京都,杉並区,高円寺南,東高円寺,6.0,67000000,３ＬＤＫ,75,2000年,ＲＣ,,,,,,2024年第1四半期,,
中古マンション等,成約価格情報,13115,東京都,杉並区,高円寺南,新高円寺,4.0,50000000,２ＬＤＫ,55,1996年,ＲＣ,,,２中住専,,,2024年第1四半期,,
中古マンション等,成約価格情報,13115,東京都,杉並区,高円寺南,高円寺,9.0,20000000,１ＤＫ,35,1973年,ＳＲＣ,,,,,,2024年第1四半期,,
中古マンション等,成約価格情報,13115,東京都,杉並区,下井草,下井草,3.0,60000000,３ＬＤＫ,80,2005年,ＲＣ,,,２中住専,,,2024年第1四半期,改装済み,
中古マンション等,成約価格情報,13115,東京都,杉並区,下井草,下井草,3.0,31000000,１ＬＤＫ,40,2003年,ＲＣ,,,近隣商業,,,2024年第1四半期,,
中古マンション等,成約価格情報,13115,東京都,杉並区,下井草,下井草,3.0,59000000,３ＬＤＫ,80,2005年,ＲＣ,,,１低住専,,,2024年第1四半期,,
中古マンション等,成約価格情報,13115,東京都,杉並区,下高井戸,桜上水,5.0,28000000,２ＬＤＫ,50,1978年,ＳＲＣ,,,近隣商業,,,2024年第1四半期,,
中古マンション等,成約価格情報,13115,東京都,杉並区,下高井戸,下高井戸,2.0,41000000,２ＬＤＫ,55,1978年,ＲＣ,,,近隣商業,,,2024年第1四半期,,
中古マンション等,成約価格情報,13115,東京都,杉並区,下高井戸,桜上水,7.0,6100000,１Ｒ,15,1984年,ＲＣ,,,近隣商業,,,2024年第1四半期,,
中古マンション等,成約価格情報,13115,東京都,杉並区,下高井戸,桜上水,6.0,78000000,３ＬＤＫ,75,2011年,ＲＣ,,,１低住専,,,2024年第1四半期,,
中古マンション等,成約価格情報,13115,東京都,杉並区,高井戸西,富士見ケ丘,3.0,74000000,３ＬＤＫ,75,2007年,ＲＣ,,,１低住専,,,2024年第1四半期,,
中古マンション等,成約価格情報,13115,東京都,杉並区,高井戸西,高井戸,8.0,76000000,３ＬＤＫ,85,2000年,ＳＲＣ,,,１中住専,,,2024年第1四半期,,
中古マンション等,成約価格情報,13115,東京都,杉並区,高井戸西,高井戸,4.0,70000000,３ＬＤＫ＋Ｓ,80,2003年,ＲＣ,,,近隣商業,,,2024年第1四半期,,
中古マンション等,成約価格情報,13115,東京都,杉並区,高井戸東,高井戸,8.0,41000000,２ＬＤＫ,70,1974年,ＳＲＣ,,,近隣商業,,,2024年第1四半期,,
中古マンション等,成約価格情報,13115,東京都,杉並区,高井戸東,浜田山,6.0,280000000,３ＬＤＫ＋Ｓ,160,2009年,ＲＣ,,,１中住専,,,2024年第1四半期,,
中古マンション等,成約価格情報,13115,東京都,杉並区,高井戸東,高井戸,7.0,90000000,４ＬＤＫ,85,2013年,ＲＣ,,,２種住居,,,2024年第1四半期,,
中古マンション等,成約価格情報,13115,東京都,杉並区,高井戸東,浜田山,5.0,140000000,２ＬＤＫ,85,2009年,ＲＣ,,,１中住専,,,2024年第1四半期,,
中古マンション等,成約価格情報,13115,東京都,杉並区,高井戸東,高井戸,5.0,150000000,４ＬＤＫ,115,1998年,ＲＣ,,,１中住専,,,2024年第1四半期,,
中古マンション等,成約価格情報,13115,東京都,杉並区,高井戸東,浜田山,10.0,95000000,３ＬＤＫ,75,2013年,ＲＣ,,,１低住専,,,2024年第1四半期,,
中古マンション等,成約価格情報,13115,東京都,杉並区,高井戸東,高井戸,5.0,130000000,４ＬＤＫ,115,1998年,ＲＣ,,,１中住専,,,2024年第1四半期,,
中古マンション等,成約価格情報,13115,東京都,杉並区,高井戸東,浜田山,6.0,360000000,４ＬＤＫ,175,2009年,ＲＣ,,,１中住専,,,2024年第1四半期,,
中古マンション等,成約価格情報,13115,東京都,杉並区,西荻北,西荻窪,6.0,39000000,１ＬＤＫ,40,2021年,ＲＣ,,,１低住専,,,2024年第1四半期,,
中古マンション等,成約価格情報,13115,東京都,杉並区,西荻北,西荻窪,3.0,29000000,１ＬＤＫ,40,1978年,ＲＣ,,,,,,2024年第1四半期,,
中古マンション等,成約価格情報,13115,東京都,杉並区,西荻北,西荻窪,10.0,69000000,２ＬＤＫ,70,2001年,ＲＣ,,,,,,2024年第1四半期,,
中古マンション等,成約価格情報,13115,東京都,杉並区,西荻北,西荻窪,6.0,35000000,２ＬＤＫ,55,1970年,ＳＲＣ,,,近隣商業,,,2024年第1四半期,,
中古マンション等,成約価格情報,13115,東京都,杉並区,西荻北,西荻窪,5.0,7700000,１Ｒ,15,1984年,ＲＣ,,,,,,2024年第1四半期,,
中古マンション等,成約価格情報,13115,東京都,杉並区,西荻北,西荻窪,3.0,53000000,２ＬＤＫ,55,2012年,ＲＣ,,,,,,2024年第1四半期,,
中古マンション等,成約価格情報,13115,東京都,杉並区,西荻北,西荻窪,1.0,64000000,１Ｒ,55,2005年,ＳＲＣ,,,商業,,,2024年第1四半期,,
中古マンション等,成約価格情報,13115,東京都,杉並区,西荻北,西荻窪,2.0,80000000,２ＬＤＫ,65,2002年,ＳＲＣ,,,,,,2024年第1四半期,,
中古マンション等,成約価格情報,13115,東京都,杉並区,西荻北,西荻窪,5.0,28000000,１ＬＤＫ,35,1970年,,,,,,,2024年第1四半期,,
中古マンション等,成約価格情報,13115,東京都,杉並区,西荻北,荻窪,12.0,14000000,１Ｒ,20,1993年,ＲＣ,,,,,,2024年第1四半期,,
中古マンション等,成約価格情報,13115,東京都,杉並区,西荻北,西荻窪,1.0,54000000,１ＬＤＫ,50,2002年,,,,,,,2024年第1四半期,,
中古マンション等,成約価格情報,13115,東京都,杉並区,西荻南,西荻窪,2.0,48000000,２ＬＤＫ,65,2003年,ＲＣ,,,,,,2024年第1四半期,,
中古マンション等,成約価格情報,13115,東京都,杉並区,西荻南,西荻窪,3.0,55000000,１ＬＤＫ,50,2013年,ＲＣ,,,,,,2024年第1四半期,,
中古マンション等,成約価格情報,13115,東京都,杉並区,西荻南,,,22000000,１Ｋ,20,,,,,,,,2024年第1四半期,,
中古マンション等,成約価格情報,13115,東京都,杉並区,堀ノ内,方南町,9.0,35000000,２ＬＤＫ,50,1987年,ＲＣ,,,近隣商業,,,2024年第1四半期,,
中古マンション等,成約価格情報,13115,東京都,杉並区,堀ノ内,方南町,9.0,69000000,３ＬＤＫ,75,2004年,ＲＣ,,,１種住居,,,2024年第1四半期,,
中古マンション等,成約価格情報,13115,東京都,杉並区,堀ノ内,方南町,9.0,31000000,２ＤＫ,45,1994年,ＲＣ,,,近隣商業,,,2024年第1四半期,,
中古マンション等,成約価格情報,13115,東京都,杉並区,堀ノ内,方南町,2.0,40000000,２ＬＤＫ,50,1987年,ＳＲＣ,,,商業,,,2024年第1四半期,,
中古マンション等,成約価格情報,13115,東京都,杉並区,堀ノ内,方南町,4.0,38000000,３ＤＫ,60,1980年,ＳＲＣ,,,近隣商業,,,2024年第1四半期,,
中古マンション等,成約価格情報,13115,東京都,杉並区,堀ノ内,新高円寺,9.0,9500000,１Ｒ,20,1991年,ＲＣ,,,１種住居,,,2024年第1四半期,,
中古マンション等,成約価格情報,13115,東京都,杉並区,宮前,久我山,10.0,68000000,３ＬＤＫ,110,1991年,ＲＣ,,,１低住専,,,2024年第1四半期,,
中古マンション等,成約価格情報,13115,東京都,杉並区,宮前,久我山,11.0,69000000,２ＬＤＫ,80,2003年,ＲＣ,,,１低住専,,,2024年第1四半期,,
中古マンション等,成約価格情報,13115,東京都,杉並区,宮前,荻窪,16.0,67000000,２ＬＤＫ,85,2002年,ＲＣ,,,１低住専,,,2024年第1四半期,,
中古マンション等,成約価格情報,13115,東京都,杉並区,梅里,新高円寺,5.0,68000000,２ＬＤＫ,65,2000年,ＳＲＣ,,,商業,,,2024年第2四半期,,
中古マンション等,成約価格情報,13115,東京都,杉並区,梅里,新高円寺,2.0,7200000,１Ｒ,30,1974年,ＳＲＣ,,,商業,,,2024年第2四半期,,
中古マンション等,成約価格情報,13115,東京都,杉並区,梅里,東高円寺,3.0,49000000,１ＤＫ＋Ｓ,45,2020年,ＲＣ,,,,,,2024年第2四半期,,
中古マンション等,成約価格情報,13115,東京都,杉並区,梅里,南阿佐ケ谷,6.0,24000000,１ＬＤＫ,35,1973年,ＳＲＣ,,,商業,,,2024年第2四半期,改装済み,
中古マンション等,成約価格情報,13115,東京都,杉並区,梅里,,,14000000,１Ｒ,20,,,,,,,,2024年第2四半期,,
中古マンション等,成約価格情報,13115,東京都,杉並区,久我山,久我山,2.0,23000000,１ＬＤＫ,40,1971年,ＳＲＣ,,,２中住専,,,2024年第2四半期,,
中古マンション等,成約価格情報,13115,東京都,杉並区,久我山,久我山,8.0,68000000,３ＬＤＫ,75,2003年,ＲＣ,,,１中住専,,,2024年第2四半期,,
中古マンション等,成約価格情報,13115,東京都,杉並区,久我山,久我山,10.0,13000000,１Ｒ,35,1976年,ＲＣ,,,１低住専,,,2024年第2四半期,改装済み,
中古マンション等,成約価格情報,13115,東京都,杉並区,久我山,久我山,8.0,75000000,３ＬＤＫ,75,2010年,ＲＣ,,,準工業,,,2024年第2四半期,,
中古マンション等,成約価格情報,13115,東京都,杉並区,高円寺南,東高円寺,3.0,60000000,２ＬＤＫ,50,2018年,ＲＣ,,,近隣商業,,,2024年第2四半期,,
中古マンション等,成約価格情報,13115,東京都,杉並区,高円寺南,東高円寺,3.0,40000000,１ＤＫ,35,2018年,ＲＣ,,,,,,2024年第2四半期,,
中古マンション等,成約価格情報,13115,東京都,杉並区,高円寺南,中野(東京),8.0,73000000,２ＬＤＫ,65,2006年,ＲＣ,,,１低住専,,,2024年第2四半期,,
中古マンション等,成約価格情報,13115,東京都,杉並区,高円寺南,高円寺,3.0,19000000,１ＤＫ,30,1971年,ＳＲＣ,,,商業,,,2024年第2四半期,,
中古マンション等,成約価格情報,13115,東京都,杉並区,高円寺南,東高円寺,2.0,34000000,１Ｋ,30,2007年,ＲＣ,,,１中住専,,,2024年第2四半期,,
中古マンション等,成約価格情報,13115,東京都,杉並区,高円寺南,高円寺,3.0,120000000,３ＬＤＫ,75,2013年,ＲＣ,,,商業,,,2024年第2四半期,,
中古マンション等,成約価格情報,13115,東京都,杉並区,高円寺南,東高円寺,3.0,62000000,２ＬＤＫ,65,1996年,ＲＣ,,,近隣商業,,,2024年第2四半期,,
中古マンション等,成約価格情報,13115,東京都,杉並区,高円寺南,中野(東京),9.0,52000000,２ＬＤＫ＋Ｓ,80,2000年,ＲＣ,,,１低住専,,,2024年第2四半期,,
中古マンション等,成約価格情報,13115,東京都,杉並区,高円寺南,東高円寺,3.0,44000000,１ＬＤＫ,35,2018年,ＲＣ,,,,,,2024年第2四半期,,
中古マンション等,成約価格情報,13115,東京都,杉並区,高円寺南,東高円寺,3.0,29000000,２Ｋ,35,1986年,ＲＣ,,,近隣商業,,,2024年第2四半期,,
中古マンション等,成約価格情報,13115,東京都,杉並区,高円寺南,,,13000000,１Ｋ,20,,,,,,,,2024年第2四半期,,
中古マンション等,成約価格情報,13115,東京都,杉並区,高円寺南,東高円寺,1.0,68000000,３ＬＤＫ,75,1972年,ＳＲＣ,,,,,,2024年第2四半期,,
中古マンション等,成約価格情報,13115,東京都,杉並区,下井草,荻窪,,55000000,３ＬＤＫ,80,2002年,ＲＣ,,,近隣商業,,,2024年第2四半期,,
中古マンション等,成約価格情報,13115,東京都,杉並区,下井草,井荻,3.0,53000000,２ＬＤＫ,65,2002年,ＲＣ,,,近隣商業,,,2024年第2四半期,,
中古マンション等,成約価格情報,13115,東京都,杉並区,下高井戸,桜上水,6.0,9000000,１Ｋ,25,1974年,ＳＲＣ,,,近隣商業,,,2024年第2四半期,,
中古マンション等,成約価格情報,13115,東京都,杉並区,下高井戸,桜上水,6.0,74000000,２ＬＤＫ,70,2011年,ＲＣ,,,１低住専,,,2024年第2四半期,,
中古マンション等,成約価格情報,13115,東京都,杉並区,下高井戸,桜上水,6.0,78000000,２ＬＤＫ,80,2011年,ＲＣ,,,１低住専,,,2024年第2四半期,,
中古マンション等,成約価格情報,13115,東京都,杉並区,下高井戸,桜上水,5.0,55000000,２ＬＤＫ,60,2003年,ＲＣ,,,,,,2024年第2四半期,,
中古マンション等,成約価格情報,13115,東京都,杉並区,下高井戸,桜上水,7.0,19000000,１ＬＤＫ,30,1972年,ＳＲＣ,,,,,,2024年第2四半期,,
中古マンション等,成約価格情報,13115,東京都,杉並区,高井戸西,高井戸,7.0,60000000,２ＬＤＫ,60,2010年,ＲＣ,,,１中住専,,,2024年第2四半期,,
中古マンション等,成約価格情報,13115,東京都,杉並区,高井戸西,高井戸,8.0,59000000,３ＬＤＫ,65,2016年,ＲＣ,,,準住居,,,2024年第2四半期,,
中古マンション等,成約価格情報,13115,東京都,杉並区,高井戸西,高井戸,8.0,77000000,３ＬＤＫ,75,2000年,ＲＣ,,,１中住専,,,2024年第2四半期,,
中古マンション等,成約価格情報,13115,東京都,杉並区,高井戸西,高井戸,4.0,98000000,４ＬＤＫ,115,2003年,ＲＣ,,,近隣商業,,,2024年第2四半期,,
中古マンション等,成約価格情報,13115,東京都,杉並区,高井戸東,浜田山,9.0,72000000,３ＬＤＫ,75,2013年,ＲＣ,,,１低住専,,,2024年第2四半期,,
中古マンション等,成約価格情報,13115,東京都,杉並区,高井戸東,浜田山,10.0,97000000,３ＬＤＫ,75,2013年,ＲＣ,,,,,,2024年第2四半期,,
中古マンション等,成約価格情報,13115,東京都,杉並区,高井戸東,高井戸,4.0,78000000,２ＬＤＫ＋Ｓ,80,1998年,ＲＣ,,,,,,2024年第2四半期,改装済み,
中古マンション等,成約価格情報,13115,東京都,杉並区,高井戸東,高井戸,3.0,30000000,２ＤＫ,50,1976年,ＲＣ,,,近隣商業,,,2024年第2四半期,,
中古マンション等,成約価格情報,13115,東京都,杉並区,高井戸東,高井戸,8.0,62000000,２ＬＤＫ,55,2013年,ＲＣ,,,近隣商業,,,2024年第2四半期,,
中古マンション等,成約価格情報,13115,東京都,杉並区,高井戸東,高井戸,13.0,39000000,２ＬＤＫ,60,1985年,ＲＣ,,,,,,2024年第2四半期,,
中古マンション等,成約価格情報,13115,東京都,杉並区,高井戸東,高井戸,5.0,82000000,３ＬＤＫ,70,2017年,ＲＣ,,,近隣商業,,,2024年第2四半期,,
中古マンション等,成約価格情報,13115,東京都,杉並区,高井戸東,浜田山,5.0,150000000,３ＬＤＫ,90,2009年,ＲＣ,,,１中住専,,,2024年第2四半期,,
中古マンション等,成約価格情報,13115,東京都,杉並区,高井戸東,浜田山,6.0,160000000,３ＬＤＫ,95,2009年,ＲＣ,,,１中住専,,,2024年第2四半期,,
中古マンション等,成約価格情報,13115,東京都,杉並区,高井戸東,浜田山,5.0,150000000,２ＬＤＫ＋Ｓ,90,2009年,ＲＣ,,,１中住専,,,2024年第2四半期,,
中古マンション等,成約価格情報,13115,東京都,杉並区,西荻北,西荻窪,7.0,25000000,１Ｒ,25,2009年,ＲＣ,,,１中住専,,,2024年第2四半期,,
中古マンション等,成約価格情報,13115,東京都,杉並区,西荻北,西荻窪,7.0,35000000,１ＬＤＫ,40,1972年,ＲＣ,,,,,,2024年第2四半期,,
中古マンション等,成約価格情報,13115,東京都,杉並区,西荻北,西荻窪,7.0,31000000,１ＬＤＫ,40,1984年,ＲＣ,,,１種住居,,,2024年第2四半期,,
中古マンション等,成約価格情報,13115,東京都,杉並区,西荻北,西荻窪,9.0,71000000,２ＬＤＫ,75,2009年,ＲＣ,,,１低住専,,,2024年第2四半期,,
中古マンション等,成約価格情報,13115,東京都,杉並区,西荻北,西荻窪,6.0,39000000,２ＬＤＫ,55,1970年,ＳＲＣ,,,近隣商業,,,2024年第2四半期,改装済み,
中古マンション等,成約価格情報,13115,東京都,杉並区,西荻北,西荻窪,5.0,68000000,３ＬＤＫ,75,1971年,ＳＲＣ,,,,,,2024年第2四半期,,
中古マンション等,成約価格情報,13115,東京都,杉並区,西荻北,西荻窪,7.0,33000000,２ＤＫ,40,1972年,ＲＣ,,,１中住専,,,2024年第2四半期,改装済み,
中古マンション等,成約価格情報,13115,東京都,杉並区,西荻南,西荻窪,7.0,36000000,３ＤＫ,55,1969年,ＳＲＣ,,,２中住専,,,2024年第2四半期,,
中古マンション等,成約価格情報,13115,東京都,杉並区,堀ノ内,方南町,8.0,51000000,２ＬＤＫ＋Ｓ,90,1979年,ＲＣ,,,１種住居,,,2024年第2四半期,,
中古マンション等,成約価格情報,13115,東京都,杉並区,堀ノ内,新高円寺,10.0,25000000,２ＬＤＫ,65,1980年,ＲＣ,,,１種住居,,,2024年第2四半期,,
中古マンション等,成約価格情報,13115,東京都,杉並区,堀ノ内,東高円寺,11.0,45000000,３ＬＤＫ,75,1979年,ＲＣ,,,近隣商業,,,2024年第2四半期,改装済み,
中古マンション等,成約価格情報,13115,東京都,杉並区,堀ノ内,,,25000000,１Ｋ,25,,,,,,,,2024年第2四半期,,
中古マンション等,成約価格情報,13115,東京都,杉並区,堀ノ内,,,25000000,１Ｋ,25,,,,,,,,2024年第2四半期,,
中古マンション等,成約価格情報,13115,東京都,杉並区,宮前,久我山,13.0,33000000,１ＤＫ,40,2004年,ＲＣ,,,準住居,,,2024年第2四半期,,
中古マンション等,成約価格情報,13115,東京都,杉並区,宮前,久我山,13.0,50000000,２ＬＤＫ,55,2004年,ＲＣ,,,準住居,,,2024年第2四半期,,
中古マンション等,成約価格情報,13115,東京都,杉並区,宮前,久我山,10.0,7600000,１Ｒ,15,1984年,,,,,,,2024年第2四半期,,
中古マンション等,成約価格情報,13115,東京都,杉並区,宮前,富士見ケ丘,11.0,65000000,３ＬＤＫ,80,2001年,ＲＣ,,,,,,2024年第2四半期,,
中古マンション等,成約価格情報,13115,東京都,杉並区,宮前,久我山,13.0,17000000,２ＬＤＫ,45,1977年,ＲＣ,,,１低住専,,,2024年第2四半期,,
中古マンション等,成約価格情報,13115,東京都,杉並区,宮前,西荻窪,14.0,83000000,３ＬＤＫ,70,2013年,ＲＣ,,,１低住専,,,2024年第2四半期,,
中古マンション等,成約価格情報,13115,東京都,杉並区,梅里,新高円寺,2.0,18000000,１ＬＤＫ,35,1974年,ＳＲＣ,,,,,,2024年第3四半期,,
中古マンション等,成約価格情報,13115,東京都,杉並区,梅里,新高円寺,5.0,16000000,１ＬＤＫ,35,1971年,ＳＲＣ,,,商業,,,2024年第3四半期,,
中古マンション等,成約価格情報,13115,東京都,杉並区,梅里,新高円寺,3.0,33000000,１Ｋ,30,2020年,ＲＣ,,,１中住専,,,2024年第3四半期,,
中古マンション等,成約価格情報,13115,東京都,杉並区,梅里,高円寺,12.0,31000000,１ＬＤＫ,40,1982年,ＲＣ,,,,,,2024年第3四半期,,
中古マンション等,成約価格情報,13115,東京都,杉並区,梅里,,,15000000,１Ｋ,20,,,,,,,,2024年第3四半期,,
中古マンション等,成約価格情報,13115,東京都,杉並区,久我山,久我山,4.0,14000000,１ＬＤＫ,40,1968年,鉄骨造,,,１低住専,,,2024年第3四半期,改装済み,
中古マンション等,成約価格情報,13115,東京都,杉並区,久我山,富士見ケ丘,2.0,45000000,１ＬＤＫ,60,1977年,ＳＲＣ,,,１低住専,,,2024年第3四半期,,
中古マンション等,成約価格情報,13115,東京都,杉並区,久我山,久我山,8.0,72000000,３ＬＤＫ,75,2010年,ＲＣ,,,準工業,,,2024年第3四半期,,
中古マンション等,成約価格情報,13115,東京都,杉並区,久我山,久我山,8.0,110000000,４ＬＤＫ,125,2004年,ＲＣ,,,１低住専,,,2024年第3四半期,,
中古マンション等,成約価格情報,13115,東京都,杉並区,高円寺南,東高円寺,1.0,57000000,３ＬＤＫ,75,1974年,ＳＲＣ,,,近隣商業,,,2024年第3四半期,,
中古マンション等,成約価格情報,13115,東京都,杉並区,高円寺南,高円寺,3.0,22000000,１ＤＫ,30,1971年,ＳＲＣ,,,,,,2024年第3四半期,,
中古マンション等,成約価格情報,13115,東京都,杉並区,高円寺南,高円寺,4.0,68000000,３ＬＤＫ,70,1996年,ＳＲＣ,,,商業,,,2024年第3四半期,,
中古マンション等,成約価格情報,13115,東京都,杉並区,高円寺南,東高円寺,4.0,70000000,２ＬＤＫ,70,1995年,ＲＣ,,,近隣商業,,,2024年第3四半期,改装済み,
中古マンション等,成約価格情報,13115,東京都,杉並区,高円寺南,高円寺,3.0,120000000,３ＬＤＫ,75,2013年,ＲＣ,,,商業,,,2024年第3四半期,,
中古マンション等,成約価格情報,13115,東京都,杉並区,高円寺南,新高円寺,3.0,21000000,１ＬＤＫ,30,1972年,ＳＲＣ,,,商業,,,2024年第3四半期,,
中古マンション等,成約価格情報,13115,東京都,杉並区,高円寺南,高円寺,8.0,70000000,４ＬＤＫ,85,1996年,ＲＣ,,,,,,2024年第3四半期,,
中古マンション等,成約価格情報,13115,東京都,杉並区,下高井戸,桜上水,6.0,14000000,１Ｒ,35,1974年,ＳＲＣ,,,近隣商業,,,2024年第3四半期,,
中古マンション等,成約価格情報,13115,東京都,杉並区,下高井戸,桜上水,7.0,28000000,２ＬＤＫ,65,1971年,ＳＲＣ,,,,,,2024年第3四半期,,
中古マンション等,成約価格情報,13115,東京都,杉並区,下高井戸,上北沢,8.0,70000000,２ＬＤＫ,75,2000年,ＲＣ,,,１低住専,,,2024年第3四半期,,
中古マンション等,成約価格情報,13115,東京都,杉並区,下高井戸,桜上水,6.0,77000000,３ＬＤＫ,80,2011年,ＲＣ,,,１低住専,,,2024年第3四半期,,
中古マンション等,成約価格情報,13115,東京都,杉並区,下高井戸,下高井戸,2.0,21000000,１Ｋ,25,2007年,ＲＣ,,,,,,2024年第3四半期,,
中古マンション等,成約価格情報,13115,東京都,杉並区,下高井戸,上北沢,8.0,87000000,３ＬＤＫ,75,2006年,ＲＣ,,,１低住専,,,2024年第3四半期,,
中古マンション等,成約価格情報,13115,東京都,杉並区,下高井戸,上北沢,8.0,69000000,３ＬＤＫ,80,2000年,ＲＣ,,,１低住専,,,2024年第3四半期,,
中古マンション等,成約価格情報,13115,東京都,杉並区,高井戸西,高井戸,7.0,47000000,２ＬＤＫ＋Ｓ,65,1983年,ＲＣ,,,準住居,,,2024年第3四半期,,
中古マンション等,成約価格情報,13115,東京都,杉並区,高井戸西,高井戸,2.0,59000000,２ＬＤＫ,60,1998年,ＲＣ,,,近隣商業,,,2024年第3四半期,,
中古マンション等,成約価格情報,13115,東京都,杉並区,高井戸東,高井戸,5.0,81000000,２ＬＤＫ,80,1998年,ＲＣ,,,１中住専,,,2024年第3四半期,,
中古マンション等,成約価格情報,13115,東京都,杉並区,高井戸東,高井戸,7.0,61000000,２ＬＤＫ,55,2013年,ＲＣ,,,２種住居,,,2024年第3四半期,,
中古マンション等,成約価格情報,13115,東京都,杉並区,高井戸東,浜田山,9.0,72000000,３ＬＤＫ,75,2013年,ＲＣ,,,１低住専,,,2024年第3四半期,,
中古マンション等,成約価格情報,13115,東京都,杉並区,高井戸東,高井戸,1.0,25000000,１ＬＤＫ,35,1974年,ＳＲＣ,,,,,,2024年第3四半期,,
中古マンション等,成約価格情報,13115,東京都,杉並区,高井戸東,高井戸,5.0,110000000,３ＬＤＫ,85,1998年,ＲＣ,,,１中住専,,,2024年第3四半期,,
中古マンション等,成約価格情報,13115,東京都,杉並区,西荻北,西荻窪,3.0,13000000,１Ｋ,20,1992年,ＲＣ,,,近隣商業,,,2024年第3四半期,,
中古マンション等,成約価格情報,13115,東京都,杉並区,西荻北,荻窪,13.0,14000000,１ＤＫ,30,1972年,ＲＣ,,,１中住専,,,2024年第3四半期,,
中古マンション等,成約価格情報,13115,東京都,杉並区,西荻北,西荻窪,13.0,16000000,１ＤＫ,30,1972年,ＲＣ,,,,,,2024年第3四半期,,
中古マンション等,成約価格情報,13115,東京都,杉並区,西荻北,西荻窪,9.0,16000000,１ＤＫ,40,1968年,ＲＣ,,,,,,2024年第3四半期,,
中古マンション等,成約価格情報,13115,東京都,杉並区,西荻北,西荻窪,2.0,83000000,２ＬＤＫ,70,2002年,ＳＲＣ,,,,,,2024年第3四半期,,
中古マンション等,成約価格情報,13115,東京都,杉並区,西荻北,西荻窪,4.0,48000000,１ＬＤＫ,45,2012年,ＲＣ,,,１低住専,,,2024年第3四半期,,
中古マンション等,成約価格情報,13115,東京都,杉並区,西荻北,西荻窪,2.0,64000000,１ＬＤＫ＋Ｓ,55,2002年,ＳＲＣ,,,,,,2024年第3四半期,,
中古マンション等,成約価格情報,13115,東京都,杉並区,西荻北,西荻窪,5.0,26000000,１ＬＤＫ,50,1965年,ＲＣ,,,,,,2024年第3四半期,,
中古マンション等,成約価格情報,13115,東京都,杉並区,西荻南,,,26000000,１Ｋ,25,,,,,,,,2024年第3四半期,,
中古マンション等,成約価格情報,13115,東京都,杉並区,堀ノ内,方南町,7.0,20000000,２ＤＫ,50,1987年,ＲＣ,,,近隣商業,,,2024年第3四半期,改装済み,
中古マンション等,成約価格情報,13115,東京都,杉並区,堀ノ内,方南町,7.0,69000000,４ＬＤＫ,75,2003年,ＲＣ,,,準工業,,,2024年第3四半期,,
中古マンション等,成約価格情報,13115,東京都,杉並区,堀ノ内,方南町,11.0,54000000,２ＬＤＫ,60,2003年,ＲＣ,,,１中住専,,,2024年第3四半期,,
中古マンション等,成約価格情報,13115,東京都,杉並区,堀ノ内,方南町,1.0,12000000,１Ｒ,25,1985年,ＳＲＣ,,,商業,,,2024年第3四半期,,
中古マンション等,成約価格情報,13115,東京都,杉並区,堀ノ内,新高円寺,10.0,9000000,１Ｋ,20,1991年,ＲＣ,,,１種住居,,,2024年第3四半期,,
中古マンション等,成約価格情報,13115,東京都,杉並区,堀ノ内,方南町,5.0,27000000,３ＤＫ,55,1974年,ＳＲＣ,,,,,,2024年第3四半期,,
中古マンション等,成約価格情報,13115,東京都,杉並区,宮前,西荻窪,12.0,88000000,３ＬＤＫ,70,2013年,ＲＣ,,,,,,2024年第3四半期,,
中古マンション等,成約価格情報,13115,東京都,杉並区,梅里,新高円寺,7.0,7700000,１Ｒ,20,1986年,ＲＣ,,,,,,2024年第4四半期,,
中古マンション等,成約価格情報,13115,東京都,杉並区,梅里,新高円寺,4.0,30000000,２ＤＫ,50,1973年,ＳＲＣ,,,,,,2024年第4四半期,,
中古マンション等,成約価格情報,13115,東京都,杉並区,梅里,南阿佐ケ谷,5.0,29000000,１ＬＤＫ,45,1973年,ＳＲＣ,,,,,,2024年第4四半期,,
中古マンション等,成約価格情報,13115,東京都,杉並区,久我山,久我山,3.0,59000000,２ＬＤＫ,60,1995年,ＲＣ,,,近隣商業,,,2024年第4四半期,,
中古マンション等,成約価格情報,13115,東京都,杉並区,久我山,久我山,8.0,66000000,３ＬＤＫ,70,2006年,ＲＣ,,,１低住専,,,2024年第4四半期,,
中古マンション等,成約価格情報,13115,東京都,杉並区,久我山,久我山,8.0,110000000,３ＬＤＫ,90,2010年,,,,準工業,,,2024年第4四半期,,
中古マンション等,成約価格情報,13115,東京都,杉並区,久我山,久我山,4.0,44000000,３ＬＤＫ,110,1966年,ＲＣ,,,１中住専,,,2024年第4四半期,,
中古マンション等,成約価格情報,13115,東京都,杉並区,高円寺南,東高円寺,1.0,30000000,２ＬＤＫ,55,1972年,ＳＲＣ,,,,,,2024年第4四半期,,
中古マンション等,成約価格情報,13115,東京都,杉並区,高円寺南,東高円寺,4.0,64000000,２ＬＤＫ＋Ｓ,75,2016年,,,,１中住専,,,2024年第4四半期,,
中古マンション等,成約価格情報,13115,東京都,杉並区,高円寺南,高円寺,8.0,50000000,２ＬＤＫ,60,1994年,ＲＣ,,,１低住専,,,2024年第4四半期,,
中古マンション等,成約価格情報,13115,東京都,杉並区,高円寺南,高円寺,5.0,55000000,１ＬＤＫ,45,2017年,ＲＣ,,,商業,,,2024年第4四半期,,
中古マンション等,成約価格情報,13115,東京都,杉並区,高円寺南,新高円寺,2.0,13000000,１Ｋ,20,1995年,ＲＣ,,,近隣商業,,,2024年第4四半期,,
中古マンション等,成約価格情報,13115,東京都,杉並区,高円寺南,高円寺,1.0,18000000,１Ｒ,20,1983年,ＳＲＣ,,,,,,2024年第4四半期,,
中古マンション等,成約価格情報,13115,東京都,杉並区,高円寺南,東高円寺,4.0,32000000,１ＤＫ,35,1995年,ＲＣ,,,近隣商業,,,2024年第4四半期,,
中古マンション等,成約価格情報,13115,東京都,杉並区,高円寺南,中野(東京),8.0,48000000,２ＬＤＫ＋Ｓ,60,1976年,ＲＣ,,,,,,2024年第4四半期,,
中古マンション等,成約価格情報,13115,東京都,杉並区,高円寺南,東高円寺,5.0,21000000,１Ｋ,25,2001年,ＲＣ,,,,,,2024年第4四半期,,
中古マンション等,成約価格情報,13115,東京都,杉並区,高円寺南,中野(東京),8.0,75000000,２ＬＤＫ,55,2000年,ＲＣ,,,１低住専,,,2024年第4四半期,,
中古マンション等,成約価格情報,13115,東京都,杉並区,高円寺南,新高円寺,2.0,45000000,２ＬＤＫ,50,1972年,ＳＲＣ,,,２中住専,,,2024年第4四半期,改装済み,
中古マンション等,成約価格情報,13115,東京都,杉並区,高円寺南,高円寺,1.0,34000000,１ＬＤＫ,35,1984年,ＳＲＣ,,,,,,2024年第4四半期,,
中古マンション等,成約価格情報,13115,東京都,杉並区,高円寺南,中野(東京),8.0,86000000,２ＬＤＫ,60,1999年,ＲＣ,,,,,,2024年第4四半期,,
中古マンション等,成約価格情報,13115,東京都,杉並区,高円寺南,新高円寺,4.0,70000000,３ＬＤＫ,90,1982年,ＲＣ,,,,,,2024年第4四半期,,
中古マンション等,成約価格情報,13115,東京都,杉並区,高円寺南,東高円寺,2.0,49000000,３ＤＫ,70,1973年,ＳＲＣ,,,,,,2024年第4四半期,,
中古マンション等,成約価格情報,13115,東京都,杉並区,高円寺南,東高円寺,6.0,62000000,２ＬＤＫ＋Ｓ,65,1995年,ＲＣ,,,近隣商業,,,2024年第4四半期,,
中古マンション等,成約価格情報,13115,東京都,杉並区,下井草,下井草,6.0,65000000,３ＬＤＫ,80,2000年,,,,,,,2024年第4四半期,,
中古マンション等,成約価格情報,13115,東京都,杉並区,下井草,下井草,11.0,8500000,１Ｒ,20,1986年,ＲＣ,,,近隣商業,,,2024年第4四半期,,
中古マンション等,成約価格情報,13115,東京都,杉並区,下井草,井荻,8.0,29000000,１ＬＤＫ,45,2002年,ＲＣ,,,近隣商業,,,2024年第4四半期,,
中古マンション等,成約価格情報,13115,東京都,杉並区,下高井戸,上北沢,8.0,79000000,２ＬＤＫ,75,2006年,ＲＣ,,,１低住専,,,2024年第4四半期,,
中古マンション等,成約価格情報,13115,東京都,杉並区,下高井戸,桜上水,5.0,16000000,１Ｋ,25,1996年,ＲＣ,,,近隣商業,,,2024年第4四半期,,
中古マンション等,成約価格情報,13115,東京都,杉並区,下高井戸,桜上水,7.0,19000000,３ＤＫ,45,1972年,ＳＲＣ,,,近隣商業,,,2024年第4四半期,,
中古マンション等,成約価格情報,13115,東京都,杉並区,下高井戸,桜上水,6.0,23000000,２ＬＤＫ,50,1971年,ＳＲＣ,,,１低住専,,,2024年第4四半期,,
中古マンション等,成約価格情報,13115,東京都,杉並区,下高井戸,桜上水,5.0,22000000,１Ｋ,30,2004年,ＲＣ,,,近隣商業,,,2024年第4四半期,,
中古マンション等,成約価格情報,13115,東京都,杉並区,下高井戸,上北沢,8.0,92000000,４ＬＤＫ,90,2000年,ＲＣ,,,１低住専,,,2024年第4四半期,,
中古マンション等,成約価格情報,13115,東京都,杉並区,高井戸西,高井戸,13.0,45000000,１ＬＤＫ,60,2006年,ＲＣ,,,１種住居,,,2024年第4四半期,,
中古マンション等,成約価格情報,13115,東京都,杉並区,高井戸西,高井戸,2.0,36000000,２ＤＫ,50,1977年,ＳＲＣ,,,近隣商業,,,2024年第4四半期,改装済み,
中古マンション等,成約価格情報,13115,東京都,杉並区,高井戸西,高井戸,2.0,55000000,２ＬＤＫ,65,2013年,ＲＣ,,,,,,2024年第4四半期,,
中古マンション等,成約価格情報,13115,東京都,杉並区,高井戸東,高井戸,3.0,74000000,１ＬＤＫ,70,2011年,ＲＣ,,,近隣商業,,,2024年第4四半期,,
中古マンション等,成約価格情報,13115,東京都,杉並区,高井戸東,高井戸,3.0,72000000,２ＬＤＫ,65,2011年,ＲＣ,,,近隣商業,,,2024年第4四半期,,
中古マンション等,成約価格情報,13115,東京都,杉並区,高井戸東,浜田山,6.0,190000000,２ＬＤＫ＋Ｓ,100,2009年,ＲＣ,,,１中住専,,,2024年第4四半期,,
中古マンション等,成約価格情報,13115,東京都,杉並区,高井戸東,高井戸,11.0,34000000,２ＬＤＫ,70,1978年,ＲＣ,,,準工業,,,2024年第4四半期,,
中古マンション等,成約価格情報,13115,東京都,杉並区,高井戸東,浜田山,7.0,88000000,２ＬＤＫ＋Ｓ,75,2017年,ＲＣ,,,,,,2024年第4四半期,,
中古マンション等,成約価格情報,13115,東京都,杉並区,高井戸東,浜田山,11.0,76000000,３ＬＤＫ,80,2005年,ＲＣ,,,準住居,,,2024年第4四半期,,
中古マンション等,成約価格情報,13115,東京都,杉並区,高井戸東,高井戸,10.0,55000000,３ＬＤＫ,70,2000年,ＲＣ,,,１低住専,,,2024年第4四半期,,
中古マンション等,成約価格情報,13115,東京都,杉並区,高井戸東,高井戸,3.0,53000000,１ＬＤＫ,45,2011年,ＲＣ,,,近隣商業,,,2024年第4四半期,,
中古マンション等,成約価格情報,13115,東京都,杉並区,高井戸東,浜田山,5.0,150000000,２ＬＤＫ,80,2009年,ＲＣ,,,１中住専,,,2024年第4四半期,,
中古マンション等,成約価格情報,13115,東京都,杉並区,西荻北,西荻窪,11.0,18000000,１ＬＤＫ,35,1968年,ＲＣ,,,,,,2024年第4四半期,,
中古マンション等,成約価格情報,13115,東京都,杉並区,西荻北,西荻窪,2.0,54000000,１ＬＤＫ,55,2000年,ＳＲＣ,,,商業,,,2024年第4四半期,,
中古マンション等,成約価格情報,13115,東京都,杉並区,西荻北,荻窪,13.0,16000000,１ＤＫ,30,1972年,ＲＣ,,,,,,2024年第4四半期,,
中古マンション等,成約価格情報,13115,東京都,杉並区,西荻北,西荻窪,6.0,61000000,２ＬＤＫ,55,2021年,ＲＣ,,,１低住専,,,2024年第4四半期,,
中古マンション等,成約価格情報,13115,東京都,杉並区,西荻北,西荻窪,5.0,15000000,２ＤＫ,50,1965年,ＲＣ,,,１低住専,,,2024年第4四半期,,
中古マンション等,成約価格情報,13115,東京都,杉並区,西荻北,西荻窪,7.0,14000000,１Ｒ,20,1990年,ＲＣ,,,１中住専,,,2024年第4四半期,,
中古マンション等,成約価格情報,13115,東京都,杉並区,西荻北,西荻窪,7.0,65000000,２ＬＤＫ,105,1973年,ＲＣ,,,１中住専,,,2024年第4四半期,,
中古マンション等,成約価格情報,13115,東京都,杉並区,西荻北,西荻窪,4.0,75000000,２ＬＤＫ,65,1992年,ＲＣ,,,,,,2024年第4四半期,,
中古マンション等,成約価格情報,13115,東京都,杉並区,西荻北,西荻窪,2.0,80000000,２ＬＤＫ,60,2012年,ＲＣ,,,近隣商業,,,2024年第4四半期,,
中古マンション等,成約価格情報,13115,東京都,杉並区,西荻南,西荻窪,4.0,81000000,２ＬＤＫ,60,2013年,ＲＣ,,,近隣商業,,,2024年第4四半期,,
中古マンション等,成約価格情報,13115,東京都,杉並区,西荻南,西荻窪,6.0,36000000,１ＬＤＫ,45,1970年,ＲＣ,,,,,,2024年第4四半期,,
中古マンション等,成約価格情報,13115,東京都,杉並区,西荻南,西荻窪,2.0,54000000,２ＤＫ,55,1987年,ＳＲＣ,,,商業,,,2024年第4四半期,,
中古マンション等,成約価格情報,13115,東京都,杉並区,堀ノ内,方南町,8.0,9400000,１Ｒ,20,1986年,ＲＣ,,,準住居,,,2024年第4四半期,,
中古マンション等,成約価格情報,13115,東京都,杉並区,堀ノ内,方南町,10.0,45000000,３ＬＤＫ,65,1988年,ＲＣ,,,１種住居,,,2024年第4四半期,改装済み,
中古マンション等,成約価格情報,13115,東京都,杉並区,堀ノ内,方南町,5.0,39000000,３ＬＤＫ,70,1982年,ＲＣ,,,準工業,,,2024年第4四半期,,
中古マンション等,成約価格情報,13115,東京都,杉並区,堀ノ内,新高円寺,13.0,17000000,１ＬＤＫ,35,1988年,ＲＣ,,,１種住居,,,2024年第4四半期,改装済み,
中古マンション等,成約価格情報,13115,東京都,杉並区,堀ノ内,新高円寺,13.0,44000000,１ＬＤＫ,45,2007年,ＲＣ,,,１種住居,,,2024年第4四半期,,
中古マンション等,成約価格情報,13115,東京都,杉並区,宮前,高井戸,13.0,17000000,１Ｋ,25,2004年,ＲＣ,,,準住居,,,2024年第4四半期,,
中古マンション等,成約価格情報,13115,東京都,杉並区,宮前,高井戸,10.0,28000000,１ＬＤＫ,40,1974年,ＳＲＣ,,,準工業,,,2024年第4四半期,改装済み,
中古マンション等,成約価格情報,13115,東京都,杉並区,宮前,富士見ケ丘,10.0,70000000,３ＬＤＫ,80,1997年,ＲＣ,,,準工業,,,2024年第4四半期,,
中古マンション等,成約価格情報,13115,東京都,杉並区,宮前,西荻窪,13.0,70000000,３ＬＤＫ＋Ｓ,90,1984年,ＲＣ,,,１種住居,,,2024年第4四半期,,
中古マンション等,成約価格情報,13115,東京都,杉並区,井草,井荻,11.0,65000000,３ＬＤＫ,75,2007年,ＲＣ,,,１中住専,,,2025年第1四半期,,
中古マンション等,成約価格情報,13115,東京都,杉並区,井草,井荻,2.0,42000000,１ＬＤＫ,35,2024年,ＲＣ,,,１低住専,,,2025年第1四半期,,
中古マンション等,成約価格情報,13115,東京都,杉並区,井草,井荻,5.0,57000000,３ＬＤＫ,75,2006年,ＲＣ,,,２中住専,,,2025年第1四半期,,
中古マンション等,成約価格情報,13115,東京都,杉並区,井草,井荻,10.0,72000000,３ＬＤＫ,80,2007年,ＲＣ,,,１中住専,,,2025年第1四半期,,
中古マンション等,成約価格情報,13115,東京都,杉並区,井草,井荻,11.0,72000000,３ＬＤＫ,80,2007年,ＲＣ,,,１中住専,,,2025年第1四半期,,
中古マンション等,成約価格情報,13115,東京都,杉並区,永福,西永福,5.0,24000000,１ＬＤＫ,45,1979年,,,,近隣商業,,,2025年第1四半期,,
中古マンション等,成約価格情報,13115,東京都,杉並区,永福,永福町,4.0,70000000,３ＬＤＫ,105,2003年,鉄骨造,,,１低住専,,,2025年第1四半期,,
中古マンション等,成約価格情報,13115,東京都,杉並区,荻窪,荻窪,10.0,70000000,２ＬＤＫ,65,2007年,ＲＣ,,,１低住専,,,2025年第1四半期,,
中古マンション等,成約価格情報,13115,東京都,杉並区,荻窪,荻窪,3.0,80000000,１ＬＤＫ＋Ｓ,70,2021年,ＲＣ,,,２種住居,,,2025年第1四半期,,
中古マンション等,成約価格情報,13115,東京都,杉並区,荻窪,荻窪,14.0,93000000,３ＬＤＫ,70,2017年,ＲＣ,,,１低住専,,,2025年第1四半期,,
中古マンション等,成約価格情報,13115,東京都,杉並区,荻窪,荻窪,8.0,44000000,２ＤＫ,50,1987年,ＲＣ,,,１中住専,,,2025年第1四半期,,
中古マンション等,成約価格情報,13115,東京都,杉並区,荻窪,荻窪,8.0,99000000,２ＬＤＫ,75,2008年,ＲＣ,,,商業,,,2025年第1四半期,,
中古マンション等,成約価格情報,13115,東京都,杉並区,荻窪,荻窪,4.0,40000000,２ＤＫ,35,1997年,ＲＣ,,,１中住専,,,2025年第1四半期,,
中古マンション等,成約価格情報,13115,東京都,杉並区,荻窪,荻窪,7.0,32000000,１ＬＤＫ,40,1995年,ＲＣ,,,近隣商業,,,2025年第1四半期,,
中古マンション等,成約価格情報,13115,東京都,杉並区,荻窪,荻窪,14.0,95000000,３ＬＤＫ,70,2017年,ＲＣ,,,１低住専,,,2025年第1四半期,,
中古マンション等,成約価格情報,13115,東京都,杉並区,荻窪,荻窪,11.0,75000000,２ＬＤＫ＋Ｓ,65,2017年,ＲＣ,,,１低住専,,,2025年第1四半期,,
中古マンション等,成約価格情報,13115,東京都,杉並区,荻窪,荻窪,2.0,48000000,１ＬＤＫ,35,2009年,ＲＣ,,,商業,,,2025年第1四半期,,
中古マンション等,成約価格情報,13115,東京都,杉並区,荻窪,荻窪,4.0,35000000,２ＤＫ,50,1970年,ＲＣ,,,商業,,,2025年第1四半期,,
中古マンション等,成約価格情報,13115,東京都,杉並区,荻窪,荻窪,8.0,70000000,３ＬＤＫ,65,1987年,ＲＣ,,,１中住専,,,2025年第1四半期,,
中古マンション等,成約価格情報,13115,東京都,杉並区,荻窪,荻窪,11.0,80000000,３ＬＤＫ,70,2017年,ＲＣ,,,１低住専,,,2025年第1四半期,,
中古マンション等,成約価格情報,13115,東京都,杉並区,荻窪,荻窪,14.0,94000000,３ＬＤＫ,80,2004年,ＲＣ,,,１低住専,,,2025年第1四半期,,
中古マンション等,成約価格情報,13115,東京都,杉並区,荻窪,荻窪,4.0,55000000,２ＬＤＫ＋Ｓ,65,1983年,ＳＲＣ,,,商業,,,2025年第1四半期,,
中古マンション等,成約価格情報,13115,東京都,杉並区,荻窪,荻窪,2.0,90000000,２ＬＤＫ,60,1996年,ＳＲＣ,,,商業,,,2025年第1四半期,,
中古マンション等,成約価格情報,13115,東京都,杉並区,荻窪,荻窪,7.0,50000000,１ＬＤＫ,55,1995年,ＲＣ,,,近隣商業,,,2025年第1四半期,,
中古マンション等,成約価格情報,13115,東京都,杉並区,上荻,荻窪,13.0,48000000,２ＤＫ＋Ｓ,55,1997年,ＳＲＣ,,,商業,,,2025年第1四半期,,
中古マンション等,成約価格情報,13115,東京都,杉並区,上荻,西荻窪,12.0,22000000,３ＤＫ,50,1970年,ＲＣ,,,１低住専,,,2025年第1四半期,,
中古マンション等,成約価格情報,13115,東京都,杉並区,上荻,荻窪,8.0,18000000,２ＬＤＫ,45,1974年,ＳＲＣ,,,商業,,,2025年第1四半期,,
中古マンション等,成約価格情報,13115,東京都,杉並区,上荻,荻窪,9.0,15000000,１ＬＤＫ,35,1974年,ＳＲＣ,,,商業,,,2025年第1四半期,,
中古マンション等,成約価格情報,13115,東京都,杉並区,上荻,荻窪,5.0,45000000,２ＬＤＫ,60,1973年,ＲＣ,,,近隣商業,,,2025年第1四半期,,
中古マンション等,成約価格情報,13115,東京都,杉並区,上荻,,,20000000,１Ｋ,20,,,,,,,,2025年第1四半期,,
中古マンション等,成約価格情報,13115,東京都,杉並区,上荻,荻窪,12.0,17000000,１Ｒ,20,2008年,ＲＣ,,,商業,,,2025年第1四半期,,
中古マンション等,成約価格情報,13115,東京都,杉並区,上荻,西荻窪,10.0,56000000,１ＬＤＫ,75,2000年,ＲＣ,,,１低住専,,,2025年第1四半期,,
中古マンション等,成約価格情報,13115,東京都,杉並区,上荻,荻窪,14.0,22000000,１ＤＫ,35,1973年,ＳＲＣ,,,商業,,,2025年第1四半期,,
中古マンション等,成約価格情報,13115,東京都,杉並区,高円寺北,高円寺,8.0,33000000,２Ｋ,45,1971年,ＲＣ,,,１中住専,,,2025年第1四半期,改装済み,
中古マンション等,成約価格情報,13115,東京都,杉並区,高円寺北,高円寺,5.0,26000000,１ＬＤＫ,40,1972年,ＲＣ,,,１中住専,,,2025年第1四半期,,
中古マンション等,成約価格情報,13115,東京都,杉並区,高円寺北,高円寺,8.0,48000000,１ＬＤＫ,50,1971年,ＲＣ,,,１中住専,,,2025年第1四半期,,
中古マンション等,成約価格情報,13115,東京都,杉並区,高円寺北,高円寺,2.0,42000000,１ＬＤＫ,40,1984年,ＳＲＣ,,,商業,,,2025年第1四半期,,
中古マンション等,成約価格情報,13115,東京都,杉並区,高円寺北,高円寺,3.0,84000000,１Ｒ,70,2003年,ＲＣ,,,商業,,,2025年第1四半期,改装済み,
中古マンション等,成約価格情報,13115,東京都,杉並区,高円寺北,高円寺,4.0,14000000,２ＤＫ,35,1970年,ＲＣ,,,商業,,,2025年第1四半期,,
中古マンション等,成約価格情報,13115,東京都,杉並区,高円寺北,高円寺,9.0,14000000,２Ｋ,35,1971年,ＲＣ,,,１中住専,,,2025年第1四半期,,
中古マンション等,成約価格情報,13115,東京都,杉並区,高円寺北,高円寺,9.0,23000000,１Ｋ,30,1997年,ＳＲＣ,,,近隣商業,,,2025年第1四半期,,
中古マンション等,成約価格情報,13115,東京都,杉並区,清水,荻窪,10.0,41000000,２ＬＤＫ,50,1982年,ＲＣ,,,,,,2025年第1四半期,,
中古マンション等,成約価格情報,13115,東京都,杉並区,善福寺,西荻窪,15.0,50000000,２ＬＤＫ,60,2004年,ＲＣ,,,１低住専,,,2025年第1四半期,,
中古マンション等,成約価格情報,13115,東京都,杉並区,成田東,南阿佐ケ谷,1.0,16000000,１ＤＫ,30,1973年,ＳＲＣ,,,商業,,,2025年第1四半期,改装済み,
中古マンション等,成約価格情報,13115,東京都,杉並区,成田東,南阿佐ケ谷,1.0,15000000,１Ｒ,35,1973年,ＳＲＣ,,,,,,2025年第1四半期,,
中古マンション等,成約価格情報,13115,東京都,杉並区,成田東,南阿佐ケ谷,15.0,12000000,１Ｒ,25,1992年,ＲＣ,,,,,,2025年第1四半期,,
中古マンション等,成約価格情報,13115,東京都,杉並区,成田東,南阿佐ケ谷,11.0,22000000,１ＬＤＫ,45,1972年,ＲＣ,,,近隣商業,,,2025年第1四半期,,
中古マンション等,成約価格情報,13115,東京都,杉並区,成田東,南阿佐ケ谷,6.0,120000000,３ＬＤＫ＋Ｓ,80,2016年,ＲＣ,,,１低住専,,,2025年第1四半期,,
中古マンション等,成約価格情報,13115,東京都,杉並区,成田東,南阿佐ケ谷,1.0,37000000,１ＬＤＫ,50,1973年,ＳＲＣ,,,,,,2025年第1四半期,,
中古マンション等,成約価格情報,13115,東京都,杉並区,成田東,南阿佐ケ谷,13.0,78000000,２ＬＤＫ,75,2010年,ＲＣ,,,１低住専,,,2025年第1四半期,,
中古マンション等,成約価格情報,13115,東京都,杉並区,成田東,南阿佐ケ谷,5.0,15000000,１Ｒ,20,1989年,ＲＣ,,,商業,,,2025年第1四半期,,
中古マンション等,成約価格情報,13115,東京都,杉並区,成田東,南阿佐ケ谷,6.0,120000000,２ＬＤＫ,80,2016年,ＲＣ,,,１低住専,,,2025年第1四半期,,
中古マンション等,成約価格情報,13115,東京都,杉並区,成田東,南阿佐ケ谷,6.0,45000000,１ＬＤＫ,40,2006年,ＲＣ,,,１中住専,,,2025年第1四半期,,
中古マンション等,成約価格情報,13115,東京都,杉並区,成田東,南阿佐ケ谷,6.0,40000000,１Ｒ,35,2006年,ＲＣ,,,１中住専,,,2025年第1四半期,,
中古マンション等,成約価格情報,13115,東京都,杉並区,成田東,南阿佐ケ谷,13.0,85000000,３ＬＤＫ,75,2010年,ＲＣ,,,１低住専,,,2025年第1四半期,,
中古マンション等,成約価格情報,13115,東京都,杉並区,南荻窪,荻窪,6.0,8500000,１Ｋ,15,1985年,ＲＣ,,,１低住専,,,2025年第1四半期,,
中古マンション等,成約価格情報,13115,東京都,杉並区,南荻窪,荻窪,17.0,6400000,１Ｒ,20,1989年,ＲＣ,,,１中住専,,,2025年第1四半期,,
中古マンション等,成約価格情報,13115,東京都,杉並区,南荻窪,荻窪,,20000000,１Ｋ,20,2007年,ＲＣ,,,近隣商業,,,2025年第1四半期,,
中古マンション等,成約価格情報,13115,東京都,杉並区,南荻窪,西荻窪,12.0,56000000,３ＬＤＫ,80,2004年,ＲＣ,,,１低住専,,,2025年第1四半期,,
中古マンション等,成約価格情報,13115,東京都,杉並区,井草,井荻,8.0,56000000,３ＬＤＫ,65,1995年,ＲＣ,,,１種住居,,,2025年第2四半期,,
中古マンション等,成約価格情報,13115,東京都,杉並区,今川,荻窪,,49000000,３ＬＤＫ,85,1988年,ＲＣ,,,１低住専,,,2025年第2四半期,,
中古マンション等,成約価格情報,13115,東京都,杉並区,永福,永福町,5.0,10000000,１Ｒ,20,1991年,ＲＣ,,,近隣商業,,,2025年第2四半期,,
中古マンション等,成約価格情報,13115,東京都,杉並区,永福,永福町,5.0,77000000,３ＬＤＫ＋Ｓ,70,1996年,ＲＣ,,,１低住専,,,2025年第2四半期,改装済み,
中古マンション等,成約価格情報,13115,東京都,杉並区,荻窪,荻窪,12.0,84000000,３ＬＤＫ＋Ｓ,90,2001年,ＲＣ,,,１低住専,,,2025年第2四半期,,
中古マンション等,成約価格情報,13115,東京都,杉並区,荻窪,荻窪,14.0,86000000,３ＬＤＫ,80,2004年,ＲＣ,,,１低住専,,,2025年第2四半期,,
中古マンション等,成約価格情報,13115,東京都,杉並区,荻窪,荻窪,8.0,49000000,１ＬＤＫ,50,2006年,ＲＣ,,,近隣商業,,,2025年第2四半期,,
中古マンション等,成約価格情報,13115,東京都,杉並区,荻窪,荻窪,7.0,110000000,２ＬＤＫ,65,2018年,ＲＣ,,,１低住専,,,2025年第2四半期,,
中古マンション等,成約価格情報,13115,東京都,杉並区,荻窪,荻窪,3.0,62000000,１ＬＤＫ,50,2005年,ＲＣ,,,近隣商業,,,2025年第2四半期,,
中古マンション等,成約価格情報,13115,東京都,杉並区,荻窪,荻窪,4.0,20000000,２ＤＫ,45,1972年,ＲＣ,,,商業,,,2025年第2四半期,,
中古マンション等,成約価格情報,13115,東京都,杉並区,荻窪,荻窪,6.0,96000000,２ＬＤＫ,60,2021年,ＲＣ,,,商業,,,2025年第2四半期,,
中古マンション等,成約価格情報,13115,東京都,杉並区,荻窪,荻窪,6.0,63000000,１ＬＤＫ,40,2021年,ＲＣ,,,商業,,,2025年第2四半期,,
中古マンション等,成約価格情報,13115,東京都,杉並区,荻窪,荻窪,6.0,65000000,１ＬＤＫ,40,2021年,ＲＣ,,,商業,,,2025年第2四半期,,
中古マンション等,成約価格情報,13115,東京都,杉並区,荻窪,荻窪,4.0,53000000,１ＬＤＫ,35,2021年,ＲＣ,,,２種住居,,,2025年第2四半期,,
中古マンション等,成約価格情報,13115,東京都,杉並区,荻窪,荻窪,6.0,100000000,２ＬＤＫ,60,2021年,ＲＣ,,,商業,,,2025年第2四半期,,
中古マンション等,成約価格情報,13115,東京都,杉並区,荻窪,荻窪,2.0,52000000,３ＬＤＫ,80,1976年,ＳＲＣ,,,商業,,,2025年第2四半期,,
中古マンション等,成約価格情報,13115,東京都,杉並区,荻窪,荻窪,3.0,99000000,２ＬＤＫ,55,2021年,ＲＣ,,,２種住居,,,2025年第2四半期,,
中古マンション等,成約価格情報,13115,東京都,杉並区,荻窪,荻窪,2.0,56000000,２ＬＤＫ＋Ｓ,60,1976年,ＳＲＣ,,,商業,,,2025年第2四半期,,
中古マンション等,成約価格情報,13115,東京都,杉並区,荻窪,荻窪,12.0,13000000,２ＤＫ,35,1969年,ＲＣ,,,近隣商業,,,2025年第2四半期,,
中古マンション等,成約価格情報,13115,東京都,杉並区,荻窪,荻窪,7.0,14000000,１Ｒ,35,1971年,ＲＣ,,,商業,,,2025年第2四半期,,
中古マンション等,成約価格情報,13115,東京都,杉並区,荻窪,荻窪,3.0,23000000,２ＤＫ,40,1972年,ＳＲＣ,,,２種住居,,,2025年第2四半期,,
中古マンション等,成約価格情報,13115,東京都,杉並区,荻窪,荻窪,1.0,41000000,１ＬＤＫ,35,2012年,ＲＣ,,,商業,,,2025年第2四半期,,
中古マンション等,成約価格情報,13115,東京都,杉並区,荻窪,荻窪,3.0,91000000,２ＬＤＫ,55,2006年,ＲＣ,,,近隣商業,,,2025年第2四半期,,
中古マンション等,成約価格情報,13115,東京都,杉並区,荻窪,荻窪,3.0,90000000,２ＬＤＫ,60,2006年,ＲＣ,,,１中住専,,,2025年第2四半期,,
中古マンション等,成約価格情報,13115,東京都,杉並区,荻窪,荻窪,7.0,120000000,２ＬＤＫ,65,2018年,ＲＣ,,,１低住専,,,2025年第2四半期,,
中古マンション等,成約価格情報,13115,東京都,杉並区,荻窪,荻窪,2.0,85000000,３ＬＤＫ,85,1996年,ＳＲＣ,,,商業,,,2025年第2四半期,,
中古マンション等,成約価格情報,13115,東京都,杉並区,荻窪,荻窪,3.0,28000000,１Ｋ,25,2007年,ＲＣ,,,商業,,,2025年第2四半期,,
中古マンション等,成約価格情報,13115,東京都,杉並区,上荻,西荻窪,9.0,39000000,１ＬＤＫ,45,1985年,ＲＣ,,,近隣商業,,,2025年第2四半期,,
中古マンション等,成約価格情報,13115,東京都,杉並区,上荻,西荻窪,9.0,74000000,２ＬＤＫ,65,2006年,ＲＣ,,,１低住専,,,2025年第2四半期,,
中古マンション等,成約価格情報,13115,東京都,杉並区,上荻,荻窪,12.0,25000000,１Ｒ,25,2008年,ＲＣ,,,商業,,,2025年第2四半期,,
中古マンション等,成約価格情報,13115,東京都,杉並区,上荻,西荻窪,9.0,82000000,１ＬＤＫ＋Ｓ,55,2022年,ＲＣ,,,近隣商業,,,2025年第2四半期,,
中古マンション等,成約価格情報,13115,東京都,杉並区,上荻,荻窪,8.0,80000000,２ＬＤＫ,70,2001年,ＲＣ,,,近隣商業,,,2025年第2四半期,,
中古マンション等,成約価格情報,13115,東京都,杉並区,上荻,荻窪,6.0,18000000,１Ｒ,35,2000年,ＲＣ,,,近隣商業,,,2025年第2四半期,,
中古マンション等,成約価格情報,13115,東京都,杉並区,高円寺北,高円寺,2.0,15000000,１Ｒ,25,1981年,ＲＣ,,,商業,,,2025年第2四半期,,
中古マンション等,成約価格情報,13115,東京都,杉並区,高円寺北,高円寺,9.0,16000000,２ＤＫ,40,1977年,ＲＣ,,,１低住専,,,2025年第2四半期,改装済み,
中古マンション等,成約価格情報,13115,東京都,杉並区,高円寺北,高円寺,2.0,66000000,２ＬＤＫ,55,1984年,ＳＲＣ,,,商業,,,2025年第2四半期,改装済み,
中古マンション等,成約価格情報,13115,東京都,杉並区,高円寺北,高円寺,3.0,37000000,２ＤＫ,45,1984年,ＳＲＣ,,,商業,,,2025年第2四半期,,
中古マンション等,成約価格情報,13115,東京都,杉並区,高円寺北,高円寺,9.0,36000000,３ＬＤＫ,60,1963年,ＲＣ,,,１低住専,,,2025年第2四半期,改装済み,
中古マンション等,成約価格情報,13115,東京都,杉並区,高円寺北,高円寺,4.0,13000000,２Ｋ,35,1970年,ＲＣ,,,商業,,,2025年第2四半期,,
中古マンション等,成約価格情報,13115,東京都,杉並区,清水,荻窪,9.0,46000000,２ＬＤＫ,65,1990年,ＲＣ,,,近隣商業,,,2025年第2四半期,,
中古マンション等,成約価格情報,13115,東京都,杉並区,清水,荻窪,5.0,6900000,１Ｒ,15,1983年,ＲＣ,,,近隣商業,,,2025年第2四半期,,
中古マンション等,成約価格情報,13115,東京都,杉並区,清水,井荻,11.0,36000000,１ＬＤＫ,45,2006年,ＲＣ,,,１低住専,,,2025年第2四半期,,
中古マンション等,成約価格情報,13115,東京都,杉並区,清水,荻窪,15.0,52000000,２ＬＤＫ,60,1999年,ＲＣ,,,準住居,,,2025年第2四半期,,
中古マンション等,成約価格情報,13115,東京都,杉並区,善福寺,上石神井,15.0,13000000,１ＬＤＫ,40,1979年,ＲＣ,,,近隣商業,,,2025年第2四半期,,
中古マンション等,成約価格情報,13115,東京都,杉並区,成田東,南阿佐ケ谷,1.0,21000000,１Ｒ,35,1973年,ＳＲＣ,,,商業,,,2025年第2四半期,,
中古マンション等,成約価格情報,13115,東京都,杉並区,成田東,南阿佐ケ谷,1.0,150000000,２ＬＤＫ,75,2020年,ＲＣ,,,商業,,,2025年第2四半期,,
中古マンション等,成約価格情報,13115,東京都,杉並区,成田東,南阿佐ケ谷,7.0,90000000,３ＬＤＫ,75,2003年,ＲＣ,,,１低住専,,,2025年第2四半期,,
中古マンション等,成約価格情報,13115,東京都,杉並区,成田東,南阿佐ケ谷,11.0,16000000,１ＤＫ,30,1972年,ＲＣ,,,近隣商業,,,2025年第2四半期,,
中古マンション等,成約価格情報,13115,東京都,杉並区,成田東,南阿佐ケ谷,1.0,150000000,２ＬＤＫ,75,2020年,ＲＣ,,,商業,,,2025年第2四半期,,
中古マンション等,成約価格情報,13115,東京都,杉並区,成田東,南阿佐ケ谷,7.0,95000000,３ＬＤＫ,80,2003年,ＲＣ,,,１低住専,,,2025年第2四半期,,
中古マンション等,成約価格情報,13115,東京都,杉並区,成田東,南阿佐ケ谷,3.0,53000000,２ＬＤＫ,55,1997年,ＲＣ,,,商業,,,2025年第2四半期,,
中古マンション等,成約価格情報,13115,東京都,杉並区,成田東,西永福,15.0,79000000,３ＬＤＫ,70,2015年,ＲＣ,,,１低住専,,,2025年第2四半期,,
中古マンション等,成約価格情報,13115,東京都,杉並区,成田東,南阿佐ケ谷,3.0,74000000,２ＬＤＫ,55,2002年,ＳＲＣ,,,商業,,,2025年第2四半期,,
中古マンション等,成約価格情報,13115,東京都,杉並区,南荻窪,西荻窪,14.0,55000000,２ＬＤＫ,70,1990年,ＲＣ,,,１中住専,,,2025年第2四半期,,
中古マンション等,成約価格情報,13115,東京都,杉並区,南荻窪,荻窪,14.0,95000000,３ＬＤＫ,80,2006年,ＲＣ,,,１低住専,,,2025年第2四半期,,
中古マンション等,成約価格情報,13115,東京都,杉並区,南荻窪,西荻窪,14.0,45000000,３ＬＤＫ,70,1990年,ＲＣ,,,１中住専,,,2025年第2四半期,,
中古マンション等,成約価格情報,13115,東京都,杉並区,南荻窪,荻窪,6.0,7500000,１Ｒ,15,1985年,ＲＣ,,,１低住専,,,2025年第2四半期,,
中古マンション等,成約価格情報,13115,東京都,杉並区,南荻窪,荻窪,13.0,21000000,１Ｋ,25,2007年,ＲＣ,,,近隣商業,,,2025年第2四半期,,
中古マンション等,成約価格情報,13115,東京都,杉並区,井草,井荻,8.0,73000000,３ＬＤＫ,65,2022年,ＲＣ,,,１低住専,,,2025年第3四半期,,
中古マンション等,成約価格情報,13115,東京都,杉並区,井草,井荻,11.0,73000000,４ＬＤＫ,90,2007年,ＲＣ,,,１中住専,,,2025年第3四半期,,
中古マンション等,成約価格情報,13115,東京都,杉並区,井草,井荻,8.0,75000000,３ＬＤＫ,70,2022年,ＲＣ,,,１低住専,,,2025年第3四半期,,
中古マンション等,成約価格情報,13115,東京都,杉並区,井草,井荻,4.0,6000000,１Ｒ,15,1984年,ＲＣ,,,２中住専,,,2025年第3四半期,,
中古マンション等,成約価格情報,13115,東京都,杉並区,井草,井荻,7.0,51000000,４ＬＤＫ,90,1998年,ＳＲＣ,,,１低住専,,,2025年第3四半期,,
中古マンション等,成約価格情報,13115,東京都,杉並区,井草,井荻,8.0,26000000,２ＬＤＫ,50,1979年,ＲＣ,,,１低住専,,,2025年第3四半期,,
中古マンション等,成約価格情報,13115,東京都,杉並区,井草,井荻,13.0,69000000,３ＬＤＫ,80,2007年,ＲＣ,,,１中住専,,,2025年第3四半期,,
中古マンション等,成約価格情報,13115,東京都,杉並区,井草,井荻,9.0,65000000,２ＬＤＫ,80,2007年,ＲＣ,,,１中住専,,,2025年第3四半期,,
中古マンション等,成約価格情報,13115,東京都,杉並区,今川,上井草,13.0,55000000,３ＬＤＫ,75,1998年,ＲＣ,,,１低住専,,,2025年第3四半期,,
中古マンション等,成約価格情報,13115,東京都,杉並区,今川,荻窪,,38000000,３ＤＫ,55,1983年,ＲＣ,,,１低住専,,,2025年第3四半期,,
中古マンション等,成約価格情報,13115,東京都,杉並区,永福,西永福,4.0,36000000,１ＬＤＫ,45,1974年,ＳＲＣ,,,近隣商業,,,2025年第3四半期,,
中古マンション等,成約価格情報,13115,東京都,杉並区,永福,西永福,3.0,24000000,１ＤＫ,40,1974年,ＳＲＣ,,,近隣商業,,,2025年第3四半期,,
中古マンション等,成約価格情報,13115,東京都,杉並区,永福,明大前,3.0,13000000,１Ｋ,30,1971年,ＳＲＣ,,,１中住専,,,2025年第3四半期,,
中古マンション等,成約価格情報,13115,東京都,杉並区,大宮,西永福,4.0,53000000,２ＬＤＫ,60,1983年,ＲＣ,,,１低住専,,,2025年第3四半期,,
中古マンション等,成約価格情報,13115,東京都,杉並区,荻窪,荻窪,2.0,27000000,１ＬＤＫ＋Ｓ,55,1974年,ＲＣ,,,２種住居,,,2025年第3四半期,,
中古マンション等,成約価格情報,13115,東京都,杉並区,荻窪,荻窪,10.0,110000000,２ＬＤＫ＋Ｓ,120,1996年,ＲＣ,,,１低住専,,,2025年第3四半期,,
中古マンション等,成約価格情報,13115,東京都,杉並区,荻窪,荻窪,15.0,100000000,３ＬＤＫ＋Ｓ,70,2017年,ＲＣ,,,１低住専,,,2025年第3四半期,,
中古マンション等,成約価格情報,13115,東京都,杉並区,荻窪,荻窪,19.0,37000000,１ＬＤＫ,35,2021年,ＲＣ,,,準住居,,,2025年第3四半期,,
中古マンション等,成約価格情報,13115,東京都,杉並区,荻窪,荻窪,13.0,51000000,２ＬＤＫ,55,2014年,ＲＣ,,,近隣商業,,,2025年第3四半期,,
中古マンション等,成約価格情報,13115,東京都,杉並区,荻窪,荻窪,2.0,55000000,１ＬＤＫ＋Ｓ,50,1984年,ＲＣ,,,商業,,,2025年第3四半期,,
中古マンション等,成約価格情報,13115,東京都,杉並区,荻窪,荻窪,4.0,17000000,１Ｒ,20,2000年,ＲＣ,,,近隣商業,,,2025年第3四半期,,
中古マンション等,成約価格情報,13115,東京都,杉並区,荻窪,荻窪,2.0,47000000,１ＬＤＫ,35,2009年,ＲＣ,,,商業,,,2025年第3四半期,,
中古マンション等,成約価格情報,13115,東京都,杉並区,荻窪,荻窪,6.0,49000000,１ＬＤＫ,45,2003年,ＲＣ,,,１中住専,,,2025年第3四半期,,
中古マンション等,成約価格情報,13115,東京都,杉並区,荻窪,荻窪,5.0,39000000,１ＬＤＫ,40,2006年,ＲＣ,,,商業,,,2025年第3四半期,,
中古マンション等,成約価格情報,13115,東京都,杉並区,荻窪,荻窪,10.0,63000000,２ＬＤＫ,55,2007年,ＲＣ,,,１低住専,,,2025年第3四半期,,
中古マンション等,成約価格情報,13115,東京都,杉並区,荻窪,荻窪,14.0,98000000,３ＬＤＫ,70,2017年,ＲＣ,,,１低住専,,,2025年第3四半期,,
中古マンション等,成約価格情報,13115,東京都,杉並区,荻窪,荻窪,5.0,37000000,１Ｒ,40,1993年,ＳＲＣ,,,近隣商業,,,2025年第3四半期,,
中古マンション等,成約価格情報,13115,東京都,杉並区,荻窪,荻窪,2.0,33000000,１ＬＤＫ,45,1970年,ＲＣ,,,商業,,,2025年第3四半期,,
中古マンション等,成約価格情報,13115,東京都,杉並区,荻窪,荻窪,7.0,55000000,１ＤＫ,40,2014年,ＲＣ,,,商業,,,2025年第3四半期,,
中古マンション等,成約価格情報,13115,東京都,杉並区,荻窪,荻窪,8.0,44000000,１ＤＫ,50,2013年,ＲＣ,,,近隣商業,,,2025年第3四半期,,
中古マンション等,成約価格情報,13115,東京都,杉並区,荻窪,荻窪,15.0,97000000,３ＬＤＫ,70,2017年,ＲＣ,,,１低住専,,,2025年第3四半期,,
中古マンション等,成約価格情報,13115,東京都,杉並区,荻窪,荻窪,3.0,12000000,２Ｋ,35,1969年,ＲＣ,,,商業,,,2025年第3四半期,,
中古マンション等,成約価格情報,13115,東京都,杉並区,荻窪,荻窪,15.0,100000000,３ＬＤＫ,70,2017年,ＲＣ,,,１低住専,,,2025年第3四半期,,
中古マンション等,成約価格情報,13115,東京都,杉並区,上荻,荻窪,7.0,27000000,１ＤＫ,40,1970年,ＳＲＣ,,,近隣商業,,,2025年第3四半期,,
中古マンション等,成約価格情報,13115,東京都,杉並区,上荻,荻窪,7.0,46000000,１ＬＤＫ,45,2006年,ＲＣ,,,近隣商業,,,2025年第3四半期,,
中古マンション等,成約価格情報,13115,東京都,杉並区,上荻,西荻窪,14.0,34000000,３ＬＤＫ,70,1970年,ＳＲＣ,,,商業,,,2025年第3四半期,,
中古マンション等,成約価格情報,13115,東京都,杉並区,上荻,荻窪,5.0,42000000,１ＬＤＫ,60,1973年,ＲＣ,,,近隣商業,,,2025年第3四半期,,
中古マンション等,成約価格情報,13115,東京都,杉並区,上荻,荻窪,12.0,72000000,２ＬＤＫ,60,2017年,ＲＣ,,,商業,,,2025年第3四半期,,
中古マンション等,成約価格情報,13115,東京都,杉並区,上荻,荻窪,4.0,57000000,１ＬＤＫ,40,2019年,ＲＣ,,,近隣商業,,,2025年第3四半期,,
中古マンション等,成約価格情報,13115,東京都,杉並区,上荻,荻窪,10.0,29000000,１ＬＤＫ,35,1972年,ＲＣ,,,商業,,,2025年第3四半期,改装済み,
中古マンション等,成約価格情報,13115,東京都,杉並区,上荻,西荻窪,15.0,74000000,３ＬＤＫ,95,1979年,ＳＲＣ,,,商業,,,2025年第3四半期,,
中古マンション等,成約価格情報,13115,東京都,杉並区,上荻,荻窪,10.0,70000000,２ＬＤＫ,55,1998年,ＳＲＣ,,,商業,,,2025年第3四半期,,
中古マンション等,成約価格情報,13115,東京都,杉並区,高円寺北,高円寺,7.0,36000000,２Ｋ,30,2006年,ＲＣ,,,１中住専,,,2025年第3四半期,,
中古マンション等,成約価格情報,13115,東京都,杉並区,高円寺北,高円寺,8.0,33000000,２ＤＫ,45,1971年,ＲＣ,,,１中住専,,,2025年第3四半期,,
中古マンション等,成約価格情報,13115,東京都,杉並区,高円寺北,高円寺,9.0,19000000,１Ｋ,25,1997年,ＳＲＣ,,,近隣商業,,,2025年第3四半期,,
中古マンション等,成約価格情報,13115,東京都,杉並区,高円寺北,高円寺,4.0,7500000,１Ｒ,20,1983年,ＲＣ,,,商業,,,2025年第3四半期,,
中古マンション等,成約価格情報,13115,東京都,杉並区,高円寺北,高円寺,2.0,75000000,２ＬＤＫ,60,2001年,ＳＲＣ,,,商業,,,2025年第3四半期,,
中古マンション等,成約価格情報,13115,東京都,杉並区,清水,荻窪,14.0,71000000,２ＬＤＫ,60,2016年,ＲＣ,,,準住居,,,2025年第3四半期,,
中古マンション等,成約価格情報,13115,東京都,杉並区,善福寺,上石神井,14.0,6800000,１Ｋ,20,1991年,ＲＣ,,,近隣商業,,,2025年第3四半期,,
中古マンション等,成約価格情報,13115,東京都,杉並区,善福寺,西荻窪,15.0,30000000,２ＬＤＫ,60,1978年,ＲＣ,,,１種住居,,,2025年第3四半期,,
中古マンション等,成約価格情報,13115,東京都,杉並区,成田東,南阿佐ケ谷,1.0,21000000,１ＬＤＫ,45,1973年,ＳＲＣ,,,商業,,,2025年第3四半期,,
中古マンション等,成約価格情報,13115,東京都,杉並区,成田東,西永福,15.0,79000000,３ＬＤＫ,70,2015年,ＲＣ,,,１低住専,,,2025年第3四半期,,
中古マンション等,成約価格情報,13115,東京都,杉並区,成田東,南阿佐ケ谷,6.0,58000000,１ＬＤＫ,45,2006年,ＲＣ,,,１中住専,,,2025年第3四半期,,
中古マンション等,成約価格情報,13115,東京都,杉並区,成田東,南阿佐ケ谷,12.0,10000000,１Ｒ,20,1992年,ＲＣ,,,近隣商業,,,2025年第3四半期,,
中古マンション等,成約価格情報,13115,東京都,杉並区,成田東,南阿佐ケ谷,5.0,66000000,２ＬＤＫ,55,1990年,ＳＲＣ,,,商業,,,2025年第3四半期,,
中古マンション等,成約価格情報,13115,東京都,杉並区,成田東,南阿佐ケ谷,3.0,32000000,１ＤＫ,35,1997年,,,,商業,,,2025年第3四半期,,
中古マンション等,成約価格情報,13115,東京都,杉並区,成田東,南阿佐ケ谷,6.0,120000000,３ＬＤＫ,80,2016年,ＲＣ,,,１低住専,,,2025年第3四半期,,
中古マンション等,成約価格情報,13115,東京都,杉並区,成田東,南阿佐ケ谷,14.0,18000000,１Ｋ,30,2003年,ＲＣ,,,１低住専,,,2025年第3四半期,,
中古マンション等,成約価格情報,13115,東京都,杉並区,成田東,西永福,16.0,38000000,３ＤＫ,70,1984年,ＲＣ,,,１低住専,,,2025年第3四半期,,
中古マンション等,成約価格情報,13115,東京都,杉並区,成田東,南阿佐ケ谷,7.0,97000000,２ＬＤＫ,60,2012年,ＲＣ,,,商業,,,2025年第3四半期,,
中古マンション等,成約価格情報,13115,東京都,杉並区,成田東,新高円寺,9.0,33000000,２ＤＫ,45,1972年,ＲＣ,,,商業,,,2025年第3四半期,,
中古マンション等,成約価格情報,13115,東京都,杉並区,成田東,南阿佐ケ谷,3.0,27000000,１ＤＫ,30,1997年,ＲＣ,,,商業,,,2025年第3四半期,,
中古マンション等,成約価格情報,13115,東京都,杉並区,南荻窪,荻窪,10.0,35000000,３ＬＤＫ,95,1999年,ＲＣ,,,２中住専,,,2025年第3四半期,,
中古マンション等,成約価格情報,13115,東京都,杉並区,南荻窪,荻窪,7.0,61000000,４ＬＤＫ,95,1974年,ＳＲＣ,,,近隣商業,,,2025年第3四半期,,
中古マンション等,成約価格情報,13115,東京都,杉並区,南荻窪,荻窪,7.0,62000000,４ＬＤＫ,95,1974年,ＳＲＣ,,,近隣商業,,,2025年第3四半期,,
中古マンション等,成約価格情報,13115,東京都,杉並区,南荻窪,,,62000000,２ＬＤＫ,75,2003年,ＲＣ,,,１中住専,,,2025年第3四半期,,
中古マンション等,成約価格情報,13115,東京都,杉並区,南荻窪,西荻窪,12.0,69000000,３ＬＤＫ,75,2003年,ＲＣ,,,１中住専,,,2025年第3四半期,,
中古マンション等,成約価格情報,13115,東京都,杉並区,阿佐谷北,阿佐ケ谷,3.0,63000000,２ＬＤＫ,55,2002年,ＳＲＣ,,,商業,,,2025年第1四半期,改装済み,
中古マンション等,成約価格情報,13115,東京都,杉並区,阿佐谷北,阿佐ケ谷,7.0,50000000,２ＤＫ,50,1994年,ＲＣ,,,２種住居,,,2025年第1四半期,,
中古マンション等,成約価格情報,13115,東京都,杉並区,阿佐谷北,阿佐ケ谷,7.0,13000000,１Ｒ,20,1990年,ＲＣ,,,１中住専,,,2025年第1四半期,,
中古マンション等,成約価格情報,13115,東京都,杉並区,阿佐谷北,阿佐ケ谷,14.0,44000000,２ＬＤＫ,55,1993年,ＲＣ,,,近隣商業,,,2025年第1四半期,,
中古マンション等,成約価格情報,13115,東京都,杉並区,阿佐谷北,阿佐ケ谷,13.0,28000000,１ＬＤＫ,35,1982年,ＲＣ,,,１低住専,,,2025年第1四半期,,
中古マンション等,成約価格情報,13115,東京都,杉並区,阿佐谷南,荻窪,7.0,42000000,３ＬＤＫ,60,1970年,ＳＲＣ,,,商業,,,2025年第1四半期,改装済み,
中古マンション等,成約価格情報,13115,東京都,杉並区,阿佐谷南,荻窪,8.0,34000000,１ＬＤＫ,45,2008年,ＳＲＣ,,,商業,,,2025年第1四半期,,
中古マンション等,成約価格情報,13115,東京都,杉並区,阿佐谷南,南阿佐ケ谷,2.0,50000000,１ＤＫ,40,2000年,ＳＲＣ,,,,,,2025年第1四半期,,
中古マンション等,成約価格情報,13115,東京都,杉並区,阿佐谷南,南阿佐ケ谷,9.0,35000000,１ＬＤＫ＋Ｓ,60,1974年,ＳＲＣ,,,商業,,,2025年第1四半期,,
中古マンション等,成約価格情報,13115,東京都,杉並区,阿佐谷南,荻窪,7.0,26000000,１ＬＤＫ,45,1980年,ＲＣ,,,,,,2025年第1四半期,,
中古マンション等,成約価格情報,13115,東京都,杉並区,阿佐谷南,南阿佐ケ谷,4.0,35000000,１ＤＫ,30,1997年,ＲＣ,,,商業,,,2025年第1四半期,,
中古マンション等,成約価格情報,13115,東京都,杉並区,阿佐谷南,荻窪,7.0,21000000,１ＬＤＫ,40,1974年,ＳＲＣ,,,商業,,,2025年第1四半期,,
中古マンション等,成約価格情報,13115,東京都,杉並区,阿佐谷南,荻窪,11.0,45000000,２ＬＤＫ,60,1974年,ＳＲＣ,,,商業,,,2025年第1四半期,,
中古マンション等,成約価格情報,13115,東京都,杉並区,和泉,明大前,7.0,59000000,２ＬＤＫ,55,2008年,ＲＣ,,,２種住居,,,2025年第1四半期,,
中古マンション等,成約価格情報,13115,東京都,杉並区,和泉,永福町,2.0,47000000,１ＬＤＫ,45,2010年,ＲＣ,,,近隣商業,,,2025年第1四半期,,
中古マンション等,成約価格情報,13115,東京都,杉並区,和泉,明大前,7.0,27000000,１Ｋ,30,2008年,ＲＣ,,,２種住居,,,2025年第1四半期,,
中古マンション等,成約価格情報,13115,東京都,杉並区,和泉,代田橋,5.0,40000000,１ＬＤＫ,40,2011年,ＲＣ,,,近隣商業,,,2025年第1四半期,,
中古マンション等,成約価格情報,13115,東京都,杉並区,和泉,永福町,4.0,90000000,３ＬＤＫ,80,1999年,ＲＣ,,,,,,2025年第1四半期,,
中古マンション等,成約価格情報,13115,東京都,杉並区,和泉,代田橋,9.0,50000000,２ＬＤＫ,90,1970年,ＳＲＣ,,,１中住専,,,2025年第1四半期,,
中古マンション等,成約価格情報,13115,東京都,杉並区,和泉,方南町,1.0,36000000,２ＬＤＫ,55,1972年,ＲＣ,,,１中住専,,,2025年第1四半期,,
中古マンション等,成約価格情報,13115,東京都,杉並区,和泉,明大前,9.0,42000000,１ＬＤＫ,45,1999年,ＳＲＣ,,,１低住専,,,2025年第1四半期,,
中古マンション等,成約価格情報,13115,東京都,杉並区,和泉,永福町,11.0,100000000,４ＬＤＫ,85,2002年,ＲＣ,,,１低住専,,,2025年第1四半期,,
中古マンション等,成約価格情報,13115,東京都,杉並区,和泉,方南町,7.0,19000000,１Ｋ,25,2006年,ＲＣ,,,準住居,,,2025年第1四半期,,
中古マンション等,成約価格情報,13115,東京都,杉並区,和泉,永福町,11.0,82000000,３ＬＤＫ,80,2002年,ＲＣ,,,１低住専,,,2025年第1四半期,,
中古マンション等,成約価格情報,13115,東京都,杉並区,和泉,永福町,5.0,97000000,３ＬＤＫ,80,1999年,ＲＣ,,,１低住専,,,2025年第1四半期,,
中古マンション等,成約価格情報,13115,東京都,杉並区,上井草,井荻,3.0,27000000,２ＤＫ＋Ｓ,55,1984年,ＲＣ,,,１低住専,,,2025年第1四半期,,
中古マンション等,成約価格情報,13115,東京都,杉並区,上井草,井荻,5.0,6500000,１ＤＫ,35,1973年,ＲＣ,,,,,,2025年第1四半期,,
中古マンション等,成約価格情報,13115,東京都,杉並区,上高井戸,芦花公園,4.0,41000000,１ＬＤＫ,40,2018年,ＲＣ,,,準住居,,,2025年第1四半期,,
中古マンション等,成約価格情報,13115,東京都,杉並区,上高井戸,八幡山,2.0,20000000,１Ｋ,25,2004年,ＲＣ,,,２中住専,,,2025年第1四半期,,
中古マンション等,成約価格情報,13115,東京都,杉並区,松庵,西荻窪,12.0,53000000,３ＬＤＫ,85,1986年,ＳＲＣ,,,１低住専,,,2025年第1四半期,,
中古マンション等,成約価格情報,13115,東京都,杉並区,松庵,西荻窪,14.0,53000000,４ＬＤＫ,85,1986年,ＲＣ,,,準住居,,,2025年第1四半期,,
中古マンション等,成約価格情報,13115,東京都,杉並区,松庵,三鷹台,10.0,17000000,２ＤＫ,40,1969年,ＲＣ,,,１低住専,,,2025年第1四半期,,
中古マンション等,成約価格情報,13115,東京都,杉並区,浜田山,西永福,8.0,47000000,１ＬＤＫ,55,2007年,ＲＣ,,,１低住専,,,2025年第1四半期,,
中古マンション等,成約価格情報,13115,東京都,杉並区,浜田山,西永福,8.0,10000000,２ＬＤＫ,45,1974年,ＲＣ,,,１種住居,,,2025年第1四半期,,
中古マンション等,成約価格情報,13115,東京都,杉並区,浜田山,浜田山,5.0,110000000,２ＬＤＫ,80,2003年,ＲＣ,,,１低住専,,,2025年第1四半期,,
中古マンション等,成約価格情報,13115,東京都,杉並区,浜田山,浜田山,5.0,180000000,３ＬＤＫ,95,2003年,ＲＣ,,,１低住専,,,2025年第1四半期,,
中古マンション等,成約価格情報,13115,東京都,杉並区,浜田山,浜田山,5.0,160000000,３ＬＤＫ,85,2003年,ＲＣ,,,１低住専,,,2025年第1四半期,,
中古マンション等,成約価格情報,13115,東京都,杉並区,浜田山,浜田山,9.0,100000000,３ＬＤＫ,75,2010年,ＲＣ,,,１低住専,,,2025年第1四半期,,
中古マンション等,成約価格情報,13115,東京都,杉並区,浜田山,浜田山,3.0,60000000,３ＬＤＫ,100,1977年,ＲＣ,,,１低住専,,,2025年第1四半期,,
中古マンション等,成約価格情報,13115,東京都,杉並区,浜田山,浜田山,4.0,140000000,２ＬＤＫ,90,2003年,ＲＣ,,,１低住専,,,2025年第1四半期,,
中古マンション等,成約価格情報,13115,東京都,杉並区,浜田山,浜田山,8.0,74000000,２ＬＤＫ,75,1996年,ＲＣ,,,１低住専,,,2025年第1四半期,,
中古マンション等,成約価格情報,13115,東京都,杉並区,浜田山,西永福,4.0,67000000,３ＬＤＫ,75,1997年,ＳＲＣ,,,準住居,,,2025年第1四半期,,
中古マンション等,成約価格情報,13115,東京都,杉並区,浜田山,西永福,6.0,74000000,２ＬＤＫ,60,2014年,ＲＣ,,,準住居,,,2025年第1四半期,,
中古マンション等,成約価格情報,13115,東京都,杉並区,浜田山,浜田山,7.0,120000000,３ＬＤＫ,105,2005年,ＲＣ,,,１低住専,,,2025年第1四半期,改装済み,
中古マンション等,成約価格情報,13115,東京都,杉並区,浜田山,浜田山,8.0,83000000,３ＬＤＫ＋Ｓ,85,1996年,ＲＣ,,,１中住専,,,2025年第1四半期,,
中古マンション等,成約価格情報,13115,東京都,杉並区,浜田山,西永福,12.0,65000000,３ＬＤＫ,70,1995年,ＲＣ,,,１低住専,,,2025年第1四半期,,
中古マンション等,成約価格情報,13115,東京都,杉並区,本天沼,荻窪,15.0,65000000,２ＬＤＫ,75,2007年,ＲＣ,,,１低住専,,,2025年第1四半期,,
中古マンション等,成約価格情報,13115,東京都,杉並区,桃井,荻窪,19.0,74000000,１ＬＤＫ,75,2006年,ＲＣ,,,商業,,,2025年第1四半期,,
中古マンション等,成約価格情報,13115,東京都,杉並区,桃井,荻窪,13.0,36000000,１ＬＤＫ,50,1989年,ＲＣ,,,商業,,,2025年第1四半期,,
中古マンション等,成約価格情報,13115,東京都,杉並区,桃井,西荻窪,18.0,88000000,３ＬＤＫ,80,2005年,ＲＣ,,,準工業,,,2025年第1四半期,,
中古マンション等,成約価格情報,13115,東京都,杉並区,桃井,西荻窪,13.0,26000000,１ＬＤＫ,40,1985年,ＳＲＣ,,,商業,,,2025年第1四半期,,
中古マンション等,成約価格情報,13115,東京都,杉並区,和田,東高円寺,3.0,39000000,１Ｋ,30,2020年,ＲＣ,,,商業,,,2025年第1四半期,,
中古マンション等,成約価格情報,13115,東京都,杉並区,和田,東高円寺,7.0,39000000,１ＬＤＫ,35,2007年,ＲＣ,,,１中住専,,,2025年第1四半期,,
中古マンション等,成約価格情報,13115,東京都,杉並区,和田,東高円寺,7.0,46000000,２ＬＤＫ,60,1991年,ＲＣ,,,１低住専,,,2025年第1四半期,,
中古マンション等,成約価格情報,13115,東京都,杉並区,和田,中野富士見町,3.0,77000000,３ＬＤＫ,70,2013年,ＲＣ,,,近隣商業,,,2025年第1四半期,,
中古マンション等,成約価格情報,13115,東京都,杉並区,和田,東高円寺,2.0,13000000,１Ｒ,20,1992年,ＲＣ,,,商業,,,2025年第1四半期,,
中古マンション等,成約価格情報,13115,東京都,杉並区,和田,,,23000000,１Ｋ,25,,,,,,,,2025年第1四半期,,
中古マンション等,成約価格情報,13115,東京都,杉並区,和田,東高円寺,6.0,85000000,３ＬＤＫ,80,1997年,ＲＣ,,,１中住専,,,2025年第1四半期,,
中古マンション等,成約価格情報,13115,東京都,杉並区,和田,東高円寺,12.0,79000000,３ＬＤＫ,75,2012年,ＲＣ,,,２中住専,,,2025年第1四半期,,
中古マンション等,成約価格情報,13115,東京都,杉並区,和田,中野富士見町,5.0,72000000,２ＬＤＫ,65,2015年,ＲＣ,,,準工業,,,2025年第1四半期,,
中古マンション等,成約価格情報,13115,東京都,杉並区,和田,中野富士見町,2.0,88000000,３ＬＤＫ,70,2013年,ＲＣ,,,近隣商業,,,2025年第1四半期,,
中古マンション等,成約価格情報,13115,東京都,杉並区,和田,中野富士見町,1.0,10000000,１Ｋ,25,1970年,ＲＣ,,,近隣商業,,,2025年第1四半期,,
中古マンション等,成約価格情報,13115,東京都,杉並区,阿佐谷北,阿佐ケ谷,8.0,95000000,２ＬＤＫ,65,2019年,ＲＣ,,,近隣商業,,,2025年第2四半期,,
中古マンション等,成約価格情報,13115,東京都,杉並区,阿佐谷北,阿佐ケ谷,6.0,17000000,１Ｋ,20,1992年,ＳＲＣ,,,近隣商業,,,2025年第2四半期,,
中古マンション等,成約価格情報,13115,東京都,杉並区,阿佐谷北,阿佐ケ谷,3.0,80000000,２ＬＤＫ,55,2004年,ＲＣ,,,商業,,,2025年第2四半期,,
中古マンション等,成約価格情報,13115,東京都,杉並区,阿佐谷北,阿佐ケ谷,8.0,31000000,１ＬＤＫ,55,1969年,ＲＣ,,,１低住専,,,2025年第2四半期,改装済み,
中古マンション等,成約価格情報,13115,東京都,杉並区,阿佐谷北,阿佐ケ谷,12.0,70000000,２ＬＤＫ,65,2003年,ＲＣ,,,１中住専,,,2025年第2四半期,,
中古マンション等,成約価格情報,13115,東京都,杉並区,阿佐谷北,阿佐ケ谷,14.0,21000000,３ＤＫ,50,1971年,鉄骨造,,,近隣商業,,,2025年第2四半期,,
中古マンション等,成約価格情報,13115,東京都,杉並区,阿佐谷南,南阿佐ケ谷,3.0,23000000,１ＬＤＫ,45,1989年,ＲＣ,,,商業,,,2025年第2四半期,改装済み,
中古マンション等,成約価格情報,13115,東京都,杉並区,阿佐谷南,新高円寺,7.0,46000000,１ＬＤＫ,40,2017年,ＲＣ,,,商業,,,2025年第2四半期,,
中古マンション等,成約価格情報,13115,東京都,杉並区,阿佐谷南,南阿佐ケ谷,7.0,58000000,２ＬＤＫ,65,1996年,ＲＣ,,,１低住専,,,2025年第2四半期,,
中古マンション等,成約価格情報,13115,東京都,杉並区,和泉,代田橋,12.0,54000000,２ＬＤＫ,80,2005年,ＲＣ,,,１低住専,,,2025年第2四半期,改装済み,
中古マンション等,成約価格情報,13115,東京都,杉並区,和泉,永福町,2.0,84000000,３ＬＤＫ,80,2010年,ＲＣ,,,近隣商業,,,2025年第2四半期,,
中古マンション等,成約価格情報,13115,東京都,杉並区,和泉,永福町,4.0,65000000,２ＬＤＫ,65,2015年,ＲＣ,,,２種住居,,,2025年第2四半期,,
中古マンション等,成約価格情報,13115,東京都,杉並区,和泉,方南町,2.0,37000000,２ＬＤＫ,65,1971年,ＳＲＣ,,,１低住専,,,2025年第2四半期,,
中古マンション等,成約価格情報,13115,東京都,杉並区,和泉,代田橋,8.0,35000000,１ＬＤＫ,45,1986年,ＲＣ,,,１中住専,,,2025年第2四半期,,
中古マンション等,成約価格情報,13115,東京都,杉並区,和泉,方南町,7.0,26000000,１Ｒ,20,2018年,ＲＣ,,,近隣商業,,,2025年第2四半期,,
中古マンション等,成約価格情報,13115,東京都,杉並区,和泉,代田橋,8.0,10000000,１Ｋ,20,1987年,ＲＣ,,,近隣商業,,,2025年第2四半期,,
中古マンション等,成約価格情報,13115,東京都,杉並区,和泉,方南町,6.0,84000000,２ＬＤＫ＋Ｓ,60,2015年,ＲＣ,,,近隣商業,,,2025年第2四半期,,
中古マンション等,成約価格情報,13115,東京都,杉並区,和泉,方南町,7.0,110000000,３ＬＤＫ＋Ｓ,85,2015年,ＲＣ,,,,,,2025年第2四半期,,
中古マンション等,成約価格情報,13115,東京都,杉並区,和泉,代田橋,5.0,41000000,１ＬＤＫ,40,2011年,ＲＣ,,,近隣商業,,,2025年第2四半期,,
中古マンション等,成約価格情報,13115,東京都,杉並区,和泉,明大前,7.0,64000000,１ＬＤＫ＋Ｓ,60,2004年,ＲＣ,,,２種住居,,,2025年第2四半期,,
中古マンション等,成約価格情報,13115,東京都,杉並区,和泉,方南町,2.0,40000000,１ＬＤＫ,60,1971年,ＳＲＣ,,,近隣商業,,,2025年第2四半期,,
中古マンション等,成約価格情報,13115,東京都,杉並区,和泉,方南町,8.0,14000000,１Ｒ,20,2007年,ＲＣ,,,準住居,,,2025年第2四半期,,
中古マンション等,成約価格情報,13115,東京都,杉並区,上井草,上井草,8.0,59000000,３ＬＤＫ,85,2005年,ＲＣ,,,１低住専,,,2025年第2四半期,,
中古マンション等,成約価格情報,13115,東京都,杉並区,上井草,井荻,6.0,48000000,３ＬＤＫ,75,2007年,ＲＣ,,,１低住専,,,2025年第2四半期,,
中古マンション等,成約価格情報,13115,東京都,杉並区,上井草,上井草,8.0,67000000,３ＬＤＫ,80,2005年,ＲＣ,,,１低住専,,,2025年第2四半期,,
中古マンション等,成約価格情報,13115,東京都,杉並区,上井草,上井草,5.0,110000000,４ＬＤＫ,85,2017年,ＲＣ,,,１低住専,,,2025年第2四半期,,
中古マンション等,成約価格情報,13115,東京都,杉並区,上井草,井荻,6.0,35000000,１ＬＤＫ,45,2009年,ＲＣ,,,準住居,,,2025年第2四半期,,
中古マンション等,成約価格情報,13115,東京都,杉並区,上井草,井荻,6.0,41000000,１ＬＤＫ,50,2009年,ＲＣ,,,準住居,,,2025年第2四半期,,
中古マンション等,成約価格情報,13115,東京都,杉並区,上高井戸,芦花公園,4.0,40000000,１ＬＤＫ,35,2018年,ＲＣ,,,準住居,,,2025年第2四半期,,
中古マンション等,成約価格情報,13115,東京都,杉並区,上高井戸,八幡山,4.0,28000000,１ＬＤＫ,50,1970年,ＳＲＣ,,,近隣商業,,,2025年第2四半期,,
中古マンション等,成約価格情報,13115,東京都,杉並区,上高井戸,芦花公園,4.0,39000000,１ＬＤＫ,35,2018年,ＲＣ,,,準住居,,,2025年第2四半期,,
中古マンション等,成約価格情報,13115,東京都,杉並区,松庵,西荻窪,,9800000,１Ｋ,20,1992年,ＲＣ,,,商業,,,2025年第2四半期,,
中古マンション等,成約価格情報,13115,東京都,杉並区,松庵,三鷹台,10.0,110000000,３ＬＤＫ,75,2022年,ＲＣ,,,１低住専,,,2025年第2四半期,,
中古マンション等,成約価格情報,13115,東京都,杉並区,松庵,三鷹台,10.0,120000000,３ＬＤＫ,75,2022年,ＲＣ,,,１低住専,,,2025年第2四半期,,
中古マンション等,成約価格情報,13115,東京都,杉並区,松庵,西荻窪,9.0,24000000,１Ｋ,30,2014年,ＲＣ,,,近隣商業,,,2025年第2四半期,,
中古マンション等,成約価格情報,13115,東京都,杉並区,浜田山,西永福,3.0,75000000,３ＬＤＫ,75,2006年,ＲＣ,,,１低住専,,,2025年第2四半期,,
中古マンション等,成約価格情報,13115,東京都,杉並区,浜田山,浜田山,8.0,84000000,３ＬＤＫ,80,1996年,ＲＣ,,,１低住専,,,2025年第2四半期,,
中古マンション等,成約価格情報,13115,東京都,杉並区,浜田山,浜田山,10.0,95000000,３ＬＤＫ,85,1999年,ＲＣ,,,１低住専,,,2025年第2四半期,,
中古マンション等,成約価格情報,13115,東京都,杉並区,浜田山,西永福,7.0,77000000,３ＬＤＫ,75,1997年,ＲＣ,,,１低住専,,,2025年第2四半期,,
中古マンション等,成約価格情報,13115,東京都,杉並区,浜田山,浜田山,9.0,96000000,３ＬＤＫ,70,2010年,ＲＣ,,,１低住専,,,2025年第2四半期,,
中古マンション等,成約価格情報,13115,東京都,杉並区,浜田山,西永福,3.0,80000000,２ＬＤＫ,75,2006年,ＲＣ,,,１低住専,,,2025年第2四半期,,
中古マンション等,成約価格情報,13115,東京都,杉並区,浜田山,西永福,5.0,72000000,２ＬＤＫ,60,2001年,ＳＲＣ,,,準住居,,,2025年第2四半期,,
中古マンション等,成約価格情報,13115,東京都,杉並区,浜田山,浜田山,2.0,75000000,１ＬＤＫ＋Ｓ,50,2024年,ＲＣ,,,２中住専,,,2025年第2四半期,,
中古マンション等,成約価格情報,13115,東京都,杉並区,浜田山,浜田山,9.0,120000000,３ＬＤＫ,75,2023年,ＲＣ,,,１低住専,,,2025年第2四半期,,
中古マンション等,成約価格情報,13115,東京都,杉並区,浜田山,浜田山,7.0,130000000,３ＬＤＫ,100,2005年,ＲＣ,,,１低住専,,,2025年第2四半期,,
中古マンション等,成約価格情報,13115,東京都,杉並区,本天沼,荻窪,,73000000,３ＬＤＫ,95,1988年,ＲＣ,,,１低住専,,,2025年第2四半期,,
中古マンション等,成約価格情報,13115,東京都,杉並区,桃井,荻窪,,72000000,３ＬＤＫ＋Ｓ,80,2013年,ＲＣ,,,準工業,,,2025年第2四半期,,
中古マンション等,成約価格情報,13115,東京都,杉並区,桃井,西荻窪,13.0,6800000,１Ｒ,15,1988年,ＲＣ,,,１低住専,,,2025年第2四半期,,
中古マンション等,成約価格情報,13115,東京都,杉並区,桃井,西荻窪,20.0,70000000,３ＬＤＫ,70,2013年,ＲＣ,,,準工業,,,2025年第2四半期,,
中古マンション等,成約価格情報,13115,東京都,杉並区,桃井,西荻窪,15.0,28000000,３ＬＤＫ,60,1969年,ＳＲＣ,,,近隣商業,,,2025年第2四半期,,
中古マンション等,成約価格情報,13115,東京都,杉並区,桃井,西荻窪,14.0,17000000,１ＬＤＫ,40,1985年,ＳＲＣ,,,商業,,,2025年第2四半期,改装済み,
中古マンション等,成約価格情報,13115,東京都,杉並区,和田,方南町,8.0,74000000,２ＬＤＫ＋Ｓ,75,2000年,ＲＣ,,,２中住専,,,2025年第2四半期,,
中古マンション等,成約価格情報,13115,東京都,杉並区,和田,中野富士見町,4.0,85000000,２ＬＤＫ,70,2015年,ＲＣ,,,準工業,,,2025年第2四半期,,
中古マンション等,成約価格情報,13115,東京都,杉並区,和田,東高円寺,12.0,82000000,３ＬＤＫ,75,2012年,ＲＣ,,,２低住専,,,2025年第2四半期,,
中古マンション等,成約価格情報,13115,東京都,杉並区,和田,方南町,8.0,49000000,１ＬＤＫ,55,2000年,ＲＣ,,,２中住専,,,2025年第2四半期,,
中古マンション等,成約価格情報,13115,東京都,杉並区,和田,中野富士見町,8.0,9300000,２ＤＫ,40,1967年,ＲＣ,,,１中住専,,,2025年第2四半期,,
中古マンション等,成約価格情報,13115,東京都,杉並区,和田,東高円寺,8.0,51000000,２ＬＤＫ,60,2000年,ＲＣ,,,１低住専,,,2025年第2四半期,,
中古マンション等,成約価格情報,13115,東京都,杉並区,和田,中野富士見町,4.0,78000000,３ＬＤＫ,70,2003年,ＲＣ,,,準工業,,,2025年第2四半期,,
中古マンション等,成約価格情報,13115,東京都,杉並区,阿佐谷北,阿佐ケ谷,6.0,69000000,２ＬＤＫ,65,2007年,ＲＣ,,,近隣商業,,,2025年第3四半期,,
中古マンション等,成約価格情報,13115,東京都,杉並区,阿佐谷北,阿佐ケ谷,14.0,34000000,２ＤＫ,45,1991年,ＲＣ,,,近隣商業,,,2025年第3四半期,,
中古マンション等,成約価格情報,13115,東京都,杉並区,阿佐谷北,阿佐ケ谷,14.0,14000000,１Ｋ,25,1991年,ＲＣ,,,近隣商業,,,2025年第3四半期,,
中古マンション等,成約価格情報,13115,東京都,杉並区,阿佐谷北,阿佐ケ谷,5.0,54000000,１ＬＤＫ,35,2003年,ＲＣ,,,近隣商業,,,2025年第3四半期,,
中古マンション等,成約価格情報,13115,東京都,杉並区,阿佐谷南,阿佐ケ谷,10.0,65000000,２ＬＤＫ,75,2015年,ＲＣ,,,１中住専,,,2025年第3四半期,,
中古マンション等,成約価格情報,13115,東京都,杉並区,阿佐谷南,新高円寺,7.0,43000000,１ＬＤＫ,45,2010年,ＲＣ,,,１低住専,,,2025年第3四半期,,
中古マンション等,成約価格情報,13115,東京都,杉並区,阿佐谷南,阿佐ケ谷,1.0,100000000,２ＬＤＫ,55,2009年,ＲＣ,,,商業,,,2025年第3四半期,,
中古マンション等,成約価格情報,13115,東京都,杉並区,阿佐谷南,阿佐ケ谷,3.0,91000000,２ＬＤＫ,65,1999年,ＳＲＣ,,,商業,,,2025年第3四半期,,
中古マンション等,成約価格情報,13115,東京都,杉並区,阿佐谷南,阿佐ケ谷,10.0,68000000,３ＬＤＫ,75,2015年,ＲＣ,,,１中住専,,,2025年第3四半期,,
中古マンション等,成約価格情報,13115,東京都,杉並区,阿佐谷南,荻窪,6.0,31000000,２ＬＤＫ,45,1970年,ＳＲＣ,,,商業,,,2025年第3四半期,,
中古マンション等,成約価格情報,13115,東京都,杉並区,和泉,明大前,8.0,34000000,２Ｋ,40,2002年,ＲＣ,,,２種住居,,,2025年第3四半期,,
中古マンション等,成約価格情報,13115,東京都,杉並区,和泉,代田橋,11.0,48000000,１ＬＤＫ,70,1991年,ＲＣ,,,１低住専,,,2025年第3四半期,,
中古マンション等,成約価格情報,13115,東京都,杉並区,和泉,方南町,2.0,33000000,３ＤＫ,55,1972年,ＲＣ,,,１中住専,,,2025年第3四半期,,
中古マンション等,成約価格情報,13115,東京都,杉並区,和泉,方南町,6.0,95000000,２ＬＤＫ＋Ｓ,65,2015年,ＲＣ,,,近隣商業,,,2025年第3四半期,,
中古マンション等,成約価格情報,13115,東京都,杉並区,和泉,代田橋,6.0,83000000,２ＬＤＫ,60,2007年,ＲＣ,,,商業,,,2025年第3四半期,改装済み,
中古マンション等,成約価格情報,13115,東京都,杉並区,和泉,明大前,12.0,62000000,３ＬＤＫ＋Ｓ,75,1996年,ＲＣ,,,１低住専,,,2025年第3四半期,,
中古マンション等,成約価格情報,13115,東京都,杉並区,和泉,代田橋,8.0,19000000,１Ｒ,55,1970年,ＳＲＣ,,,１中住専,,,2025年第3四半期,改装済み,
中古マンション等,成約価格情報,13115,東京都,杉並区,和泉,永福町,10.0,36000000,１ＬＤＫ,45,2013年,ＲＣ,,,準住居,,,2025年第3四半期,,
中古マンション等,成約価格情報,13115,東京都,杉並区,上井草,上井草,6.0,63000000,３ＬＤＫ,80,2005年,ＲＣ,,,１低住専,,,2025年第3四半期,,
中古マンション等,成約価格情報,13115,東京都,杉並区,上井草,井荻,12.0,50000000,３ＬＤＫ,75,2001年,ＲＣ,,,１低住専,,,2025年第3四半期,,
中古マンション等,成約価格情報,13115,東京都,杉並区,上井草,井荻,6.0,38000000,１ＬＤＫ,45,2009年,ＲＣ,,,準住居,,,2025年第3四半期,,
中古マンション等,成約価格情報,13115,東京都,杉並区,上井草,上井草,5.0,79000000,３ＬＤＫ,75,2017年,ＲＣ,,,１低住専,,,2025年第3四半期,,
中古マンション等,成約価格情報,13115,東京都,杉並区,上高井戸,芦花公園,8.0,65000000,２ＬＤＫ,80,2016年,ＲＣ,,,１低住専,,,2025年第3四半期,,
中古マンション等,成約価格情報,13115,東京都,杉並区,上高井戸,芦花公園,3.0,64000000,２ＬＤＫ,70,2002年,ＳＲＣ,,,準住居,,,2025年第3四半期,,
中古マンション等,成約価格情報,13115,東京都,杉並区,上高井戸,八幡山,7.0,36000000,２ＤＫ,65,1981年,ＲＣ,,,準住居,,,2025年第3四半期,,
中古マンション等,成約価格情報,13115,東京都,杉並区,上高井戸,八幡山,2.0,11000000,１Ｋ,20,1991年,ＲＣ,,,２中住専,,,2025年第3四半期,,
中古マンション等,成約価格情報,13115,東京都,杉並区,上高井戸,芦花公園,8.0,69000000,３ＬＤＫ＋Ｓ,85,2016年,ＲＣ,,,１低住専,,,2025年第3四半期,,
中古マンション等,成約価格情報,13115,東京都,杉並区,上高井戸,芦花公園,7.0,18000000,１Ｋ,25,2000年,ＲＣ,,,商業,,,2025年第3四半期,,
中古マンション等,成約価格情報,13115,東京都,杉並区,上高井戸,芦花公園,4.0,43000000,１ＬＤＫ,40,2018年,ＲＣ,,,準住居,,,2025年第3四半期,,
中古マンション等,成約価格情報,13115,東京都,杉並区,松庵,西荻窪,13.0,28000000,１ＬＤＫ,55,1970年,ＲＣ,,,準住居,,,2025年第3四半期,,
中古マンション等,成約価格情報,13115,東京都,杉並区,松庵,三鷹台,10.0,120000000,３ＬＤＫ,80,2022年,ＲＣ,,,１低住専,,,2025年第3四半期,,
中古マンション等,成約価格情報,13115,東京都,杉並区,松庵,三鷹台,9.0,58000000,１ＬＤＫ,60,2006年,ＲＣ,,,準住居,,,2025年第3四半期,改装済み,
中古マンション等,成約価格情報,13115,東京都,杉並区,松庵,西荻窪,7.0,9100000,１Ｒ,20,1992年,ＲＣ,,,１低住専,,,2025年第3四半期,,
中古マンション等,成約価格情報,13115,東京都,杉並区,松庵,三鷹台,10.0,26000000,２Ｋ,45,1971年,ＲＣ,,,１低住専,,,2025年第3四半期,,
中古マンション等,成約価格情報,13115,東京都,杉並区,浜田山,浜田山,2.0,74000000,１ＬＤＫ＋Ｓ,45,2024年,ＲＣ,,,２中住専,,,2025年第3四半期,,
中古マンション等,成約価格情報,13115,東京都,杉並区,浜田山,西永福,8.0,80000000,２ＬＤＫ,65,2007年,ＲＣ,,,１低住専,,,2025年第3四半期,改装済み,
中古マンション等,成約価格情報,13115,東京都,杉並区,浜田山,浜田山,4.0,64000000,２ＬＤＫ,65,2009年,ＲＣ,,,１低住専,,,2025年第3四半期,,
中古マンション等,成約価格情報,13115,東京都,杉並区,浜田山,浜田山,3.0,9600000,１Ｒ,20,1984年,ＲＣ,,,近隣商業,,,2025年第3四半期,,
中古マンション等,成約価格情報,13115,東京都,杉並区,浜田山,浜田山,5.0,170000000,３ＬＤＫ,80,2003年,ＲＣ,,,１低住専,,,2025年第3四半期,,
中古マンション等,成約価格情報,13115,東京都,杉並区,浜田山,浜田山,5.0,110000000,３ＬＤＫ,75,2004年,ＲＣ,,,近隣商業,,,2025年第3四半期,,
中古マンション等,成約価格情報,13115,東京都,杉並区,浜田山,浜田山,3.0,77000000,３ＬＤＫ,80,1985年,ＲＣ,,,１低住専,,,2025年第3四半期,,
中古マンション等,成約価格情報,13115,東京都,杉並区,本天沼,荻窪,16.0,99000000,３ＬＤＫ,95,2007年,ＲＣ,,,１低住専,,,2025年第3四半期,,
中古マンション等,成約価格情報,13115,東京都,杉並区,桃井,荻窪,15.0,19000000,１ＤＫ,30,1985年,ＲＣ,,,商業,,,2025年第3四半期,,
中古マンション等,成約価格情報,13115,東京都,杉並区,桃井,西荻窪,14.0,33000000,３ＬＤＫ＋Ｓ,50,1983年,ＲＣ,,,１中住専,,,2025年第3四半期,,
中古マンション等,成約価格情報,13115,東京都,杉並区,和田,中野富士見町,6.0,13000000,１Ｒ,30,1978年,ＲＣ,,,準工業,,,2025年第3四半期,,
中古マンション等,成約価格情報,13115,東京都,杉並区,和田,方南町,8.0,68000000,３ＬＤＫ,75,2000年,ＲＣ,,,近隣商業,,,2025年第3四半期,,
中古マンション等,成約価格情報,13115,東京都,杉並区,和田,東高円寺,3.0,82000000,２ＬＤＫ,60,2020年,ＲＣ,,,商業,,,2025年第3四半期,,
中古マンション等,成約価格情報,13115,東京都,杉並区,和田,東高円寺,7.0,43000000,１ＤＫ,35,2007年,ＲＣ,,,１低住専,,,2025年第3四半期,,
中古マンション等,成約価格情報,13115,東京都,杉並区,和田,方南町,8.0,55000000,１ＬＤＫ,55,2000年,ＲＣ,,,２中住専,,,2025年第3四半期,,
中古マンション等,成約価格情報,13115,東京都,杉並区,和田,東高円寺,7.0,40000000,１ＤＫ,40,2007年,ＲＣ,,,１中住専,,,2025年第3四半期,,
中古マンション等,成約価格情報,13115,東京都,杉並区,和田,東高円寺,12.0,85000000,３ＬＤＫ,80,2012年,ＲＣ,,,２低住専,,,2025年第3四半期,,
中古マンション等,成約価格情報,13115,東京都,杉並区,和田,中野富士見町,6.0,63000000,３ＬＤＫ,70,1997年,ＲＣ,,,１低住専,,,2025年第3四半期,,
中古マンション等,成約価格情報,13115,東京都,杉並区,和田,方南町,8.0,69000000,３ＬＤＫ,70,2000年,ＲＣ,,,２中住専,,,2025年第3四半期,,
中古マンション等,成約価格情報,13115,東京都,杉並区,和田,東高円寺,5.0,65000000,２ＬＤＫ＋Ｓ,85,2007年,ＲＣ,,,１低住専,,,2025年第3四半期,,
中古マンション等,成約価格情報,13115,東京都,杉並区,和田,東高円寺,6.0,72000000,３ＬＤＫ,70,1996年,ＲＣ,,,１種住居,,,2025年第3四半期,,
中古マンション等,成約価格情報,13115,東京都,杉並区,和田,東高円寺,10.0,4700000,１Ｒ,15,1980年,ＲＣ,,,近隣商業,,,2025年第3四半期,,
中古マンション等,成約価格情報,13115,東京都,杉並区,和田,中野富士見町,6.0,29000000,２ＬＤＫ,55,1970年,ＲＣ,,,近隣商業,,,2025年第3四半期,,
中古マンション等,成約価格情報,13115,東京都,杉並区,天沼,荻窪,15.0,34000000,１ＬＤＫ,50,2004年,ＲＣ,,,近隣商業,,,2025年第1四半期,,
中古マンション等,成約価格情報,13115,東京都,杉並区,天沼,荻窪,7.0,53000000,１ＬＤＫ,40,2003年,ＲＣ,,,,,,2025年第1四半期,,
中古マンション等,成約価格情報,13115,東京都,杉並区,天沼,荻窪,4.0,98000000,２ＬＤＫ,55,2024年,ＲＣ,,,近隣商業,,,2025年第1四半期,,
中古マンション等,成約価格情報,13115,東京都,杉並区,天沼,荻窪,5.0,18000000,１Ｋ,20,1998年,ＲＣ,,,商業,,,2025年第1四半期,,
中古マンション等,成約価格情報,13115,東京都,杉並区,天沼,荻窪,14.0,55000000,３ＬＤＫ,100,2002年,ＲＣ,,,１低住専,,,2025年第1四半期,,
中古マンション等,成約価格情報,13115,東京都,杉並区,天沼,荻窪,14.0,56000000,３ＬＤＫ,100,2002年,ＲＣ,,,１低住専,,,2025年第1四半期,,
中古マンション等,成約価格情報,13115,東京都,杉並区,天沼,荻窪,14.0,60000000,３ＬＤＫ,100,2002年,ＲＣ,,,１低住専,,,2025年第1四半期,,
中古マンション等,成約価格情報,13115,東京都,杉並区,成田西,浜田山,16.0,70000000,２ＬＤＫ,80,2003年,ＲＣ,,,１低住専,,,2025年第1四半期,,
中古マンション等,成約価格情報,13115,東京都,杉並区,方南,方南町,4.0,23000000,１ＬＤＫ,40,1975年,ＳＲＣ,,,近隣商業,,,2025年第1四半期,,
中古マンション等,成約価格情報,13115,東京都,杉並区,方南,方南町,2.0,99000000,３ＬＤＫ,70,2017年,ＲＣ,,,１中住専,,,2025年第1四半期,,
中古マンション等,成約価格情報,13115,東京都,杉並区,方南,方南町,2.0,86000000,２ＬＤＫ,55,2017年,ＲＣ,,,１中住専,,,2025年第1四半期,,
中古マンション等,成約価格情報,13115,東京都,杉並区,方南,方南町,2.0,110000000,２ＬＤＫ＋Ｓ,70,2017年,ＲＣ,,,１中住専,,,2025年第1四半期,,
中古マンション等,成約価格情報,13115,東京都,杉並区,方南,方南町,3.0,32000000,３ＤＫ,55,1972年,ＳＲＣ,,,近隣商業,,,2025年第1四半期,,
中古マンション等,成約価格情報,13115,東京都,杉並区,方南,方南町,9.0,48000000,２ＬＤＫ,50,1971年,ＳＲＣ,,,１中住専,,,2025年第1四半期,,
中古マンション等,成約価格情報,13115,東京都,杉並区,方南,方南町,3.0,16000000,２ＤＫ,35,1972年,ＳＲＣ,,,近隣商業,,,2025年第1四半期,改装済み,
中古マンション等,成約価格情報,13115,東京都,杉並区,方南,笹塚,10.0,71000000,２ＬＤＫ,65,2005年,ＲＣ,,,１中住専,,,2025年第1四半期,,
中古マンション等,成約価格情報,13115,東京都,杉並区,方南,方南町,9.0,66000000,４ＬＤＫ,95,1971年,ＳＲＣ,,,１低住専,,,2025年第1四半期,,
中古マンション等,成約価格情報,13115,東京都,杉並区,方南,方南町,7.0,97000000,３ＬＤＫ,75,2021年,ＲＣ,,,１低住専,,,2025年第1四半期,,
中古マンション等,成約価格情報,13115,東京都,杉並区,方南,方南町,,23000000,１Ｒ,30,2003年,ＲＣ,,,近隣商業,,,2025年第1四半期,,
中古マンション等,成約価格情報,13115,東京都,杉並区,方南,方南町,9.0,40000000,２ＤＫ,50,1971年,ＳＲＣ,,,１低住専,,,2025年第1四半期,,
中古マンション等,成約価格情報,13115,東京都,杉並区,方南,方南町,3.0,24000000,２ＤＫ,45,1982年,ＲＣ,,,近隣商業,,,2025年第1四半期,,
中古マンション等,成約価格情報,13115,東京都,杉並区,方南,代田橋,8.0,23000000,１Ｋ,30,2005年,ＲＣ,,,近隣商業,,,2025年第1四半期,,
中古マンション等,成約価格情報,13115,東京都,杉並区,天沼,荻窪,13.0,18000000,１ＬＤＫ,40,1979年,鉄骨造,,,近隣商業,,,2025年第2四半期,,
中古マンション等,成約価格情報,13115,東京都,杉並区,天沼,荻窪,6.0,85000000,２ＬＤＫ,90,1990年,ＲＣ,,,１中住専,,,2025年第2四半期,,
中古マンション等,成約価格情報,13115,東京都,杉並区,天沼,荻窪,5.0,16000000,１Ｋ,20,1995年,ＲＣ,,,近隣商業,,,2025年第2四半期,,
中古マンション等,成約価格情報,13115,東京都,杉並区,天沼,荻窪,2.0,40000000,１ＬＤＫ,35,1986年,ＲＣ,,,商業,,,2025年第2四半期,,
中古マンション等,成約価格情報,13115,東京都,杉並区,天沼,荻窪,14.0,23000000,３Ｋ,50,1977年,ＲＣ,,,近隣商業,,,2025年第2四半期,,
中古マンション等,成約価格情報,13115,東京都,杉並区,方南,方南町,3.0,22000000,１ＬＤＫ,35,1973年,ＳＲＣ,,,近隣商業,,,2025年第2四半期,,
中古マンション等,成約価格情報,13115,東京都,杉並区,方南,笹塚,12.0,80000000,３ＬＤＫ,70,2014年,ＲＣ,,,１低住専,,,2025年第2四半期,,
中古マンション等,成約価格情報,13115,東京都,杉並区,方南,方南町,2.0,85000000,３ＬＤＫ,70,2017年,ＲＣ,,,１中住専,,,2025年第2四半期,,
中古マンション等,成約価格情報,13115,東京都,杉並区,方南,方南町,2.0,100000000,３ＬＤＫ＋Ｓ,70,2017年,ＲＣ,,,１中住専,,,2025年第2四半期,,
中古マンション等,成約価格情報,13115,東京都,杉並区,方南,笹塚,12.0,24000000,１Ｒ,35,2003年,ＲＣ,,,近隣商業,,,2025年第2四半期,,
中古マンション等,成約価格情報,13115,東京都,杉並区,天沼,荻窪,4.0,53000000,１ＬＤＫ,30,2024年,ＲＣ,,,商業,,,2025年第3四半期,,
中古マンション等,成約価格情報,13115,東京都,杉並区,天沼,荻窪,5.0,16000000,２Ｋ,30,1973年,ＲＣ,,,１中住専,,,2025年第3四半期,,
中古マンション等,成約価格情報,13115,東京都,杉並区,天沼,荻窪,5.0,46000000,１ＬＤＫ,55,1995年,ＲＣ,,,近隣商業,,,2025年第3四半期,,
中古マンション等,成約価格情報,13115,東京都,杉並区,成田西,浜田山,15.0,16000000,１Ｋ,25,2007年,ＲＣ,,,１低住専,,,2025年第3四半期,,
中古マンション等,成約価格情報,13115,東京都,杉並区,方南,方南町,2.0,11000000,１Ｒ,15,1990年,ＲＣ,,,近隣商業,,,2025年第3四半期,,
中古マンション等,成約価格情報,13115,東京都,杉並区,方南,方南町,1.0,34000000,２ＬＤＫ,50,1974年,ＲＣ,,,商業,,,2025年第3四半期,,
中古マンション等,成約価格情報,13115,東京都,杉並区,方南,方南町,5.0,20000000,１Ｋ,20,2003年,ＲＣ,,,近隣商業,,,2025年第3四半期,,
中古マンション等,成約価格情報,13115,東京都,杉並区,梅里,新高円寺,7.0,24000000,２ＤＫ,40,1973年,ＳＲＣ,,,,,,2025年第1四半期,,
中古マンション等,成約価格情報,13115,東京都,杉並区,久我山,久我山,5.0,64000000,３ＬＤＫ,75,1996年,ＲＣ,,,１低住専,,,2025年第1四半期,,
中古マンション等,成約価格情報,13115,東京都,杉並区,高円寺南,高円寺,8.0,15000000,１Ｋ,20,1991年,ＲＣ,,,２中住専,,,2025年第1四半期,,
中古マンション等,成約価格情報,13115,東京都,杉並区,高円寺南,高円寺,6.0,82000000,２ＬＤＫ,55,2014年,ＲＣ,,,近隣商業,,,2025年第1四半期,,
中古マンション等,成約価格情報,13115,東京都,杉並区,高円寺南,高円寺,3.0,56000000,２ＬＤＫ,55,1996年,ＲＣ,,,近隣商業,,,2025年第1四半期,,
中古マンション等,成約価格情報,13115,東京都,杉並区,高円寺南,高円寺,9.0,13000000,１ＤＫ,30,1970年,ＳＲＣ,,,２中住専,,,2025年第1四半期,,
中古マンション等,成約価格情報,13115,東京都,杉並区,高円寺南,高円寺,7.0,12000000,１ＤＫ,40,1970年,ＲＣ,,,,,,2025年第1四半期,,
中古マンション等,成約価格情報,13115,東京都,杉並区,高円寺南,東高円寺,2.0,42000000,１ＤＫ,30,2007年,ＲＣ,,,１中住専,,,2025年第1四半期,,
中古マンション等,成約価格情報,13115,東京都,杉並区,高円寺南,東高円寺,1.0,36000000,１ＬＤＫ,40,1974年,ＳＲＣ,,,商業,,,2025年第1四半期,,
中古マンション等,成約価格情報,13115,東京都,杉並区,高円寺南,高円寺,10.0,12000000,１Ｒ,15,1991年,ＲＣ,,,１中住専,,,2025年第1四半期,,
中古マンション等,成約価格情報,13115,東京都,杉並区,下井草,下井草,10.0,12000000,１ＤＫ,30,1973年,ＲＣ,,,１中住専,,,2025年第1四半期,,
中古マンション等,成約価格情報,13115,東京都,杉並区,下井草,下井草,2.0,18000000,１ＤＫ,35,1974年,ＲＣ,,,近隣商業,,,2025年第1四半期,,
中古マンション等,成約価格情報,13115,東京都,杉並区,下井草,井荻,8.0,39000000,２ＬＤＫ,55,1996年,ＲＣ,,,１中住専,,,2025年第1四半期,,
中古マンション等,成約価格情報,13115,東京都,杉並区,下井草,下井草,8.0,48000000,３ＬＤＫ,65,2004年,ＲＣ,,,１低住専,,,2025年第1四半期,,
中古マンション等,成約価格情報,13115,東京都,杉並区,下高井戸,下高井戸,2.0,12000000,１Ｒ,20,1987年,,,,,,,2025年第1四半期,,
中古マンション等,成約価格情報,13115,東京都,杉並区,下高井戸,桜上水,7.0,30000000,２ＬＤＫ,65,1971年,ＳＲＣ,,,,,,2025年第1四半期,,
中古マンション等,成約価格情報,13115,東京都,杉並区,下高井戸,桜上水,3.0,12000000,２Ｋ,40,1971年,ＲＣ,,,近隣商業,,,2025年第1四半期,,
中古マンション等,成約価格情報,13115,東京都,杉並区,下高井戸,桜上水,6.0,60000000,１ＬＤＫ,55,2011年,ＲＣ,,,１低住専,,,2025年第1四半期,,
中古マンション等,成約価格情報,13115,東京都,杉並区,下高井戸,桜上水,6.0,62000000,２ＬＤＫ,60,2011年,ＲＣ,,,１低住専,,,2025年第1四半期,,
中古マンション等,成約価格情報,13115,東京都,杉並区,高井戸西,高井戸,7.0,9600000,１Ｒ,25,1986年,ＲＣ,,,１中住専,,,2025年第1四半期,,
中古マンション等,成約価格情報,13115,東京都,杉並区,高井戸東,浜田山,6.0,190000000,３ＬＤＫ,100,2009年,ＲＣ,,,１中住専,,,2025年第1四半期,,
中古マンション等,成約価格情報,13115,東京都,杉並区,高井戸東,高井戸,6.0,5500000,１Ｒ,15,1984年,ＲＣ,,,準住居,,,2025年第1四半期,,
中古マンション等,成約価格情報,13115,東京都,杉並区,高井戸東,高井戸,3.0,50000000,１ＬＤＫ,45,2011年,ＲＣ,,,近隣商業,,,2025年第1四半期,,
中古マンション等,成約価格情報,13115,東京都,杉並区,高井戸東,高井戸,8.0,82000000,３ＬＤＫ,75,2013年,ＲＣ,,,２種住居,,,2025年第1四半期,,
中古マンション等,成約価格情報,13115,東京都,杉並区,高井戸東,高井戸,5.0,88000000,３ＬＤＫ,75,2017年,ＲＣ,,,１中住専,,,2025年第1四半期,,
中古マンション等,成約価格情報,13115,東京都,杉並区,高井戸東,浜田山,6.0,72000000,３ＬＤＫ,75,1998年,ＲＣ,,,１低住専,,,2025年第1四半期,,
中古マンション等,成約価格情報,13115,東京都,杉並区,高井戸東,高井戸,7.0,78000000,３ＬＤＫ,70,2013年,ＲＣ,,,２種住居,,,2025年第1四半期,,
中古マンション等,成約価格情報,13115,東京都,杉並区,高井戸東,浜田山,7.0,130000000,３ＬＤＫ,90,2017年,ＲＣ,,,２中住専,,,2025年第1四半期,,
中古マンション等,成約価格情報,13115,東京都,杉並区,高井戸東,高井戸,2.0,23000000,１Ｋ,25,2012年,ＲＣ,,,２種住居,,,2025年第1四半期,,
中古マンション等,成約価格情報,13115,東京都,杉並区,高井戸東,浜田山,6.0,200000000,３ＬＤＫ,105,2009年,ＲＣ,,,１中住専,,,2025年第1四半期,,
中古マンション等,成約価格情報,13115,東京都,杉並区,高井戸東,高井戸,11.0,35000000,１ＬＤＫ,50,2001年,ＲＣ,,,準住居,,,2025年第1四半期,,
中古マンション等,成約価格情報,13115,東京都,杉並区,高井戸東,浜田山,7.0,130000000,２ＬＤＫ,85,2017年,ＲＣ,,,２中住専,,,2025年第1四半期,,
中古マンション等,成約価格情報,13115,東京都,杉並区,高井戸東,高井戸,9.0,31000000,３ＬＤＫ,70,1974年,ＲＣ,,,近隣商業,,,2025年第1四半期,,
中古マンション等,成約価格情報,13115,東京都,杉並区,高井戸東,高井戸,,24000000,１Ｋ,25,2012年,ＲＣ,,,１低住専,,,2025年第1四半期,,
中古マンション等,成約価格情報,13115,東京都,杉並区,西荻北,西荻窪,4.0,54000000,１ＬＤＫ＋Ｓ,75,2013年,ＲＣ,,,１低住専,,,2025年第1四半期,,
中古マンション等,成約価格情報,13115,東京都,杉並区,西荻北,西荻窪,7.0,26000000,１ＬＤＫ,35,1984年,ＲＣ,,,１低住専,,,2025年第1四半期,,
中古マンション等,成約価格情報,13115,東京都,杉並区,西荻北,西荻窪,2.0,38000000,１ＤＫ,35,2003年,ＲＣ,,,２中住専,,,2025年第1四半期,,
中古マンション等,成約価格情報,13115,東京都,杉並区,西荻北,西荻窪,5.0,45000000,１Ｋ,45,1998年,ＲＣ,,,１中住専,,,2025年第1四半期,,
中古マンション等,成約価格情報,13115,東京都,杉並区,西荻北,西荻窪,5.0,19000000,２Ｋ,40,1970年,ＲＣ,,,１中住専,,,2025年第1四半期,,
中古マンション等,成約価格情報,13115,東京都,杉並区,西荻北,西荻窪,4.0,23000000,１ＬＤＫ,40,1981年,ＲＣ,,,近隣商業,,,2025年第1四半期,改装済み,
中古マンション等,成約価格情報,13115,東京都,杉並区,西荻北,荻窪,13.0,16000000,１ＤＫ,30,1972年,ＲＣ,,,１中住専,,,2025年第1四半期,,
中古マンション等,成約価格情報,13115,東京都,杉並区,西荻南,西荻窪,9.0,94000000,２ＬＤＫ,65,2012年,ＲＣ,,,近隣商業,,,2025年第1四半期,,
中古マンション等,成約価格情報,13115,東京都,杉並区,西荻南,西荻窪,5.0,80000000,２ＬＤＫ,60,2013年,ＲＣ,,,近隣商業,,,2025年第1四半期,,
中古マンション等,成約価格情報,13115,東京都,杉並区,西荻南,西荻窪,3.0,44000000,１ＬＤＫ,45,2001年,ＳＲＣ,,,商業,,,2025年第1四半期,,
中古マンション等,成約価格情報,13115,東京都,杉並区,西荻南,西荻窪,6.0,40000000,２ＬＤＫ,60,1973年,ＲＣ,,,近隣商業,,,2025年第1四半期,,
中古マンション等,成約価格情報,13115,東京都,杉並区,西荻南,西荻窪,3.0,93000000,２ＬＤＫ,60,2001年,ＳＲＣ,,,商業,,,2025年第1四半期,改装済み,
中古マンション等,成約価格情報,13115,東京都,杉並区,西荻南,西荻窪,6.0,26000000,３ＤＫ,50,1970年,ＲＣ,,,近隣商業,,,2025年第1四半期,,
中古マンション等,成約価格情報,13115,東京都,杉並区,堀ノ内,新高円寺,11.0,89000000,３ＬＤＫ,100,2000年,ＲＣ,,,１中住専,,,2025年第1四半期,改装済み,
中古マンション等,成約価格情報,13115,東京都,杉並区,堀ノ内,方南町,5.0,95000000,３ＬＤＫ,70,2024年,ＲＣ,,,準工業,,,2025年第1四半期,,
中古マンション等,成約価格情報,13115,東京都,杉並区,堀ノ内,方南町,7.0,67000000,３ＬＤＫ,75,2003年,ＲＣ,,,準工業,,,2025年第1四半期,,
中古マンション等,成約価格情報,13115,東京都,杉並区,堀ノ内,方南町,5.0,88000000,３ＬＤＫ,65,2024年,ＲＣ,,,準工業,,,2025年第1四半期,,
中古マンション等,成約価格情報,13115,東京都,杉並区,堀ノ内,新高円寺,11.0,22000000,１ＬＤＫ,35,1988年,ＲＣ,,,１種住居,,,2025年第1四半期,,
中古マンション等,成約価格情報,13115,東京都,杉並区,堀ノ内,方南町,7.0,29000000,１ＬＤＫ,40,1987年,ＲＣ,,,２種住居,,,2025年第1四半期,,
中古マンション等,成約価格情報,13115,東京都,杉並区,堀ノ内,方南町,13.0,48000000,１ＬＤＫ,55,2009年,ＲＣ,,,近隣商業,,,2025年第1四半期,,
中古マンション等,成約価格情報,13115,東京都,杉並区,堀ノ内,方南町,7.0,33000000,３ＤＫ,60,1986年,ＲＣ,,,１種住居,,,2025年第1四半期,,
中古マンション等,成約価格情報,13115,東京都,杉並区,堀ノ内,方南町,8.0,63000000,１ＬＤＫ＋Ｓ,70,2002年,ＳＲＣ,,,近隣商業,,,2025年第1四半期,,
中古マンション等,成約価格情報,13115,東京都,杉並区,堀ノ内,方南町,7.0,22000000,１Ｋ,35,1989年,ＲＣ,,,近隣商業,,,2025年第1四半期,,
中古マンション等,成約価格情報,13115,東京都,杉並区,堀ノ内,新高円寺,11.0,57000000,２ＬＤＫ,70,2000年,ＲＣ,,,１中住専,,,2025年第1四半期,,
中古マンション等,成約価格情報,13115,東京都,杉並区,宮前,富士見ケ丘,11.0,32000000,３ＬＤＫ,85,2000年,ＲＣ,,,準工業,,,2025年第1四半期,,
中古マンション等,成約価格情報,13115,東京都,杉並区,宮前,西荻窪,10.0,18000000,１ＬＤＫ,30,1991年,ＲＣ,,,,,,2025年第1四半期,,
中古マンション等,成約価格情報,13115,東京都,杉並区,宮前,西荻窪,13.0,85000000,３ＬＤＫ,75,2013年,ＲＣ,,,１低住専,,,2025年第1四半期,,
中古マンション等,成約価格情報,13115,東京都,杉並区,宮前,富士見ケ丘,14.0,35000000,２ＬＤＫ,90,2000年,ＲＣ,,,準工業,,,2025年第1四半期,,
中古マンション等,成約価格情報,13115,東京都,杉並区,梅里,新高円寺,3.0,49000000,２ＬＤＫ＋Ｓ,65,1972年,ＳＲＣ,,,商業,,,2025年第2四半期,,
中古マンション等,成約価格情報,13115,東京都,杉並区,梅里,新高円寺,7.0,30000000,１ＬＤＫ,35,1996年,ＲＣ,,,１中住専,,,2025年第2四半期,,
中古マンション等,成約価格情報,13115,東京都,杉並区,梅里,新高円寺,7.0,25000000,２ＤＫ,40,1973年,ＳＲＣ,,,商業,,,2025年第2四半期,,
中古マンション等,成約価格情報,13115,東京都,杉並区,梅里,新高円寺,1.0,73000000,２ＬＤＫ＋Ｓ,70,1992年,ＳＲＣ,,,商業,,,2025年第2四半期,,
中古マンション等,成約価格情報,13115,東京都,杉並区,梅里,新高円寺,1.0,30000000,１Ｒ,35,1992年,ＳＲＣ,,,商業,,,2025年第2四半期,,
中古マンション等,成約価格情報,13115,東京都,杉並区,梅里,南阿佐ケ谷,5.0,20000000,１Ｒ,30,1973年,ＳＲＣ,,,商業,,,2025年第2四半期,,
中古マンション等,成約価格情報,13115,東京都,杉並区,梅里,新高円寺,2.0,16000000,１ＬＤＫ,35,1974年,ＳＲＣ,,,商業,,,2025年第2四半期,,
中古マンション等,成約価格情報,13115,東京都,杉並区,久我山,久我山,10.0,15000000,１Ｒ,30,1976年,ＲＣ,,,１種住居,,,2025年第2四半期,,
中古マンション等,成約価格情報,13115,東京都,杉並区,久我山,久我山,8.0,72000000,２ＬＤＫ,75,2003年,ＲＣ,,,１中住専,,,2025年第2四半期,,
中古マンション等,成約価格情報,13115,東京都,杉並区,久我山,久我山,5.0,80000000,３ＬＤＫ,90,2003年,ＲＣ,,,１低住専,,,2025年第2四半期,,
中古マンション等,成約価格情報,13115,東京都,杉並区,久我山,富士見ケ丘,3.0,46000000,１ＬＤＫ,55,1996年,ＲＣ,,,近隣商業,,,2025年第2四半期,,
中古マンション等,成約価格情報,13115,東京都,杉並区,久我山,久我山,10.0,20000000,１Ｋ,30,1976年,ＲＣ,,,１中住専,,,2025年第2四半期,,
中古マンション等,成約価格情報,13115,東京都,杉並区,久我山,久我山,3.0,66000000,２ＬＤＫ,90,1966年,ＲＣ,,,１中住専,,,2025年第2四半期,,
中古マンション等,成約価格情報,13115,東京都,杉並区,久我山,久我山,6.0,20000000,１Ｋ,20,2006年,ＲＣ,,,２中住専,,,2025年第2四半期,,
中古マンション等,成約価格情報,13115,東京都,杉並区,高円寺南,高円寺,7.0,40000000,３ＤＫ,55,1972年,ＳＲＣ,,,１中住専,,,2025年第2四半期,,
中古マンション等,成約価格情報,13115,東京都,杉並区,高円寺南,高円寺,3.0,41000000,１ＬＤＫ,40,1996年,ＳＲＣ,,,商業,,,2025年第2四半期,,
中古マンション等,成約価格情報,13115,東京都,杉並区,高円寺南,東高円寺,1.0,31000000,２ＤＫ,50,1974年,ＳＲＣ,,,近隣商業,,,2025年第2四半期,,
中古マンション等,成約価格情報,13115,東京都,杉並区,高円寺南,高円寺,8.0,8900000,１Ｒ,15,1984年,ＲＣ,,,１中住専,,,2025年第2四半期,,
中古マンション等,成約価格情報,13115,東京都,杉並区,高円寺南,中野(東京),9.0,150000000,３ＬＤＫ,85,2015年,ＲＣ,,,１低住専,,,2025年第2四半期,,
中古マンション等,成約価格情報,13115,東京都,杉並区,高円寺南,高円寺,6.0,30000000,１ＬＤＫ,50,1983年,ＲＣ,,,商業,,,2025年第2四半期,,
中古マンション等,成約価格情報,13115,東京都,杉並区,高円寺南,東高円寺,4.0,27000000,１Ｋ,25,2017年,ＲＣ,,,近隣商業,,,2025年第2四半期,,
中古マンション等,成約価格情報,13115,東京都,杉並区,高円寺南,東高円寺,2.0,11000000,１Ｒ,20,1986年,ＲＣ,,,１中住専,,,2025年第2四半期,,
中古マンション等,成約価格情報,13115,東京都,杉並区,高円寺南,東高円寺,4.0,32000000,１ＤＫ,30,1995年,ＲＣ,,,近隣商業,,,2025年第2四半期,,
中古マンション等,成約価格情報,13115,東京都,杉並区,下井草,下井草,7.0,52000000,２ＬＤＫ,80,1997年,ＲＣ,,,１低住専,,,2025年第2四半期,,
中古マンション等,成約価格情報,13115,東京都,杉並区,下井草,下井草,3.0,8900000,１ＤＫ,35,1971年,ＲＣ,,,１中住専,,,2025年第2四半期,,
中古マンション等,成約価格情報,13115,東京都,杉並区,下高井戸,桜上水,5.0,31000000,２ＬＤＫ,50,1978年,ＳＲＣ,,,近隣商業,,,2025年第2四半期,,
中古マンション等,成約価格情報,13115,東京都,杉並区,下高井戸,上北沢,8.0,79000000,２ＬＤＫ＋Ｓ,75,2006年,ＲＣ,,,１低住専,,,2025年第2四半期,,
中古マンション等,成約価格情報,13115,東京都,杉並区,下高井戸,桜上水,5.0,30000000,１ＬＤＫ,40,2003年,ＲＣ,,,１種住居,,,2025年第2四半期,,
中古マンション等,成約価格情報,13115,東京都,杉並区,下高井戸,桜上水,6.0,16000000,１ＤＫ,35,1974年,ＳＲＣ,,,近隣商業,,,2025年第2四半期,,
中古マンション等,成約価格情報,13115,東京都,杉並区,下高井戸,桜上水,5.0,56000000,２ＬＤＫ,55,2003年,ＲＣ,,,近隣商業,,,2025年第2四半期,,
中古マンション等,成約価格情報,13115,東京都,杉並区,下高井戸,桜上水,6.0,27000000,１ＤＫ,40,2006年,ＲＣ,,,近隣商業,,,2025年第2四半期,,
中古マンション等,成約価格情報,13115,東京都,杉並区,下高井戸,上北沢,8.0,78000000,４ＬＤＫ,95,2000年,ＲＣ,,,１低住専,,,2025年第2四半期,,
中古マンション等,成約価格情報,13115,東京都,杉並区,下高井戸,桜上水,3.0,23000000,１ＬＤＫ,40,1971年,ＲＣ,,,近隣商業,,,2025年第2四半期,改装済み,
中古マンション等,成約価格情報,13115,東京都,杉並区,高井戸西,高井戸,9.0,57000000,２ＬＤＫ,75,2014年,ＲＣ,,,１低住専,,,2025年第2四半期,,
中古マンション等,成約価格情報,13115,東京都,杉並区,高井戸西,高井戸,10.0,17000000,１Ｋ,25,2006年,ＲＣ,,,１種住居,,,2025年第2四半期,,
中古マンション等,成約価格情報,13115,東京都,杉並区,高井戸西,高井戸,7.0,85000000,２ＬＤＫ＋Ｓ,80,2010年,ＲＣ,,,１中住専,,,2025年第2四半期,,
中古マンション等,成約価格情報,13115,東京都,杉並区,高井戸西,高井戸,4.0,100000000,３ＬＤＫ,80,2003年,ＲＣ,,,近隣商業,,,2025年第2四半期,,
中古マンション等,成約価格情報,13115,東京都,杉並区,高井戸西,高井戸,4.0,65000000,２ＬＤＫ,60,2003年,ＲＣ,,,近隣商業,,,2025年第2四半期,,
中古マンション等,成約価格情報,13115,東京都,杉並区,高井戸西,高井戸,5.0,83000000,２ＬＤＫ,80,2010年,ＲＣ,,,１低住専,,,2025年第2四半期,,
中古マンション等,成約価格情報,13115,東京都,杉並区,高井戸西,高井戸,2.0,36000000,１Ｒ,50,1998年,ＲＣ,,,近隣商業,,,2025年第2四半期,,
中古マンション等,成約価格情報,13115,東京都,杉並区,高井戸西,高井戸,2.0,30000000,２ＤＫ,60,1977年,ＳＲＣ,,,近隣商業,,,2025年第2四半期,改装済み,
中古マンション等,成約価格情報,13115,東京都,杉並区,高井戸東,高井戸,3.0,30000000,１Ｋ,50,1976年,ＲＣ,,,近隣商業,,,2025年第2四半期,,
中古マンション等,成約価格情報,13115,東京都,杉並区,高井戸東,高井戸,5.0,87000000,３ＬＤＫ,80,1998年,ＲＣ,,,１中住専,,,2025年第2四半期,,
中古マンション等,成約価格情報,13115,東京都,杉並区,高井戸東,高井戸,9.0,35000000,２ＬＤＫ,60,1974年,ＳＲＣ,,,近隣商業,,,2025年第2四半期,改装済み,
中古マンション等,成約価格情報,13115,東京都,杉並区,高井戸東,浜田山,9.0,300000000,３ＬＤＫ＋Ｓ,160,2009年,ＲＣ,,,１低住専,,,2025年第2四半期,,
中古マンション等,成約価格情報,13115,東京都,杉並区,高井戸東,浜田山,5.0,180000000,２ＬＤＫ,90,2009年,ＲＣ,,,１中住専,,,2025年第2四半期,,
中古マンション等,成約価格情報,13115,東京都,杉並区,高井戸東,高井戸,9.0,37000000,１Ｋ,30,2024年,ＲＣ,,,近隣商業,,,2025年第2四半期,,
中古マンション等,成約価格情報,13115,東京都,杉並区,高井戸東,高井戸,6.0,7200000,１Ｒ,15,1984年,ＲＣ,,,準住居,,,2025年第2四半期,,
中古マンション等,成約価格情報,13115,東京都,杉並区,高井戸東,浜田山,8.0,100000000,３ＬＤＫ,80,2017年,ＲＣ,,,２中住専,,,2025年第2四半期,,
中古マンション等,成約価格情報,13115,東京都,杉並区,高井戸東,高井戸,11.0,47000000,３ＬＤＫ,65,1984年,ＲＣ,,,準住居,,,2025年第2四半期,,
中古マンション等,成約価格情報,13115,東京都,杉並区,高井戸東,浜田山,6.0,140000000,２ＬＤＫ,85,2009年,ＲＣ,,,１中住専,,,2025年第2四半期,,
中古マンション等,成約価格情報,13115,東京都,杉並区,高井戸東,高井戸,7.0,100000000,２ＬＤＫ＋Ｓ,90,2013年,ＲＣ,,,２種住居,,,2025年第2四半期,,
中古マンション等,成約価格情報,13115,東京都,杉並区,高井戸東,高井戸,2.0,30000000,１ＬＤＫ,45,1974年,ＳＲＣ,,,近隣商業,,,2025年第2四半期,,
中古マンション等,成約価格情報,13115,東京都,杉並区,西荻北,西荻窪,4.0,70000000,２ＬＤＫ＋Ｓ,80,2013年,ＲＣ,,,１低住専,,,2025年第2四半期,,
中古マンション等,成約価格情報,13115,東京都,杉並区,西荻北,西荻窪,2.0,9800000,１Ｒ,15,1983年,ＲＣ,,,２種住居,,,2025年第2四半期,,
中古マンション等,成約価格情報,13115,東京都,杉並区,西荻北,西荻窪,5.0,100000000,３ＬＤＫ,75,2005年,ＲＣ,,,１中住専,,,2025年第2四半期,,
中古マンション等,成約価格情報,13115,東京都,杉並区,西荻北,西荻窪,7.0,40000000,１ＬＤＫ,40,1973年,ＲＣ,,,１中住専,,,2025年第2四半期,,
中古マンション等,成約価格情報,13115,東京都,杉並区,西荻北,西荻窪,6.0,28000000,１Ｒ,50,1970年,ＳＲＣ,,,近隣商業,,,2025年第2四半期,,
中古マンション等,成約価格情報,13115,東京都,杉並区,西荻南,西荻窪,2.0,47000000,２ＤＫ,45,1987年,ＳＲＣ,,,商業,,,2025年第2四半期,,
中古マンション等,成約価格情報,13115,東京都,杉並区,西荻南,西荻窪,2.0,52000000,１ＬＤＫ,60,1973年,ＲＣ,,,近隣商業,,,2025年第2四半期,,
中古マンション等,成約価格情報,13115,東京都,杉並区,西荻南,西荻窪,9.0,98000000,２ＬＤＫ,70,2012年,ＲＣ,,,近隣商業,,,2025年第2四半期,,
中古マンション等,成約価格情報,13115,東京都,杉並区,堀ノ内,東高円寺,10.0,18000000,１ＤＫ,35,1972年,ＲＣ,,,１種住居,,,2025年第2四半期,改装済み,
中古マンション等,成約価格情報,13115,東京都,杉並区,堀ノ内,方南町,7.0,70000000,３ＬＤＫ,75,2003年,ＲＣ,,,準工業,,,2025年第2四半期,,
中古マンション等,成約価格情報,13115,東京都,杉並区,堀ノ内,東高円寺,13.0,63000000,２ＬＤＫ,65,2007年,ＲＣ,,,１種住居,,,2025年第2四半期,,
中古マンション等,成約価格情報,13115,東京都,杉並区,堀ノ内,方南町,10.0,60000000,２ＬＤＫ,50,2023年,ＲＣ,,,１低住専,,,2025年第2四半期,,
中古マンション等,成約価格情報,13115,東京都,杉並区,堀ノ内,新高円寺,13.0,76000000,２ＬＤＫ,85,2000年,ＲＣ,,,１種住居,,,2025年第2四半期,改装済み,
中古マンション等,成約価格情報,13115,東京都,杉並区,堀ノ内,方南町,8.0,66000000,２ＬＤＫ＋Ｓ,60,2010年,ＲＣ,,,１種住居,,,2025年第2四半期,,
中古マンション等,成約価格情報,13115,東京都,杉並区,堀ノ内,方南町,6.0,190000000,３ＬＤＫ,145,1989年,ＲＣ,,,１種住居,,,2025年第2四半期,,
中古マンション等,成約価格情報,13115,東京都,杉並区,堀ノ内,方南町,5.0,70000000,２ＬＤＫ,60,2013年,ＲＣ,,,準工業,,,2025年第2四半期,,
中古マンション等,成約価格情報,13115,東京都,杉並区,堀ノ内,方南町,9.0,48000000,１ＬＤＫ,45,2016年,ＲＣ,,,近隣商業,,,2025年第2四半期,,
中古マンション等,成約価格情報,13115,東京都,杉並区,堀ノ内,東高円寺,14.0,38000000,３ＤＫ,60,1994年,ＲＣ,,,近隣商業,,,2025年第2四半期,,
中古マンション等,成約価格情報,13115,東京都,杉並区,堀ノ内,新高円寺,9.0,17000000,１ＬＤＫ,40,1972年,ＲＣ,,,２種住居,,,2025年第2四半期,,
中古マンション等,成約価格情報,13115,東京都,杉並区,堀ノ内,方南町,8.0,60000000,２ＬＤＫ,65,2002年,ＳＲＣ,,,近隣商業,,,2025年第2四半期,,
中古マンション等,成約価格情報,13115,東京都,杉並区,堀ノ内,方南町,9.0,47000000,３ＬＤＫ,80,1979年,ＲＣ,,,１種住居,,,2025年第2四半期,,
中古マンション等,成約価格情報,13115,東京都,杉並区,宮前,西荻窪,13.0,77000000,３ＬＤＫ,100,1984年,ＲＣ,,,１低住専,,,2025年第2四半期,,
中古マンション等,成約価格情報,13115,東京都,杉並区,宮前,荻窪,16.0,110000000,３ＬＤＫ,120,2002年,ＲＣ,,,１中住専,,,2025年第2四半期,,
中古マンション等,成約価格情報,13115,東京都,杉並区,宮前,久我山,12.0,6500000,１Ｒ,15,1984年,ＲＣ,,,準住居,,,2025年第2四半期,,
中古マンション等,成約価格情報,13115,東京都,杉並区,宮前,西荻窪,12.0,91000000,３ＬＤＫ,70,2013年,ＲＣ,,,１低住専,,,2025年第2四半期,,
中古マンション等,成約価格情報,13115,東京都,杉並区,宮前,久我山,13.0,43000000,２ＬＤＫ,65,2002年,ＲＣ,,,２種住居,,,2025年第2四半期,,
中古マンション等,成約価格情報,13115,東京都,杉並区,梅里,新高円寺,7.0,45000000,１ＬＤＫ,35,1996年,ＲＣ,,,１中住専,,,2025年第3四半期,,
中古マンション等,成約価格情報,13115,東京都,杉並区,梅里,新高円寺,3.0,30000000,２ＬＤＫ,60,1972年,ＳＲＣ,,,商業,,,2025年第3四半期,,
中古マンション等,成約価格情報,13115,東京都,杉並区,梅里,新高円寺,7.0,29000000,１ＬＤＫ,40,1971年,ＳＲＣ,,,１中住専,,,2025年第3四半期,,
中古マンション等,成約価格情報,13115,東京都,杉並区,梅里,新高円寺,3.0,44000000,１Ｋ,35,2020年,ＲＣ,,,商業,,,2025年第3四半期,,
中古マンション等,成約価格情報,13115,東京都,杉並区,梅里,新高円寺,8.0,20000000,１ＬＤＫ,35,1973年,ＳＲＣ,,,商業,,,2025年第3四半期,,
中古マンション等,成約価格情報,13115,東京都,杉並区,久我山,三鷹台,2.0,67000000,１ＬＤＫ,60,2009年,ＲＣ,,,１低住専,,,2025年第3四半期,,
中古マンション等,成約価格情報,13115,東京都,杉並区,久我山,久我山,2.0,34000000,２ＤＫ,40,1971年,ＳＲＣ,,,２中住専,,,2025年第3四半期,,
中古マンション等,成約価格情報,13115,東京都,杉並区,久我山,久我山,9.0,69000000,３ＬＤＫ,80,2003年,ＲＣ,,,１中住専,,,2025年第3四半期,,
中古マンション等,成約価格情報,13115,東京都,杉並区,久我山,久我山,8.0,89000000,２ＬＤＫ,70,2010年,ＲＣ,,,準工業,,,2025年第3四半期,,
中古マンション等,成約価格情報,13115,東京都,杉並区,久我山,久我山,9.0,90000000,３ＬＤＫ,80,2003年,ＲＣ,,,１低住専,,,2025年第3四半期,,
中古マンション等,成約価格情報,13115,東京都,杉並区,久我山,久我山,4.0,63000000,２ＬＤＫ,90,1966年,ＲＣ,,,１中住専,,,2025年第3四半期,,
中古マンション等,成約価格情報,13115,東京都,杉並区,高円寺南,中野(東京),8.0,90000000,３ＬＤＫ,65,2000年,ＲＣ,,,１低住専,,,2025年第3四半期,改装済み,
中古マンション等,成約価格情報,13115,東京都,杉並区,高円寺南,新高円寺,3.0,43000000,１ＬＤＫ,45,2003年,ＲＣ,,,商業,,,2025年第3四半期,,
中古マンション等,成約価格情報,13115,東京都,杉並区,高円寺南,中野(東京),10.0,75000000,３ＬＤＫ,70,1999年,ＲＣ,,,１低住専,,,2025年第3四半期,,
中古マンション等,成約価格情報,13115,東京都,杉並区,高円寺南,高円寺,4.0,92000000,３ＬＤＫ＋Ｓ,110,1981年,ＲＣ,,,商業,,,2025年第3四半期,改装済み,
中古マンション等,成約価格情報,13115,東京都,杉並区,高円寺南,中野(東京),7.0,28000000,２ＬＤＫ,55,1981年,ＳＲＣ,,,１低住専,,,2025年第3四半期,,
中古マンション等,成約価格情報,13115,東京都,杉並区,高円寺南,高円寺,9.0,12000000,２Ｋ,30,1970年,ＳＲＣ,,,近隣商業,,,2025年第3四半期,,
中古マンション等,成約価格情報,13115,東京都,杉並区,高円寺南,高円寺,2.0,46000000,２ＬＤＫ,55,1979年,ＳＲＣ,,,商業,,,2025年第3四半期,,
中古マンション等,成約価格情報,13115,東京都,杉並区,高円寺南,新高円寺,3.0,21000000,１ＬＤＫ,30,1972年,ＳＲＣ,,,２中住専,,,2025年第3四半期,,
中古マンション等,成約価格情報,13115,東京都,杉並区,高円寺南,新高円寺,4.0,39000000,１ＬＤＫ,40,1996年,ＲＣ,,,２中住専,,,2025年第3四半期,改装済み,
中古マンション等,成約価格情報,13115,東京都,杉並区,高円寺南,高円寺,9.0,11000000,１Ｒ,20,1991年,ＲＣ,,,１中住専,,,2025年第3四半期,,
中古マンション等,成約価格情報,13115,東京都,杉並区,高円寺南,新高円寺,4.0,68000000,１ＬＤＫ,90,1982年,ＲＣ,,,１中住専,,,2025年第3四半期,改装済み,
中古マンション等,成約価格情報,13115,東京都,杉並区,高円寺南,中野(東京),11.0,82000000,２ＬＤＫ＋Ｓ,75,2000年,ＲＣ,,,１低住専,,,2025年第3四半期,,
中古マンション等,成約価格情報,13115,東京都,杉並区,下井草,井荻,8.0,40000000,２ＬＤＫ,60,1973年,ＲＣ,,,近隣商業,,,2025年第3四半期,,
中古マンション等,成約価格情報,13115,東京都,杉並区,下井草,井荻,6.0,29000000,１Ｋ,40,2004年,ＲＣ,,,準住居,,,2025年第3四半期,,
中古マンション等,成約価格情報,13115,東京都,杉並区,下高井戸,桜上水,5.0,21000000,２ＬＤＫ,65,1979年,ＲＣ,,,１低住専,,,2025年第3四半期,,
中古マンション等,成約価格情報,13115,東京都,杉並区,下高井戸,上北沢,8.0,81000000,３ＬＤＫ,80,2006年,ＲＣ,,,１低住専,,,2025年第3四半期,,
中古マンション等,成約価格情報,13115,東京都,杉並区,下高井戸,桜上水,5.0,14000000,１Ｋ,25,1996年,ＳＲＣ,,,近隣商業,,,2025年第3四半期,,
中古マンション等,成約価格情報,13115,東京都,杉並区,下高井戸,下高井戸,2.0,14000000,１Ｋ,25,1987年,ＳＲＣ,,,商業,,,2025年第3四半期,,
中古マンション等,成約価格情報,13115,東京都,杉並区,下高井戸,桜上水,3.0,14000000,１ＤＫ,40,1971年,ＲＣ,,,１種住居,,,2025年第3四半期,,
中古マンション等,成約価格情報,13115,東京都,杉並区,下高井戸,桜上水,5.0,22000000,１Ｋ,20,2005年,ＳＲＣ,,,,,,2025年第3四半期,,
中古マンション等,成約価格情報,13115,東京都,杉並区,下高井戸,下高井戸,4.0,19000000,１ＤＫ,30,1973年,,,,近隣商業,,,2025年第3四半期,,
中古マンション等,成約価格情報,13115,東京都,杉並区,下高井戸,桜上水,6.0,62000000,３ＬＤＫ,70,1971年,ＳＲＣ,,,近隣商業,,,2025年第3四半期,,
中古マンション等,成約価格情報,13115,東京都,杉並区,高井戸西,高井戸,4.0,67000000,２ＬＤＫ,60,2003年,ＲＣ,,,近隣商業,,,2025年第3四半期,,
中古マンション等,成約価格情報,13115,東京都,杉並区,高井戸西,高井戸,2.0,67000000,２ＬＤＫ,70,2013年,ＲＣ,,,１低住専,,,2025年第3四半期,,
中古マンション等,成約価格情報,13115,東京都,杉並区,高井戸西,高井戸,2.0,39000000,２ＤＫ,60,1977年,ＳＲＣ,,,近隣商業,,,2025年第3四半期,,
中古マンション等,成約価格情報,13115,東京都,杉並区,高井戸東,高井戸,9.0,63000000,３ＬＤＫ,70,2000年,ＲＣ,,,１低住専,,,2025年第3四半期,,
中古マンション等,成約価格情報,13115,東京都,杉並区,高井戸東,高井戸,2.0,40000000,３ＤＫ,75,1978年,ＲＣ,,,近隣商業,,,2025年第3四半期,,
中古マンション等,成約価格情報,13115,東京都,杉並区,高井戸東,浜田山,5.0,190000000,３ＬＤＫ,90,2009年,ＲＣ,,,１中住専,,,2025年第3四半期,,
中古マンション等,成約価格情報,13115,東京都,杉並区,高井戸東,高井戸,6.0,9800000,１Ｒ,20,1986年,ＲＣ,,,近隣商業,,,2025年第3四半期,,
中古マンション等,成約価格情報,13115,東京都,杉並区,高井戸東,高井戸,12.0,43000000,２ＬＤＫ,60,1985年,ＲＣ,,,１低住専,,,2025年第3四半期,,
中古マンション等,成約価格情報,13115,東京都,杉並区,高井戸東,高井戸,3.0,77000000,３ＬＤＫ,65,2011年,ＲＣ,,,近隣商業,,,2025年第3四半期,,
中古マンション等,成約価格情報,13115,東京都,杉並区,高井戸東,高井戸,10.0,40000000,３ＬＤＫ,60,1985年,ＲＣ,,,準工業,,,2025年第3四半期,,
中古マンション等,成約価格情報,13115,東京都,杉並区,高井戸東,高井戸,8.0,87000000,３ＬＤＫ,100,1987年,ＲＣ,,,１低住専,,,2025年第3四半期,,
中古マンション等,成約価格情報,13115,東京都,杉並区,高井戸東,高井戸,3.0,63000000,１ＬＤＫ＋Ｓ,55,2011年,ＲＣ,,,１中住専,,,2025年第3四半期,,
中古マンション等,成約価格情報,13115,東京都,杉並区,高井戸東,浜田山,8.0,32000000,３ＤＫ,50,1971年,ＲＣ,,,２種住居,,,2025年第3四半期,,
中古マンション等,成約価格情報,13115,東京都,杉並区,西荻北,西荻窪,8.0,19000000,１Ｒ,20,1984年,ＲＣ,,,１低住専,,,2025年第3四半期,,
中古マンション等,成約価格情報,13115,東京都,杉並区,西荻北,西荻窪,2.0,110000000,３ＬＤＫ,70,2012年,ＲＣ,,,近隣商業,,,2025年第3四半期,,
中古マンション等,成約価格情報,13115,東京都,杉並区,西荻北,西荻窪,9.0,77000000,２ＬＤＫ,75,2009年,ＲＣ,,,１低住専,,,2025年第3四半期,,
中古マンション等,成約価格情報,13115,東京都,杉並区,西荻北,西荻窪,7.0,38000000,１ＬＤＫ,45,1973年,ＲＣ,,,１中住専,,,2025年第3四半期,,
中古マンション等,成約価格情報,13115,東京都,杉並区,西荻北,西荻窪,6.0,71000000,２ＬＤＫ,80,1991年,ＲＣ,,,１中住専,,,2025年第3四半期,,
中古マンション等,成約価格情報,13115,東京都,杉並区,西荻北,西荻窪,12.0,22000000,２ＬＤＫ,50,1968年,ＲＣ,,,１中住専,,,2025年第3四半期,,
中古マンション等,成約価格情報,13115,東京都,杉並区,西荻北,西荻窪,6.0,24000000,１Ｋ,20,1984年,ＲＣ,,,１低住専,,,2025年第3四半期,,
中古マンション等,成約価格情報,13115,東京都,杉並区,西荻北,西荻窪,6.0,47000000,１ＬＤＫ＋Ｓ,55,1971年,ＳＲＣ,,,１中住専,,,2025年第3四半期,,
中古マンション等,成約価格情報,13115,東京都,杉並区,西荻南,西荻窪,5.0,55000000,１ＬＤＫ,40,2021年,ＲＣ,,,近隣商業,,,2025年第3四半期,,
中古マンション等,成約価格情報,13115,東京都,杉並区,西荻南,西荻窪,8.0,20000000,１Ｋ,25,2002年,ＲＣ,,,近隣商業,,,2025年第3四半期,,
中古マンション等,成約価格情報,13115,東京都,杉並区,西荻南,西荻窪,5.0,24000000,１Ｋ,30,2007年,ＲＣ,,,近隣商業,,,2025年第3四半期,,
中古マンション等,成約価格情報,13115,東京都,杉並区,西荻南,西荻窪,7.0,15000000,１Ｋ,20,1996年,ＲＣ,,,２中住専,,,2025年第3四半期,,
中古マンション等,成約価格情報,13115,東京都,杉並区,西荻南,西荻窪,2.0,65000000,１ＬＤＫ,45,2001年,ＳＲＣ,,,近隣商業,,,2025年第3四半期,,
中古マンション等,成約価格情報,13115,東京都,杉並区,西荻南,西荻窪,5.0,97000000,２ＬＤＫ,60,2021年,ＲＣ,,,近隣商業,,,2025年第3四半期,,
中古マンション等,成約価格情報,13115,東京都,杉並区,西荻南,西荻窪,6.0,36000000,２ＬＤＫ,60,1973年,ＲＣ,,,近隣商業,,,2025年第3四半期,,
中古マンション等,成約価格情報,13115,東京都,杉並区,西荻南,西荻窪,2.0,70000000,２ＬＤＫ,65,2003年,ＲＣ,,,近隣商業,,,2025年第3四半期,,
中古マンション等,成約価格情報,13115,東京都,杉並区,堀ノ内,東高円寺,11.0,27000000,２Ｋ,30,1999年,ＳＲＣ,,,近隣商業,,,2025年第3四半期,,
中古マンション等,成約価格情報,13115,東京都,杉並区,堀ノ内,方南町,5.0,100000000,３ＬＤＫ,70,2024年,ＲＣ,,,準工業,,,2025年第3四半期,,
中古マンション等,成約価格情報,13115,東京都,杉並区,堀ノ内,方南町,6.0,92000000,３ＬＤＫ,85,2003年,ＲＣ,,,２種住居,,,2025年第3四半期,,
中古マンション等,成約価格情報,13115,東京都,杉並区,堀ノ内,方南町,10.0,50000000,２ＬＤＫ,55,1988年,ＲＣ,,,１種住居,,,2025年第3四半期,,
中古マンション等,成約価格情報,13115,東京都,杉並区,堀ノ内,方南町,1.0,13000000,１Ｒ,25,1985年,ＳＲＣ,,,商業,,,2025年第3四半期,,
中古マンション等,成約価格情報,13115,東京都,杉並区,堀ノ内,方南町,5.0,96000000,３ＬＤＫ,65,2024年,ＲＣ,,,準工業,,,2025年第3四半期,,
中古マンション等,成約価格情報,13115,東京都,杉並区,堀ノ内,方南町,7.0,73000000,３ＬＤＫ,65,2010年,ＲＣ,,,１種住居,,,2025年第3四半期,,
中古マンション等,成約価格情報,13115,東京都,杉並区,堀ノ内,新高円寺,11.0,5900000,１Ｒ,15,1986年,ＲＣ,,,１種住居,,,2025年第3四半期,,
中古マンション等,成約価格情報,13115,東京都,杉並区,堀ノ内,方南町,12.0,55000000,２ＬＤＫ＋Ｓ,75,2016年,軽量鉄骨造,,,１種住居,,,2025年第3四半期,,
中古マンション等,成約価格情報,13115,東京都,杉並区,堀ノ内,方南町,9.0,47000000,２ＬＤＫ,55,1994年,ＲＣ,,,近隣商業,,,2025年第3四半期,,
中古マンション等,成約価格情報,13115,東京都,杉並区,堀ノ内,新高円寺,14.0,42000000,１ＬＤＫ,60,1994年,ＲＣ,,,近隣商業,,,2025年第3四半期,,
中古マンション等,成約価格情報,13115,東京都,杉並区,堀ノ内,方南町,1.0,20000000,１Ｋ,25,1985年,ＳＲＣ,,,商業,,,2025年第3四半期,,
中古マンション等,成約価格情報,13115,東京都,杉並区,堀ノ内,方南町,9.0,39000000,１ＬＤＫ,45,2016年,ＲＣ,,,近隣商業,,,2025年第3四半期,,
中古マンション等,成約価格情報,13115,東京都,杉並区,堀ノ内,方南町,5.0,110000000,３ＬＤＫ,75,2024年,ＲＣ,,,準工業,,,2025年第3四半期,,
中古マンション等,成約価格情報,13115,東京都,杉並区,宮前,富士見ケ丘,11.0,29000000,３ＬＤＫ,85,2000年,ＲＣ,,,準工業,,,2025年第3四半期,,
中古マンション等,成約価格情報,13115,東京都,杉並区,宮前,富士見ケ丘,9.0,63000000,３ＬＤＫ,70,1995年,ＲＣ,,,準住居,,,2025年第3四半期,,
中古マンション等,成約価格情報,13115,東京都,杉並区,宮前,久我山,13.0,60000000,３ＬＤＫ,75,1996年,ＲＣ,,,１低住専,,,2025年第3四半期,,
中古マンション等,成約価格情報,13115,東京都,杉並区,宮前,久我山,10.0,83000000,２ＬＤＫ＋Ｓ,85,2003年,ＲＣ,,,１低住専,,,2025年第3四半期,,
中古マンション等,成約価格情報,13115,東京都,杉並区,宮前,西荻窪,12.0,100000000,３ＬＤＫ,75,2013年,ＲＣ,,,１低住専,,,2025年第3四半期,,
中古マンション等,成約価格情報,13115,東京都,杉並区,宮前,久我山,11.0,46000000,２ＬＤＫ,60,1991年,ＲＣ,,,１低住専,,,2025年第3四半期,,
中古マンション等,成約価格情報,13115,東京都,杉並区,宮前,西荻窪,10.0,9600000,１Ｒ,20,1991年,ＲＣ,,,１種住居,,,2025年第3四半期,,
中古マンション等,成約価格情報,13115,東京都,杉並区,宮前,高井戸,10.0,27000000,１ＤＫ,55,1974年,ＳＲＣ,,,準工業,,,2025年第3四半期,,
中古マンション等,不動産取引価格情報,13115,東京都,杉並区,阿佐谷北,阿佐ケ谷,7.0,95000000,,55,2019年,ＲＣ,住宅,,近隣商業,80.0,400.0,2025年第3四半期,,
中古マンション等,不動産取引価格情報,13115,東京都,杉並区,阿佐谷北,阿佐ケ谷,8.0,80000000,３ＬＤＫ,80,2025年,鉄骨造,住宅,住宅,１中住専,60.0,200.0,2025年第3四半期,未改装,
中古マンション等,不動産取引価格情報,13115,東京都,杉並区,阿佐谷北,阿佐ケ谷,8.0,49000000,１ＬＤＫ,45,1984年,ＲＣ,住宅,住宅,２種住居,60.0,200.0,2025年第2四半期,,
中古マンション等,不動産取引価格情報,13115,東京都,杉並区,阿佐谷北,阿佐ケ谷,14.0,40000000,２ＬＤＫ,50,1991年,ＲＣ,住宅,住宅,近隣商業,80.0,300.0,2025年第2四半期,,
中古マンション等,不動産取引価格情報,13115,東京都,杉並区,阿佐谷北,阿佐ケ谷,8.0,11000000,１Ｋ,15,1993年,ＲＣ,住宅,住宅,近隣商業,80.0,400.0,2025年第2四半期,未改装,
中古マンション等,不動産取引価格情報,13115,東京都,杉並区,阿佐谷北,阿佐ケ谷,9.0,14000000,１Ｋ,15,1995年,ＲＣ,住宅,住宅,２種住居,60.0,200.0,2025年第2四半期,未改装,
中古マンション等,不動産取引価格情報,13115,東京都,杉並区,阿佐谷北,阿佐ケ谷,8.0,16000000,１Ｋ,20,1993年,ＲＣ,住宅,住宅,近隣商業,80.0,400.0,2025年第1四半期,未改装,
中古マンション等,不動産取引価格情報,13115,東京都,杉並区,阿佐谷北,阿佐ケ谷,3.0,79000000,２ＬＤＫ,50,2004年,ＲＣ,住宅,住宅,商業,80.0,500.0,2025年第1四半期,,
中古マンション等,不動産取引価格情報,13115,東京都,杉並区,阿佐谷北,阿佐ケ谷,3.0,90000000,２ＬＤＫ,55,2004年,ＲＣ,住宅,住宅,商業,80.0,500.0,2025年第1四半期,改装済み,
中古マンション等,不動産取引価格情報,13115,東京都,杉並区,阿佐谷北,阿佐ケ谷,8.0,50000000,２ＤＫ,45,1994年,ＲＣ,住宅,住宅,近隣商業,80.0,300.0,2025年第1四半期,改装済み,
中古マンション等,不動産取引価格情報,13115,東京都,杉並区,阿佐谷北,阿佐ケ谷,8.0,41000000,２ＬＤＫ,45,1984年,ＲＣ,住宅,住宅,２種住居,60.0,200.0,2024年第4四半期,改装済み,
中古マンション等,不動産取引価格情報,13115,東京都,杉並区,阿佐谷北,阿佐ケ谷,8.0,16000000,１Ｋ,15,1993年,ＲＣ,住宅,住宅,近隣商業,80.0,400.0,2024年第4四半期,,
中古マンション等,不動産取引価格情報,13115,東京都,杉並区,阿佐谷北,阿佐ケ谷,3.0,63000000,２ＬＤＫ,50,2002年,ＳＲＣ,住宅,,商業,80.0,500.0,2024年第4四半期,未改装,
中古マンション等,不動産取引価格情報,13115,東京都,杉並区,阿佐谷北,阿佐ケ谷,8.0,65000000,２ＬＤＫ,50,2020年,ＲＣ,住宅,住宅,２種住居,60.0,200.0,2024年第3四半期,未改装,
中古マンション等,不動産取引価格情報,13115,東京都,杉並区,阿佐谷北,阿佐ケ谷,14.0,21000000,３ＬＤＫ,55,1971年,鉄骨造,住宅,住宅,近隣商業,80.0,300.0,2024年第3四半期,,
中古マンション等,不動産取引価格情報,13115,東京都,杉並区,阿佐谷北,阿佐ケ谷,8.0,92000000,１ＬＤＫ,60,2020年,ＲＣ,住宅,住宅,２種住居,60.0,200.0,2024年第2四半期,未改装,
中古マンション等,不動産取引価格情報,13115,東京都,杉並区,阿佐谷北,阿佐ケ谷,9.0,80000000,３ＬＤＫ,90,1990年,ＲＣ,住宅,住宅,２種住居,60.0,200.0,2024年第2四半期,改装済み,
中古マンション等,不動産取引価格情報,13115,東京都,杉並区,阿佐谷北,阿佐ケ谷,8.0,44000000,２ＬＤＫ,45,1984年,ＲＣ,住宅,住宅,２種住居,60.0,200.0,2023年第4四半期,改装済み,
中古マンション等,不動産取引価格情報,13115,東京都,杉並区,阿佐谷北,阿佐ケ谷,3.0,32000000,１Ｋ,25,2017年,ＲＣ,住宅,住宅,商業,80.0,500.0,2023年第4四半期,未改装,
中古マンション等,不動産取引価格情報,13115,東京都,杉並区,阿佐谷北,阿佐ケ谷,13.0,11000000,１Ｒ,15,1991年,ＲＣ,住宅,住宅,１中住専,60.0,200.0,2023年第4四半期,未改装,
中古マンション等,不動産取引価格情報,13115,東京都,杉並区,阿佐谷北,阿佐ケ谷,10.0,7300000,１Ｋ,10,1984年,ＲＣ,住宅,事務所,１低住専,60.0,150.0,2023年第4四半期,改装済み,
中古マンション等,不動産取引価格情報,13115,東京都,杉並区,阿佐谷北,阿佐ケ谷,10.0,61000000,２ＬＤＫ,55,1996年,ＲＣ,住宅,住宅,近隣商業,80.0,400.0,2023年第4四半期,改装済み,
中古マンション等,不動産取引価格情報,13115,東京都,杉並区,阿佐谷北,阿佐ケ谷,7.0,43000000,２ＬＤＫ,50,2003年,ＲＣ,住宅,住宅,近隣商業,80.0,300.0,2023年第4四半期,未改装,
中古マンション等,不動産取引価格情報,13115,東京都,杉並区,阿佐谷北,高円寺,14.0,35000000,１ＬＤＫ,40,1991年,ＲＣ,住宅,住宅,近隣商業,80.0,300.0,2025年第1四半期,改装済み,
中古マンション等,不動産取引価格情報,13115,東京都,杉並区,阿佐谷北,鷺ノ宮,12.0,28000000,１Ｋ,25,2016年,ＲＣ,住宅,その他,１種住居,60.0,300.0,2025年第1四半期,,
中古マンション等,不動産取引価格情報,13115,東京都,杉並区,阿佐谷北,鷺ノ宮,10.0,45000000,２ＬＤＫ,50,2000年,ＲＣ,住宅,,１種住居,60.0,300.0,2024年第4四半期,未改装,
中古マンション等,不動産取引価格情報,13115,東京都,杉並区,阿佐谷北,鷺ノ宮,12.0,25000000,１Ｋ,25,2016年,ＲＣ,住宅,住宅,１種住居,60.0,300.0,2024年第3四半期,未改装,
中古マンション等,不動産取引価格情報,13115,東京都,杉並区,阿佐谷北,鷺ノ宮,12.0,23000000,１Ｋ,25,2016年,ＲＣ,住宅,住宅,１種住居,60.0,300.0,2024年第3四半期,未改装,
中古マンション等,不動産取引価格情報,13115,東京都,杉並区,阿佐谷北,鷺ノ宮,12.0,24000000,１Ｋ,25,2016年,ＲＣ,住宅,住宅,１種住居,60.0,300.0,2024年第2四半期,未改装,
中古マンション等,不動産取引価格情報,13115,東京都,杉並区,阿佐谷南,阿佐ケ谷,1.0,150000000,２ＬＤＫ,75,2011年,ＲＣ,住宅,住宅,商業,80.0,600.0,2025年第2四半期,未改装,
中古マンション等,不動産取引価格情報,13115,東京都,杉並区,阿佐谷南,阿佐ケ谷,6.0,12000000,１Ｋ,15,1988年,ＲＣ,住宅,事務所,１中住専,60.0,200.0,2025年第1四半期,改装済み,
中古マンション等,不動産取引価格情報,13115,東京都,杉並区,阿佐谷南,阿佐ケ谷,5.0,6600000,１Ｋ,15,1992年,ＲＣ,住宅,その他,１中住専,60.0,200.0,2024年第4四半期,,
中古マンション等,不動産取引価格情報,13115,東京都,杉並区,阿佐谷南,阿佐ケ谷,3.0,14000000,１Ｋ,15,1984年,ＲＣ,住宅,住宅,商業,80.0,500.0,2024年第2四半期,未改装,
中古マンション等,不動産取引価格情報,13115,東京都,杉並区,阿佐谷南,阿佐ケ谷,8.0,12000000,１Ｋ,15,1991年,ＲＣ,住宅,住宅,１低住専,60.0,150.0,2024年第1四半期,未改装,
中古マンション等,不動産取引価格情報,13115,東京都,杉並区,阿佐谷南,阿佐ケ谷,1.0,95000000,２ＬＤＫ,65,2011年,ＲＣ,住宅,その他,商業,80.0,600.0,2024年第1四半期,未改装,
中古マンション等,不動産取引価格情報,13115,東京都,杉並区,阿佐谷南,阿佐ケ谷,1.0,92000000,２ＬＤＫ,65,2011年,ＲＣ,住宅,住宅,商業,80.0,600.0,2024年第1四半期,未改装,
中古マンション等,不動産取引価格情報,13115,東京都,杉並区,阿佐谷南,阿佐ケ谷,7.0,12000000,１Ｋ,15,1988年,ＲＣ,住宅,住宅,１中住専,60.0,200.0,2023年第4四半期,未改装,
中古マンション等,不動産取引価格情報,13115,東京都,杉並区,阿佐谷南,荻窪,8.0,27000000,１Ｋ,30,2010年,ＳＲＣ,住宅,住宅,商業,80.0,400.0,2025年第2四半期,,
中古マンション等,不動産取引価格情報,13115,東京都,杉並区,阿佐谷南,荻窪,8.0,34000000,１ＬＤＫ,40,2010年,ＳＲＣ,住宅,住宅,商業,80.0,400.0,2025年第1四半期,未改装,
中古マンション等,不動産取引価格情報,13115,東京都,杉並区,阿佐谷南,荻窪,8.0,34000000,１ＤＫ,40,2010年,ＳＲＣ,住宅,住宅,商業,80.0,400.0,2024年第3四半期,改装済み,
中古マンション等,不動産取引価格情報,13115,東京都,杉並区,阿佐谷南,荻窪,8.0,45000000,１ＬＤＫ,40,2010年,ＳＲＣ,住宅,住宅,商業,80.0,400.0,2024年第3四半期,改装済み,
中古マンション等,不動産取引価格情報,13115,東京都,杉並区,阿佐谷南,荻窪,8.0,31000000,１ＬＤＫ,40,2010年,ＳＲＣ,住宅,住宅,商業,80.0,400.0,2024年第1四半期,未改装,
中古マンション等,不動産取引価格情報,13115,東京都,杉並区,阿佐谷南,新高円寺,7.0,22000000,１Ｋ,20,2007年,ＲＣ,住宅,住宅,１中住専,60.0,200.0,2025年第1四半期,改装済み,
中古マンション等,不動産取引価格情報,13115,東京都,杉並区,阿佐谷南,新高円寺,7.0,72000000,３ＬＤＫ,65,2010年,ＲＣ,住宅,住宅,１中住専,60.0,200.0,2025年第1四半期,未改装,
中古マンション等,不動産取引価格情報,13115,東京都,杉並区,阿佐谷南,新高円寺,7.0,68000000,３ＬＤＫ,60,2010年,ＲＣ,住宅,住宅,１中住専,60.0,200.0,2023年第4四半期,改装済み,
中古マンション等,不動産取引価格情報,13115,東京都,杉並区,阿佐谷南,東高円寺,7.0,46000000,１ＬＤＫ,35,2017年,ＲＣ,住宅,住宅,商業,80.0,400.0,2025年第2四半期,未改装,
中古マンション等,不動産取引価格情報,13115,東京都,杉並区,阿佐谷南,南阿佐ケ谷,2.0,50000000,１ＤＫ,35,2000年,ＳＲＣ,住宅,住宅,商業,80.0,500.0,2025年第1四半期,未改装,
中古マンション等,不動産取引価格情報,13115,東京都,杉並区,阿佐谷南,南阿佐ケ谷,4.0,73000000,１ＬＤＫ＋Ｓ,55,2001年,ＲＣ,住宅,住宅,商業,80.0,500.0,2025年第1四半期,未改装,
中古マンション等,不動産取引価格情報,13115,東京都,杉並区,阿佐谷南,南阿佐ケ谷,2.0,97000000,２ＬＤＫ,85,2003年,ＳＲＣ,,住宅,商業,80.0,400.0,2025年第1四半期,未改装,
中古マンション等,不動産取引価格情報,13115,東京都,杉並区,阿佐谷南,南阿佐ケ谷,6.0,72000000,３ＬＤＫ,70,2018年,鉄骨造,住宅,住宅,１中住専,60.0,200.0,2024年第4四半期,改装済み,
中古マンション等,不動産取引価格情報,13115,東京都,杉並区,阿佐谷南,南阿佐ケ谷,2.0,130000000,３ＬＤＫ,85,2003年,ＳＲＣ,住宅,住宅,商業,80.0,400.0,2024年第3四半期,改装済み,
中古マンション等,不動産取引価格情報,13115,東京都,杉並区,阿佐谷南,南阿佐ケ谷,3.0,37000000,１ＬＤＫ,35,1997年,ＲＣ,住宅,住宅,商業,80.0,400.0,2024年第3四半期,未改装,
中古マンション等,不動産取引価格情報,13115,東京都,杉並区,阿佐谷南,南阿佐ケ谷,2.0,47000000,１ＬＤＫ,35,2004年,ＲＣ,住宅,住宅,商業,80.0,500.0,2024年第3四半期,未改装,
中古マンション等,不動産取引価格情報,13115,東京都,杉並区,阿佐谷南,南阿佐ケ谷,4.0,40000000,１ＬＤＫ,35,2001年,ＲＣ,住宅,住宅,商業,80.0,500.0,2024年第2四半期,,
中古マンション等,不動産取引価格情報,13115,東京都,杉並区,阿佐谷南,南阿佐ケ谷,2.0,49000000,１ＬＤＫ,40,2012年,ＲＣ,住宅,住宅,商業,80.0,400.0,2024年第2四半期,改装済み,
中古マンション等,不動産取引価格情報,13115,東京都,杉並区,阿佐谷南,南阿佐ケ谷,9.0,56000000,３ＬＤＫ,70,1994年,ＲＣ,住宅,その他,１低住専,60.0,150.0,2024年第2四半期,未改装,
中古マンション等,不動産取引価格情報,13115,東京都,杉並区,阿佐谷南,南阿佐ケ谷,8.0,30000000,１Ｋ,25,2016年,ＲＣ,住宅,住宅,１低住専,60.0,150.0,2024年第2四半期,未改装,
中古マンション等,不動産取引価格情報,13115,東京都,杉並区,阿佐谷南,南阿佐ケ谷,9.0,30000000,１ＤＫ,35,1974年,ＳＲＣ,住宅,住宅,商業,80.0,400.0,2023年第4四半期,改装済み,
中古マンション等,不動産取引価格情報,13115,東京都,杉並区,阿佐谷南,南阿佐ケ谷,8.0,45000000,１ＬＤＫ,40,2016年,ＲＣ,住宅,住宅,１低住専,60.0,150.0,2023年第4四半期,未改装,
中古マンション等,不動産取引価格情報,13115,東京都,杉並区,阿佐谷南,南阿佐ケ谷,8.0,27000000,１Ｋ,25,2016年,ＲＣ,住宅,住宅,１低住専,60.0,150.0,2023年第4四半期,未改装,
中古マンション等,不動産取引価格情報,13115,東京都,杉並区,天沼,荻窪,4.0,77000000,,55,1991年,ＲＣ,住宅,住宅,近隣商業,80.0,300.0,2025年第2四半期,改装済み,
中古マンション等,不動産取引価格情報,13115,東京都,杉並区,天沼,荻窪,14.0,22000000,１Ｋ,20,2010年,ＲＣ,住宅,住宅,近隣商業,80.0,300.0,2025年第2四半期,,
中古マンション等,不動産取引価格情報,13115,東京都,杉並区,天沼,荻窪,8.0,30000000,２ＤＫ,40,1984年,ＲＣ,住宅,住宅,１中住専,60.0,200.0,2025年第2四半期,未改装,
中古マンション等,不動産取引価格情報,13115,東京都,杉並区,天沼,荻窪,5.0,19000000,１ＤＫ,15,1998年,ＲＣ,住宅,その他,商業,80.0,400.0,2025年第1四半期,,
中古マンション等,不動産取引価格情報,13115,東京都,杉並区,天沼,荻窪,7.0,80000000,２ＬＤＫ,80,1986年,ＲＣ,住宅,住宅,近隣商業,80.0,300.0,2025年第1四半期,未改装,
中古マンション等,不動産取引価格情報,13115,東京都,杉並区,天沼,荻窪,10.0,33000000,２ＤＫ,40,1984年,ＲＣ,住宅,住宅,１中住専,60.0,200.0,2025年第1四半期,未改装,
中古マンション等,不動産取引価格情報,13115,東京都,杉並区,天沼,荻窪,14.0,43000000,,50,2004年,ＲＣ,住宅,,近隣商業,80.0,300.0,2025年第1四半期,,
中古マンション等,不動産取引価格情報,13115,東京都,杉並区,天沼,荻窪,4.0,22000000,１Ｋ,20,2003年,ＳＲＣ,住宅,住宅,商業,80.0,400.0,2024年第4四半期,未改装,
中古マンション等,不動産取引価格情報,13115,東京都,杉並区,天沼,荻窪,9.0,24000000,１Ｋ,20,2009年,ＲＣ,住宅,住宅,１中住専,60.0,200.0,2024年第4四半期,未改装,
中古マンション等,不動産取引価格情報,13115,東京都,杉並区,天沼,荻窪,4.0,56000000,３ＬＤＫ,55,1991年,ＲＣ,住宅,住宅,近隣商業,80.0,300.0,2024年第4四半期,未改装,
中古マンション等,不動産取引価格情報,13115,東京都,杉並区,天沼,荻窪,14.0,26000000,１Ｋ,25,2010年,ＲＣ,住宅,住宅,近隣商業,80.0,300.0,2024年第3四半期,未改装,
中古マンション等,不動産取引価格情報,13115,東京都,杉並区,天沼,荻窪,14.0,25000000,１ＤＫ,25,2010年,ＲＣ,住宅,住宅,近隣商業,80.0,300.0,2024年第3四半期,改装済み,
中古マンション等,不動産取引価格情報,13115,東京都,杉並区,天沼,荻窪,14.0,24000000,１Ｋ,25,2010年,ＲＣ,住宅,住宅,近隣商業,80.0,300.0,2024年第3四半期,未改装,
中古マンション等,不動産取引価格情報,13115,東京都,杉並区,天沼,荻窪,9.0,19000000,１Ｋ,15,1999年,ＲＣ,住宅,住宅,近隣商業,80.0,300.0,2024年第3四半期,改装済み,
中古マンション等,不動産取引価格情報,13115,東京都,杉並区,天沼,荻窪,10.0,42000000,１Ｋ,25,2023年,ＲＣ,住宅,住宅,１中住専,60.0,200.0,2024年第2四半期,未改装,
中古マンション等,不動産取引価格情報,13115,東京都,杉並区,天沼,荻窪,10.0,60000000,１ＬＤＫ,35,2023年,ＲＣ,住宅,住宅,１中住専,60.0,200.0,2024年第2四半期,未改装,
中古マンション等,不動産取引価格情報,13115,東京都,杉並区,天沼,荻窪,10.0,42000000,１ＤＫ,25,2023年,ＲＣ,住宅,住宅,１中住専,60.0,200.0,2024年第2四半期,未改装,
中古マンション等,不動産取引価格情報,13115,東京都,杉並区,天沼,荻窪,3.0,16000000,１Ｋ,20,1986年,ＲＣ,住宅,住宅,商業,80.0,400.0,2024年第2四半期,,
中古マンション等,不動産取引価格情報,13115,東京都,杉並区,天沼,荻窪,10.0,42000000,,25,2023年,ＲＣ,住宅,その他,１中住専,60.0,200.0,2024年第2四半期,未改装,
中古マンション等,不動産取引価格情報,13115,東京都,杉並区,天沼,荻窪,10.0,41000000,１Ｋ,25,2023年,ＲＣ,住宅,その他,１中住専,60.0,200.0,2024年第2四半期,未改装,
中古マンション等,不動産取引価格情報,13115,東京都,杉並区,天沼,荻窪,10.0,42000000,１ＤＫ,25,2023年,ＲＣ,住宅,その他,１中住専,60.0,200.0,2024年第2四半期,未改装,
中古マンション等,不動産取引価格情報,13115,東京都,杉並区,天沼,荻窪,5.0,17000000,１Ｋ,15,1998年,ＲＣ,住宅,住宅,商業,80.0,400.0,2024年第2四半期,,
中古マンション等,不動産取引価格情報,13115,東京都,杉並区,天沼,荻窪,5.0,12000000,１Ｋ,15,1991年,ＲＣ,住宅,住宅,１中住専,60.0,200.0,2024年第1四半期,改装済み,
中古マンション等,不動産取引価格情報,13115,東京都,杉並区,天沼,荻窪,4.0,25000000,１Ｋ,20,2003年,ＳＲＣ,住宅,その他,商業,80.0,400.0,2024年第1四半期,未改装,
中古マンション等,不動産取引価格情報,13115,東京都,杉並区,天沼,荻窪,4.0,22000000,１Ｋ,20,2003年,ＳＲＣ,住宅,その他,商業,80.0,400.0,2024年第1四半期,,
中古マンション等,不動産取引価格情報,13115,東京都,杉並区,天沼,荻窪,10.0,65000000,１ＤＫ,35,2023年,ＲＣ,住宅,その他,１中住専,60.0,200.0,2024年第1四半期,,
中古マンション等,不動産取引価格情報,13115,東京都,杉並区,天沼,荻窪,8.0,14000000,２ＤＫ,25,1986年,ＲＣ,住宅,住宅,近隣商業,80.0,300.0,2024年第1四半期,未改装,
中古マンション等,不動産取引価格情報,13115,東京都,杉並区,天沼,荻窪,10.0,63000000,１Ｋ,35,2023年,ＲＣ,住宅,住宅,１中住専,60.0,200.0,2024年第1四半期,,
中古マンション等,不動産取引価格情報,13115,東京都,杉並区,天沼,荻窪,10.0,66000000,１Ｋ,40,2023年,ＲＣ,住宅,住宅,１中住専,60.0,200.0,2024年第1四半期,,
中古マンション等,不動産取引価格情報,13115,東京都,杉並区,天沼,荻窪,4.0,45000000,,45,2004年,ＲＣ,住宅,住宅,商業,80.0,400.0,2024年第1四半期,未改装,
中古マンション等,不動産取引価格情報,13115,東京都,杉並区,天沼,荻窪,5.0,24000000,１Ｋ,25,2003年,ＳＲＣ,住宅,住宅,商業,80.0,400.0,2024年第1四半期,未改装,
中古マンション等,不動産取引価格情報,13115,東京都,杉並区,天沼,荻窪,15.0,27000000,１ＬＤＫ,25,2010年,ＲＣ,住宅,住宅,近隣商業,80.0,300.0,2023年第4四半期,,
中古マンション等,不動産取引価格情報,13115,東京都,杉並区,天沼,荻窪,5.0,17000000,１Ｋ,20,1998年,ＲＣ,,住宅,商業,80.0,400.0,2023年第4四半期,未改装,
中古マンション等,不動産取引価格情報,13115,東京都,杉並区,天沼,荻窪,4.0,18000000,１Ｋ,20,2003年,ＳＲＣ,住宅,住宅,商業,80.0,400.0,2023年第4四半期,改装済み,
中古マンション等,不動産取引価格情報,13115,東京都,杉並区,井草,井荻,8.0,10000000,１Ｋ,15,1990年,ＲＣ,住宅,住宅,１中住専,60.0,200.0,2025年第3四半期,未改装,
中古マンション等,不動産取引価格情報,13115,東京都,杉並区,井草,井荻,5.0,6000000,１Ｋ,15,1984年,ＲＣ,住宅,住宅,２中住専,60.0,200.0,2025年第3四半期,,
中古マンション等,不動産取引価格情報,13115,東京都,杉並区,井草,井荻,12.0,65000000,２ＬＤＫ,70,2007年,ＲＣ,住宅,住宅,１中住専,60.0,200.0,2025年第3四半期,,
中古マンション等,不動産取引価格情報,13115,東京都,杉並区,井草,井荻,12.0,72000000,３ＬＤＫ,70,2007年,ＲＣ,住宅,住宅,１中住専,60.0,200.0,2025年第2四半期,改装済み,
中古マンション等,不動産取引価格情報,13115,東京都,杉並区,井草,井荻,1.0,53000000,１ＬＤＫ,40,2024年,ＲＣ,住宅,住宅,１低住専,60.0,150.0,2025年第1四半期,改装済み,
中古マンション等,不動産取引価格情報,13115,東京都,杉並区,井草,井荻,12.0,65000000,３ＬＤＫ,70,2007年,ＲＣ,住宅,住宅,１中住専,60.0,200.0,2025年第1四半期,未改装,
中古マンション等,不動産取引価格情報,13115,東京都,杉並区,井草,井荻,12.0,66000000,３ＬＤＫ,70,2007年,ＲＣ,住宅,住宅,１中住専,60.0,200.0,2024年第4四半期,未改装,
中古マンション等,不動産取引価格情報,13115,東京都,杉並区,井草,井荻,7.0,69000000,２ＬＤＫ,55,2022年,ＲＣ,住宅,住宅,１種住居,60.0,200.0,2024年第4四半期,未改装,
中古マンション等,不動産取引価格情報,13115,東京都,杉並区,井草,井荻,7.0,26000000,１ＤＫ,30,1998年,ＲＣ,住宅,住宅,準住居,60.0,300.0,2024年第3四半期,未改装,
中古マンション等,不動産取引価格情報,13115,東京都,杉並区,井草,井荻,3.0,9400000,１Ｋ,15,1988年,ＲＣ,住宅,住宅,２中住専,60.0,200.0,2024年第3四半期,未改装,
中古マンション等,不動産取引価格情報,13115,東京都,杉並区,井草,井荻,5.0,11000000,１Ｋ,15,1984年,ＲＣ,住宅,その他,２中住専,60.0,200.0,2024年第3四半期,未改装,
中古マンション等,不動産取引価格情報,13115,東京都,杉並区,井草,井荻,12.0,58000000,３ＬＤＫ,70,2007年,ＲＣ,住宅,住宅,１中住専,60.0,200.0,2024年第2四半期,未改装,
中古マンション等,不動産取引価格情報,13115,東京都,杉並区,井草,井荻,12.0,54000000,３ＬＤＫ,70,2007年,ＲＣ,住宅,住宅,１中住専,60.0,200.0,2023年第4四半期,未改装,
中古マンション等,不動産取引価格情報,13115,東京都,杉並区,井草,井荻,5.0,43000000,３ＬＤＫ,70,1999年,ＲＣ,住宅,その他,２中住専,60.0,200.0,2023年第4四半期,未改装,
中古マンション等,不動産取引価格情報,13115,東京都,杉並区,井草,上井草,2.0,76000000,２ＬＤＫ,75,2014年,ＲＣ,住宅,住宅,１中住専,60.0,200.0,2023年第4四半期,未改装,
中古マンション等,不動産取引価格情報,13115,東京都,杉並区,井草,下井草,5.0,22000000,１Ｋ,20,2007年,ＲＣ,住宅,住宅,２中住専,60.0,200.0,2025年第2四半期,,
中古マンション等,不動産取引価格情報,13115,東京都,杉並区,井草,下井草,6.0,15000000,１Ｋ,15,1996年,ＲＣ,住宅,その他,近隣商業,80.0,300.0,2025年第1四半期,未改装,
中古マンション等,不動産取引価格情報,13115,東京都,杉並区,井草,下井草,6.0,21000000,１Ｋ,30,1996年,ＲＣ,住宅,その他,近隣商業,80.0,300.0,2024年第2四半期,,
中古マンション等,不動産取引価格情報,13115,東京都,杉並区,井草,下井草,5.0,21000000,１Ｋ,20,2007年,ＲＣ,住宅,住宅,２中住専,60.0,200.0,2024年第2四半期,未改装,
中古マンション等,不動産取引価格情報,13115,東京都,杉並区,和泉,永福町,5.0,97000000,３ＬＤＫ,75,1999年,ＲＣ,住宅,住宅,１低住専,50.0,100.0,2025年第2四半期,改装済み,
中古マンション等,不動産取引価格情報,13115,東京都,杉並区,和泉,永福町,10.0,26000000,１Ｋ,25,2013年,ＲＣ,住宅,住宅,準住居,60.0,300.0,2025年第1四半期,未改装,
中古マンション等,不動産取引価格情報,13115,東京都,杉並区,和泉,永福町,8.0,93000000,２ＬＤＫ,65,1999年,ＲＣ,住宅,住宅,２種住居,60.0,300.0,2025年第1四半期,改装済み,
中古マンション等,不動産取引価格情報,13115,東京都,杉並区,和泉,永福町,11.0,100000000,３ＬＤＫ,80,2002年,ＲＣ,住宅,住宅,準住居,60.0,300.0,2025年第1四半期,未改装,
中古マンション等,不動産取引価格情報,13115,東京都,杉並区,和泉,永福町,4.0,12000000,１Ｋ,15,1991年,ＲＣ,住宅,住宅,２種住居,60.0,300.0,2024年第4四半期,未改装,
中古マンション等,不動産取引価格情報,13115,東京都,杉並区,和泉,永福町,10.0,13000000,１Ｋ,15,1992年,ＲＣ,住宅,住宅,準住居,60.0,300.0,2024年第4四半期,改装済み,
中古マンション等,不動産取引価格情報,13115,東京都,杉並区,和泉,永福町,5.0,75000000,３ＬＤＫ,75,1999年,ＲＣ,住宅,住宅,１低住専,50.0,100.0,2024年第3四半期,未改装,
中古マンション等,不動産取引価格情報,13115,東京都,杉並区,和泉,永福町,5.0,65000000,,50,2014年,ＲＣ,住宅,住宅,近隣商業,80.0,300.0,2024年第2四半期,,
中古マンション等,不動産取引価格情報,13115,東京都,杉並区,和泉,永福町,5.0,55000000,２ＬＤＫ,75,1999年,ＲＣ,住宅,住宅,１中住専,60.0,200.0,2024年第2四半期,未改装,
中古マンション等,不動産取引価格情報,13115,東京都,杉並区,和泉,永福町,5.0,61000000,３ＬＤＫ,75,1999年,ＲＣ,住宅,その他,１中住専,60.0,200.0,2024年第2四半期,未改装,
中古マンション等,不動産取引価格情報,13115,東京都,杉並区,和泉,永福町,9.0,22000000,１Ｋ,20,2011年,ＲＣ,住宅,その他,準住居,60.0,300.0,2024年第1四半期,未改装,
中古マンション等,不動産取引価格情報,13115,東京都,杉並区,和泉,永福町,7.0,60000000,２ＬＤＫ,70,2000年,ＳＲＣ,住宅,,２種住居,60.0,300.0,2023年第4四半期,,
中古マンション等,不動産取引価格情報,13115,東京都,杉並区,和泉,代田橋,5.0,23000000,１Ｋ,20,1998年,ＳＲＣ,住宅,住宅,商業,80.0,500.0,2025年第3四半期,未改装,
中古マンション等,不動産取引価格情報,13115,東京都,杉並区,和泉,代田橋,6.0,51000000,１ＬＤＫ,40,2007年,ＲＣ,住宅,住宅,商業,80.0,500.0,2025年第1四半期,,
中古マンション等,不動産取引価格情報,13115,東京都,杉並区,和泉,代田橋,9.0,26000000,１Ｋ,15,2000年,ＳＲＣ,住宅,その他,近隣商業,80.0,400.0,2024年第4四半期,,
中古マンション等,不動産取引価格情報,13115,東京都,杉並区,和泉,代田橋,9.0,33000000,１ＤＫ,30,2006年,ＲＣ,住宅,住宅,近隣商業,80.0,300.0,2024年第4四半期,未改装,
中古マンション等,不動産取引価格情報,13115,東京都,杉並区,和泉,代田橋,6.0,50000000,１Ｋ,40,2007年,ＲＣ,住宅,住宅,商業,80.0,500.0,2024年第3四半期,未改装,
中古マンション等,不動産取引価格情報,13115,東京都,杉並区,和泉,代田橋,5.0,21000000,１Ｋ,20,1998年,ＳＲＣ,住宅,住宅,商業,80.0,500.0,2024年第2四半期,未改装,
中古マンション等,不動産取引価格情報,13115,東京都,杉並区,和泉,代田橋,6.0,32000000,,40,1992年,ＳＲＣ,住宅,住宅,近隣商業,80.0,400.0,2024年第2四半期,未改装,
中古マンション等,不動産取引価格情報,13115,東京都,杉並区,和泉,代田橋,5.0,24000000,１Ｋ,20,1998年,ＳＲＣ,住宅,住宅,商業,80.0,500.0,2024年第2四半期,,
中古マンション等,不動産取引価格情報,13115,東京都,杉並区,和泉,代田橋,9.0,30000000,１Ｒ,30,2000年,ＳＲＣ,住宅,住宅,近隣商業,80.0,400.0,2024年第1四半期,未改装,
中古マンション等,不動産取引価格情報,13115,東京都,杉並区,和泉,代田橋,6.0,41000000,１ＬＤＫ,40,2007年,ＲＣ,,住宅,商業,80.0,500.0,2023年第4四半期,改装済み,
中古マンション等,不動産取引価格情報,13115,東京都,杉並区,和泉,方南町,6.0,41000000,１ＤＫ,25,2024年,ＲＣ,住宅,住宅,近隣商業,80.0,400.0,2025年第2四半期,未改装,
中古マンション等,不動産取引価格情報,13115,東京都,杉並区,和泉,方南町,4.0,16000000,１Ｋ,15,1991年,ＲＣ,住宅,その他,近隣商業,80.0,400.0,2025年第2四半期,未改装,
中古マンション等,不動産取引価格情報,13115,東京都,杉並区,和泉,方南町,1.0,14000000,１Ｋ,30,1973年,ＳＲＣ,,住宅,近隣商業,80.0,400.0,2025年第1四半期,,
中古マンション等,不動産取引価格情報,13115,東京都,杉並区,和泉,方南町,6.0,42000000,１ＤＫ,25,2024年,ＲＣ,住宅,住宅,近隣商業,80.0,400.0,2025年第1四半期,未改装,
中古マンション等,不動産取引価格情報,13115,東京都,杉並区,和泉,方南町,5.0,33000000,１Ｋ,25,2019年,ＲＣ,住宅,住宅,１中住専,,,2025年第1四半期,,
中古マンション等,不動産取引価格情報,13115,東京都,杉並区,和泉,方南町,2.0,48000000,３ＬＤＫ,55,1971年,ＳＲＣ,住宅,住宅,近隣商業,80.0,400.0,2025年第1四半期,改装済み,
中古マンション等,不動産取引価格情報,13115,東京都,杉並区,和泉,方南町,4.0,16000000,１Ｋ,15,1991年,ＲＣ,住宅,その他,近隣商業,80.0,400.0,2025年第1四半期,未改装,
中古マンション等,不動産取引価格情報,13115,東京都,杉並区,和泉,方南町,6.0,24000000,１Ｒ,25,2009年,ＲＣ,住宅,住宅,準住居,60.0,300.0,2025年第1四半期,未改装,
中古マンション等,不動産取引価格情報,13115,東京都,杉並区,和泉,方南町,7.0,89000000,３ＬＤＫ,75,2015年,ＲＣ,住宅,住宅,近隣商業,80.0,400.0,2024年第4四半期,未改装,
中古マンション等,不動産取引価格情報,13115,東京都,杉並区,和泉,方南町,8.0,46000000,１ＬＤＫ,45,2018年,ＲＣ,住宅,その他,１中住専,60.0,200.0,2024年第4四半期,未改装,
中古マンション等,不動産取引価格情報,13115,東京都,杉並区,和泉,方南町,6.0,43000000,１ＬＤＫ,25,2024年,ＲＣ,住宅,住宅,近隣商業,,,2024年第4四半期,未改装,
中古マンション等,不動産取引価格情報,13115,東京都,杉並区,和泉,方南町,6.0,63000000,１Ｋ,25,2024年,ＲＣ,住宅,その他,近隣商業,80.0,400.0,2024年第4四半期,,
中古マンション等,不動産取引価格情報,13115,東京都,杉並区,和泉,方南町,3.0,40000000,２ＬＤＫ,50,1972年,ＲＣ,住宅,住宅,１中住専,60.0,200.0,2024年第4四半期,改装済み,
中古マンション等,不動産取引価格情報,13115,東京都,杉並区,和泉,方南町,11.0,16000000,１Ｋ,15,2007年,ＲＣ,住宅,住宅,準住居,60.0,300.0,2024年第4四半期,未改装,
中古マンション等,不動産取引価格情報,13115,東京都,杉並区,和泉,方南町,6.0,42000000,１ＤＫ,25,2024年,ＲＣ,住宅,住宅,近隣商業,80.0,400.0,2024年第4四半期,未改装,
中古マンション等,不動産取引価格情報,13115,東京都,杉並区,和泉,方南町,6.0,58000000,１ＤＫ,40,2024年,ＲＣ,住宅,住宅,近隣商業,80.0,400.0,2024年第4四半期,,
中古マンション等,不動産取引価格情報,13115,東京都,杉並区,和泉,方南町,4.0,19000000,１Ｒ,20,1991年,ＲＣ,住宅,住宅,近隣商業,80.0,400.0,2024年第3四半期,未改装,
中古マンション等,不動産取引価格情報,13115,東京都,杉並区,和泉,方南町,6.0,25000000,１Ｋ,20,2018年,ＲＣ,住宅,住宅,近隣商業,80.0,400.0,2024年第3四半期,未改装,
中古マンション等,不動産取引価格情報,13115,東京都,杉並区,和泉,方南町,4.0,24000000,１Ｋ,20,1991年,ＲＣ,住宅,住宅,近隣商業,80.0,400.0,2024年第3四半期,改装済み,
中古マンション等,不動産取引価格情報,13115,東京都,杉並区,和泉,方南町,9.0,19000000,１ＤＫ,20,2004年,ＲＣ,住宅,住宅,準住居,60.0,300.0,2024年第2四半期,改装済み,
中古マンション等,不動産取引価格情報,13115,東京都,杉並区,和泉,方南町,6.0,12000000,１Ｋ,15,1994年,ＳＲＣ,住宅,住宅,近隣商業,80.0,400.0,2024年第2四半期,未改装,
中古マンション等,不動産取引価格情報,13115,東京都,杉並区,和泉,方南町,9.0,11000000,１Ｋ,15,1988年,ＲＣ,住宅,住宅,準住居,60.0,300.0,2024年第2四半期,未改装,
中古マンション等,不動産取引価格情報,13115,東京都,杉並区,和泉,方南町,7.0,78000000,３ＬＤＫ,65,2015年,ＲＣ,住宅,住宅,近隣商業,80.0,400.0,2024年第2四半期,未改装,
中古マンション等,不動産取引価格情報,13115,東京都,杉並区,和泉,方南町,1.0,38000000,２ＬＤＫ,45,1973年,ＳＲＣ,住宅,住宅,近隣商業,80.0,400.0,2024年第1四半期,改装済み,
中古マンション等,不動産取引価格情報,13115,東京都,杉並区,和泉,方南町,8.0,29000000,１Ｋ,25,2018年,ＲＣ,住宅,住宅,１中住専,60.0,200.0,2024年第1四半期,未改装,
中古マンション等,不動産取引価格情報,13115,東京都,杉並区,和泉,方南町,8.0,29000000,１Ｋ,25,2018年,ＲＣ,住宅,住宅,１中住専,60.0,200.0,2024年第1四半期,未改装,
中古マンション等,不動産取引価格情報,13115,東京都,杉並区,和泉,方南町,4.0,15000000,１Ｒ,15,1992年,ＲＣ,住宅,住宅,近隣商業,80.0,400.0,2023年第4四半期,改装済み,
中古マンション等,不動産取引価格情報,13115,東京都,杉並区,和泉,方南町,9.0,20000000,１Ｋ,20,2004年,ＲＣ,住宅,住宅,準住居,60.0,300.0,2023年第4四半期,未改装,
中古マンション等,不動産取引価格情報,13115,東京都,杉並区,和泉,方南町,1.0,12000000,１ＤＫ,30,1973年,ＳＲＣ,住宅,住宅,近隣商業,80.0,400.0,2023年第4四半期,未改装,
中古マンション等,不動産取引価格情報,13115,東京都,杉並区,和泉,方南町,9.0,19000000,１Ｋ,20,2004年,ＲＣ,住宅,その他,準住居,60.0,300.0,2023年第4四半期,未改装,
中古マンション等,不動産取引価格情報,13115,東京都,杉並区,和泉,明大前,5.0,35000000,１ＬＤＫ,35,1986年,ＲＣ,,住宅,１中住専,60.0,200.0,2025年第3四半期,改装済み,
中古マンション等,不動産取引価格情報,13115,東京都,杉並区,和泉,明大前,9.0,35000000,２Ｋ,35,2002年,ＲＣ,住宅,住宅,２種住居,60.0,300.0,2025年第3四半期,未改装,
中古マンション等,不動産取引価格情報,13115,東京都,杉並区,和泉,明大前,6.0,58000000,２ＬＤＫ,50,2008年,ＲＣ,住宅,住宅,２種住居,60.0,300.0,2025年第1四半期,未改装,
中古マンション等,不動産取引価格情報,13115,東京都,杉並区,和泉,明大前,10.0,63000000,３ＬＤＫ,65,1999年,ＲＣ,住宅,その他,１中住専,60.0,200.0,2025年第1四半期,未改装,
中古マンション等,不動産取引価格情報,13115,東京都,杉並区,和泉,明大前,11.0,37000000,１ＤＫ,30,2004年,ＲＣ,住宅,住宅,２種住居,60.0,300.0,2024年第4四半期,未改装,
中古マンション等,不動産取引価格情報,13115,東京都,杉並区,和泉,明大前,11.0,77000000,４ＬＤＫ,80,1999年,ＲＣ,住宅,住宅,１中住専,60.0,200.0,2024年第3四半期,未改装,
中古マンション等,不動産取引価格情報,13115,東京都,杉並区,和泉,明大前,6.0,52000000,１ＬＤＫ,40,2008年,ＲＣ,住宅,住宅,２種住居,60.0,300.0,2024年第2四半期,未改装,
中古マンション等,不動産取引価格情報,13115,東京都,杉並区,今川,井荻,16.0,50000000,３ＬＤＫ,75,1988年,ＲＣ,住宅,住宅,１低住専,50.0,100.0,2025年第3四半期,未改装,
中古マンション等,不動産取引価格情報,13115,東京都,杉並区,今川,上井草,15.0,50000000,３ＬＤＫ,70,1994年,ＲＣ,住宅,住宅,１低住専,50.0,100.0,2025年第2四半期,改装済み,
中古マンション等,不動産取引価格情報,13115,東京都,杉並区,今川,上井草,17.0,56000000,３ＬＤＫ,60,1996年,ＲＣ,住宅,住宅,１中住専,60.0,300.0,2024年第3四半期,,
中古マンション等,不動産取引価格情報,13115,東京都,杉並区,今川,上井草,15.0,50000000,２ＬＤＫ,55,1996年,ＲＣ,住宅,,１中住専,60.0,300.0,2024年第2四半期,改装済み,
中古マンション等,不動産取引価格情報,13115,東京都,杉並区,今川,上井草,17.0,40000000,３ＬＤＫ,60,1996年,ＲＣ,住宅,住宅,１中住専,60.0,300.0,2023年第4四半期,未改装,
中古マンション等,不動産取引価格情報,13115,東京都,杉並区,今川,西荻窪,16.0,7800000,１Ｒ,15,1988年,ＲＣ,住宅,住宅,１中住専,60.0,200.0,2024年第4四半期,改装済み,
中古マンション等,不動産取引価格情報,13115,東京都,杉並区,梅里,新高円寺,1.0,73000000,,65,1992年,ＳＲＣ,,住宅,近隣商業,80.0,300.0,2025年第3四半期,,
中古マンション等,不動産取引価格情報,13115,東京都,杉並区,梅里,新高円寺,6.0,29000000,１ＬＤＫ,40,1971年,ＳＲＣ,住宅,住宅,商業,80.0,400.0,2025年第3四半期,改装済み,
中古マンション等,不動産取引価格情報,13115,東京都,杉並区,梅里,新高円寺,8.0,11000000,１Ｒ,15,1986年,ＲＣ,住宅,住宅,１中住専,60.0,200.0,2025年第1四半期,,
中古マンション等,不動産取引価格情報,13115,東京都,杉並区,梅里,新高円寺,7.0,18000000,１Ｋ,20,1998年,ＲＣ,住宅,その他,商業,80.0,400.0,2024年第4四半期,,
中古マンション等,不動産取引価格情報,13115,東京都,杉並区,梅里,新高円寺,3.0,36000000,１Ｋ,25,2020年,ＲＣ,住宅,住宅,商業,80.0,400.0,2024年第4四半期,未改装,
中古マンション等,不動産取引価格情報,13115,東京都,杉並区,梅里,新高円寺,3.0,33000000,１Ｋ,25,2020年,ＲＣ,住宅,住宅,商業,80.0,400.0,2024年第3四半期,未改装,
中古マンション等,不動産取引価格情報,13115,東京都,杉並区,梅里,新高円寺,8.0,20000000,１Ｋ,20,2007年,ＲＣ,住宅,住宅,商業,80.0,400.0,2024年第3四半期,,
中古マンション等,不動産取引価格情報,13115,東京都,杉並区,梅里,新高円寺,7.0,25000000,１ＤＫ,35,1973年,ＳＲＣ,住宅,住宅,商業,80.0,400.0,2024年第2四半期,未改装,
中古マンション等,不動産取引価格情報,13115,東京都,杉並区,梅里,新高円寺,5.0,68000000,２ＬＤＫ,60,2000年,ＳＲＣ,住宅,住宅,商業,80.0,400.0,2024年第2四半期,未改装,
中古マンション等,不動産取引価格情報,13115,東京都,杉並区,梅里,新高円寺,6.0,42000000,３ＬＤＫ,70,1971年,ＳＲＣ,住宅,住宅,商業,80.0,400.0,2023年第4四半期,改装済み,
中古マンション等,不動産取引価格情報,13115,東京都,杉並区,梅里,新高円寺,6.0,17000000,１Ｋ,15,1998年,ＲＣ,住宅,その他,商業,80.0,400.0,2023年第4四半期,,
中古マンション等,不動産取引価格情報,13115,東京都,杉並区,梅里,東高円寺,5.0,18000000,１Ｋ,15,1998年,ＳＲＣ,住宅,住宅,商業,80.0,400.0,2025年第3四半期,未改装,
中古マンション等,不動産取引価格情報,13115,東京都,杉並区,梅里,東高円寺,5.0,18000000,１Ｋ,15,1998年,ＳＲＣ,住宅,住宅,商業,80.0,400.0,2025年第2四半期,未改装,
中古マンション等,不動産取引価格情報,13115,東京都,杉並区,梅里,南阿佐ケ谷,5.0,28000000,１ＬＤＫ,30,1973年,ＳＲＣ,住宅,住宅,商業,80.0,400.0,2025年第2四半期,改装済み,
中古マンション等,不動産取引価格情報,13115,東京都,杉並区,梅里,南阿佐ケ谷,5.0,30000000,１ＤＫ,35,1973年,ＳＲＣ,住宅,住宅,商業,80.0,400.0,2024年第3四半期,改装済み,
中古マンション等,不動産取引価格情報,13115,東京都,杉並区,梅里,南阿佐ケ谷,5.0,17000000,１ＬＤＫ,35,1973年,ＳＲＣ,住宅,その他,商業,80.0,400.0,2024年第2四半期,未改装,
中古マンション等,不動産取引価格情報,13115,東京都,杉並区,梅里,南阿佐ケ谷,6.0,30000000,１ＤＫ,30,2005年,ＲＣ,住宅,住宅,商業,80.0,400.0,2024年第1四半期,未改装,
中古マンション等,不動産取引価格情報,13115,東京都,杉並区,梅里,南阿佐ケ谷,5.0,17000000,２ＤＫ,35,1973年,ＳＲＣ,住宅,その他,商業,80.0,400.0,2023年第4四半期,未改装,
中古マンション等,不動産取引価格情報,13115,東京都,杉並区,永福,永福町,4.0,77000000,３ＬＤＫ,65,1996年,ＲＣ,住宅,住宅,１低住専,50.0,100.0,2025年第3四半期,改装済み,
中古マンション等,不動産取引価格情報,13115,東京都,杉並区,永福,永福町,4.0,14000000,１Ｋ,15,1987年,ＲＣ,住宅,その他,１低住専,60.0,150.0,2025年第2四半期,未改装,
中古マンション等,不動産取引価格情報,13115,東京都,杉並区,永福,永福町,4.0,59000000,２ＬＤＫ,45,2013年,ＲＣ,住宅,住宅,近隣商業,80.0,300.0,2025年第1四半期,改装済み,
中古マンション等,不動産取引価格情報,13115,東京都,杉並区,永福,永福町,6.0,40000000,１ＬＤＫ,35,2001年,ＲＣ,住宅,住宅,近隣商業,80.0,300.0,2025年第1四半期,未改装,
中古マンション等,不動産取引価格情報,13115,東京都,杉並区,永福,永福町,5.0,51000000,１ＬＤＫ,35,2004年,ＲＣ,住宅,住宅,１中住専,60.0,200.0,2024年第4四半期,未改装,
中古マンション等,不動産取引価格情報,13115,東京都,杉並区,永福,永福町,6.0,23000000,１ＤＫ,20,2001年,ＲＣ,住宅,,近隣商業,80.0,300.0,2024年第3四半期,未改装,
中古マンション等,不動産取引価格情報,13115,東京都,杉並区,永福,永福町,6.0,24000000,１Ｋ,20,2001年,ＲＣ,住宅,住宅,近隣商業,80.0,300.0,2024年第3四半期,未改装,
中古マンション等,不動産取引価格情報,13115,東京都,杉並区,永福,永福町,6.0,1400000,１Ｋ,15,1991年,ＲＣ,住宅,住宅,近隣商業,80.0,300.0,2024年第2四半期,,
中古マンション等,不動産取引価格情報,13115,東京都,杉並区,永福,永福町,4.0,6200000,１Ｋ,15,1987年,ＲＣ,住宅,その他,１低住専,60.0,150.0,2023年第4四半期,未改装,
中古マンション等,不動産取引価格情報,13115,東京都,杉並区,永福,永福町,7.0,84000000,３ＬＤＫ,65,2016年,ＲＣ,住宅,住宅,１低住専,40.0,80.0,2023年第4四半期,未改装,
中古マンション等,不動産取引価格情報,13115,東京都,杉並区,永福,下高井戸,8.0,26000000,１ＬＤＫ,30,2005年,ＲＣ,住宅,住宅,近隣商業,80.0,300.0,2024年第3四半期,未改装,
中古マンション等,不動産取引価格情報,13115,東京都,杉並区,永福,下高井戸,8.0,20000000,１Ｋ,20,2005年,ＲＣ,住宅,住宅,近隣商業,80.0,300.0,2024年第2四半期,,
中古マンション等,不動産取引価格情報,13115,東京都,杉並区,永福,西永福,8.0,45000000,１ＬＤＫ,30,2025年,ＲＣ,住宅,住宅,準住居,60.0,300.0,2025年第3四半期,未改装,
中古マンション等,不動産取引価格情報,13115,東京都,杉並区,大宮,西永福,4.0,62000000,２ＤＫ,60,2000年,ＲＣ,住宅,住宅,近隣商業,80.0,300.0,2023年第4四半期,未改装,
中古マンション等,不動産取引価格情報,13115,東京都,杉並区,荻窪,荻窪,3.0,53000000,１Ｋ,30,2021年,ＲＣ,住宅,その他,２種住居,60.0,300.0,2025年第3四半期,未改装,
中古マンション等,不動産取引価格情報,13115,東京都,杉並区,荻窪,荻窪,2.0,19000000,１Ｋ,15,1984年,ＲＣ,住宅,,近隣商業,80.0,400.0,2025年第3四半期,改装済み,
中古マンション等,不動産取引価格情報,13115,東京都,杉並区,荻窪,荻窪,4.0,15000000,１Ｋ,15,1989年,ＲＣ,住宅,住宅,１中住専,60.0,200.0,2025年第3四半期,,
中古マンション等,不動産取引価格情報,13115,東京都,杉並区,荻窪,荻窪,12.0,31000000,３ＬＤＫ,55,1972年,ＲＣ,住宅,その他,１低住専,50.0,100.0,2025年第3四半期,未改装,
中古マンション等,不動産取引価格情報,13115,東京都,杉並区,荻窪,荻窪,3.0,80000000,１ＬＤＫ＋Ｓ,30,2021年,ＲＣ,住宅,住宅,２種住居,60.0,300.0,2025年第2四半期,未改装,
中古マンション等,不動産取引価格情報,13115,東京都,杉並区,荻窪,荻窪,4.0,34000000,１ＬＤＫ,30,2006年,ＲＣ,住宅,住宅,近隣商業,80.0,400.0,2025年第2四半期,未改装,
中古マンション等,不動産取引価格情報,13115,東京都,杉並区,荻窪,荻窪,12.0,16000000,１Ｋ,20,2006年,ＲＣ,住宅,住宅,近隣商業,80.0,300.0,2025年第2四半期,未改装,
中古マンション等,不動産取引価格情報,13115,東京都,杉並区,荻窪,荻窪,1.0,48000000,１ＬＤＫ,45,1985年,ＳＲＣ,住宅,その他,商業,80.0,600.0,2025年第2四半期,未改装,
中古マンション等,不動産取引価格情報,13115,東京都,杉並区,荻窪,荻窪,14.0,94000000,３ＬＤＫ,75,2004年,ＲＣ,住宅,住宅,１低住専,50.0,100.0,2025年第2四半期,未改装,
中古マンション等,不動産取引価格情報,13115,東京都,杉並区,荻窪,荻窪,6.0,63000000,１ＬＤＫ,35,2021年,ＲＣ,住宅,住宅,商業,80.0,500.0,2025年第2四半期,未改装,
中古マンション等,不動産取引価格情報,13115,東京都,杉並区,荻窪,荻窪,12.0,16000000,１Ｋ,20,2006年,ＲＣ,住宅,住宅,近隣商業,80.0,300.0,2025年第2四半期,,
中古マンション等,不動産取引価格情報,13115,東京都,杉並区,荻窪,荻窪,3.0,99000000,２ＬＤＫ,50,2021年,ＲＣ,住宅,住宅,２種住居,60.0,300.0,2025年第2四半期,未改装,
中古マンション等,不動産取引価格情報,13115,東京都,杉並区,荻窪,荻窪,12.0,9000000,１ＤＫ,10,1984年,ＲＣ,住宅,住宅,近隣商業,80.0,300.0,2025年第2四半期,未改装,
中古マンション等,不動産取引価格情報,13115,東京都,杉並区,荻窪,荻窪,7.0,120000000,２ＬＤＫ,60,2018年,ＲＣ,住宅,住宅,１低住専,50.0,100.0,2025年第2四半期,未改装,
中古マンション等,不動産取引価格情報,13115,東京都,杉並区,荻窪,荻窪,5.0,21000000,２ＤＫ,35,1989年,ＲＣ,住宅,住宅,近隣商業,80.0,300.0,2025年第1四半期,未改装,
中古マンション等,不動産取引価格情報,13115,東京都,杉並区,荻窪,荻窪,15.0,16000000,１Ｋ,20,2000年,ＲＣ,住宅,住宅,準住居,60.0,300.0,2025年第1四半期,未改装,
中古マンション等,不動産取引価格情報,13115,東京都,杉並区,荻窪,荻窪,1.0,46000000,１ＬＤＫ,30,2009年,ＲＣ,住宅,住宅,商業,80.0,500.0,2025年第1四半期,未改装,
中古マンション等,不動産取引価格情報,13115,東京都,杉並区,荻窪,荻窪,3.0,60000000,１ＬＤＫ,40,2008年,ＲＣ,住宅,住宅,２種住居,60.0,300.0,2025年第1四半期,改装済み,
中古マンション等,不動産取引価格情報,13115,東京都,杉並区,荻窪,荻窪,8.0,70000000,３ＬＤＫ,55,1987年,ＲＣ,住宅,住宅,商業,80.0,400.0,2025年第1四半期,改装済み,
中古マンション等,不動産取引価格情報,13115,東京都,杉並区,荻窪,荻窪,4.0,38000000,２ＬＤＫ,50,1985年,ＲＣ,住宅,住宅,近隣商業,80.0,400.0,2025年第1四半期,未改装,
中古マンション等,不動産取引価格情報,13115,東京都,杉並区,荻窪,荻窪,11.0,75000000,２ＬＤＫ,60,1954年,ＲＣ,住宅,住宅,１低住専,60.0,150.0,2025年第1四半期,未改装,
中古マンション等,不動産取引価格情報,13115,東京都,杉並区,荻窪,荻窪,2.0,11000000,１Ｋ,15,1984年,ＲＣ,住宅,その他,近隣商業,80.0,400.0,2025年第1四半期,未改装,
中古マンション等,不動産取引価格情報,13115,東京都,杉並区,荻窪,荻窪,4.0,51000000,１ＬＤＫ,40,2005年,ＲＣ,住宅,住宅,近隣商業,80.0,400.0,2024年第4四半期,未改装,
中古マンション等,不動産取引価格情報,13115,東京都,杉並区,荻窪,荻窪,4.0,32000000,１Ｋ,25,2017年,ＲＣ,住宅,住宅,商業,80.0,400.0,2024年第4四半期,未改装,
中古マンション等,不動産取引価格情報,13115,東京都,杉並区,荻窪,荻窪,3.0,68000000,２ＬＤＫ,55,1996年,ＳＲＣ,住宅,住宅,商業,80.0,500.0,2024年第4四半期,未改装,
中古マンション等,不動産取引価格情報,13115,東京都,杉並区,荻窪,荻窪,9.0,17000000,１Ｋ,15,2002年,ＲＣ,住宅,その他,商業,80.0,400.0,2024年第4四半期,,
中古マンション等,不動産取引価格情報,13115,東京都,杉並区,荻窪,荻窪,9.0,45000000,１ＬＤＫ,40,2008年,ＲＣ,住宅,住宅,商業,80.0,400.0,2024年第4四半期,未改装,
中古マンション等,不動産取引価格情報,13115,東京都,杉並区,荻窪,荻窪,2.0,16000000,１Ｋ,20,1987年,ＳＲＣ,住宅,住宅,商業,80.0,500.0,2024年第4四半期,,
中古マンション等,不動産取引価格情報,13115,東京都,杉並区,荻窪,荻窪,12.0,26000000,１Ｋ,20,2006年,ＲＣ,住宅,住宅,近隣商業,80.0,300.0,2024年第4四半期,未改装,
中古マンション等,不動産取引価格情報,13115,東京都,杉並区,荻窪,荻窪,16.0,27000000,１ＬＤＫ＋Ｓ,40,1992年,ＲＣ,,住宅,近隣商業,80.0,300.0,2024年第4四半期,未改装,
中古マンション等,不動産取引価格情報,13115,東京都,杉並区,荻窪,荻窪,2.0,24000000,オープンフロア,40,1972年,ＳＲＣ,店舗,店舗,近隣商業,80.0,400.0,2024年第3四半期,未改装,
中古マンション等,不動産取引価格情報,13115,東京都,杉並区,荻窪,荻窪,2.0,16000000,１Ｋ,15,1987年,ＳＲＣ,住宅,住宅,商業,80.0,500.0,2024年第3四半期,未改装,
中古マンション等,不動産取引価格情報,13115,東京都,杉並区,荻窪,荻窪,5.0,71000000,１ＬＤＫ,65,2003年,ＳＲＣ,住宅,住宅,商業,80.0,500.0,2024年第3四半期,,
中古マンション等,不動産取引価格情報,13115,東京都,杉並区,荻窪,荻窪,4.0,65000000,１ＬＤＫ,55,2006年,ＲＣ,住宅,住宅,１低住専,50.0,100.0,2024年第3四半期,改装済み,
中古マンション等,不動産取引価格情報,13115,東京都,杉並区,荻窪,荻窪,15.0,38000000,,55,2005年,ＲＣ,住宅,住宅,準住居,60.0,300.0,2024年第3四半期,未改装,
中古マンション等,不動産取引価格情報,13115,東京都,杉並区,荻窪,荻窪,1.0,22000000,２Ｋ,30,1971年,ＲＣ,住宅,住宅,近隣商業,80.0,400.0,2024年第3四半期,未改装,
中古マンション等,不動産取引価格情報,13115,東京都,杉並区,荻窪,荻窪,12.0,63000000,３ＬＤＫ,65,1997年,ＳＲＣ,住宅,住宅,近隣商業,80.0,300.0,2024年第3四半期,未改装,
中古マンション等,不動産取引価格情報,13115,東京都,杉並区,荻窪,荻窪,4.0,10000000,１Ｒ,15,1989年,ＲＣ,住宅,住宅,１中住専,60.0,200.0,2024年第3四半期,未改装,
中古マンション等,不動産取引価格情報,13115,東京都,杉並区,荻窪,荻窪,9.0,62000000,２ＬＤＫ,50,1996年,ＳＲＣ,住宅,住宅,商業,80.0,400.0,2024年第3四半期,改装済み,
中古マンション等,不動産取引価格情報,13115,東京都,杉並区,荻窪,荻窪,3.0,50000000,１ＬＤＫ,40,1999年,ＲＣ,住宅,住宅,近隣商業,80.0,400.0,2024年第3四半期,改装済み,
中古マンション等,不動産取引価格情報,13115,東京都,杉並区,荻窪,荻窪,2.0,15000000,１Ｋ,15,1987年,ＳＲＣ,住宅,住宅,商業,80.0,500.0,2024年第3四半期,改装済み,
中古マンション等,不動産取引価格情報,13115,東京都,杉並区,荻窪,荻窪,2.0,46000000,２ＬＤＫ,55,1976年,ＳＲＣ,住宅,住宅,商業,80.0,600.0,2024年第3四半期,未改装,
中古マンション等,不動産取引価格情報,13115,東京都,杉並区,荻窪,荻窪,2.0,22000000,１ＤＫ,30,1972年,ＳＲＣ,住宅,住宅,近隣商業,80.0,400.0,2024年第2四半期,改装済み,
中古マンション等,不動産取引価格情報,13115,東京都,杉並区,荻窪,荻窪,8.0,42000000,１ＤＫ,35,1987年,ＲＣ,住宅,住宅,商業,80.0,400.0,2024年第2四半期,改装済み,
中古マンション等,不動産取引価格情報,13115,東京都,杉並区,荻窪,荻窪,4.0,31000000,１Ｋ,25,2017年,ＲＣ,住宅,住宅,商業,80.0,400.0,2024年第2四半期,改装済み,
中古マンション等,不動産取引価格情報,13115,東京都,杉並区,荻窪,荻窪,8.0,56000000,３ＬＤＫ,55,1987年,ＲＣ,住宅,その他,商業,80.0,400.0,2024年第2四半期,未改装,
中古マンション等,不動産取引価格情報,13115,東京都,杉並区,荻窪,荻窪,2.0,14000000,１Ｋ,15,1984年,ＲＣ,住宅,住宅,近隣商業,80.0,400.0,2024年第2四半期,改装済み,
中古マンション等,不動産取引価格情報,13115,東京都,杉並区,荻窪,荻窪,4.0,34000000,１Ｋ,25,2017年,ＲＣ,住宅,住宅,商業,80.0,400.0,2024年第2四半期,未改装,
中古マンション等,不動産取引価格情報,13115,東京都,杉並区,荻窪,荻窪,9.0,95000000,２ＬＤＫ,65,2015年,ＲＣ,住宅,住宅,１低住専,50.0,100.0,2024年第2四半期,未改装,
中古マンション等,不動産取引価格情報,13115,東京都,杉並区,荻窪,荻窪,3.0,45000000,１ＬＤＫ,35,2006年,ＲＣ,住宅,,商業,80.0,500.0,2024年第2四半期,未改装,
中古マンション等,不動産取引価格情報,13115,東京都,杉並区,荻窪,荻窪,8.0,100000000,,80,2008年,ＲＣ,住宅,住宅,１低住専,50.0,100.0,2024年第1四半期,未改装,
中古マンション等,不動産取引価格情報,13115,東京都,杉並区,荻窪,荻窪,16.0,18000000,１Ｋ,20,2000年,ＲＣ,住宅,住宅,準住居,60.0,300.0,2024年第1四半期,改装済み,
中古マンション等,不動産取引価格情報,13115,東京都,杉並区,荻窪,荻窪,2.0,23000000,１Ｋ,20,1999年,ＲＣ,住宅,住宅,商業,80.0,500.0,2024年第1四半期,,
中古マンション等,不動産取引価格情報,13115,東京都,杉並区,荻窪,荻窪,4.0,84000000,２ＬＤＫ,60,2006年,ＲＣ,住宅,住宅,近隣商業,80.0,400.0,2024年第1四半期,改装済み,
中古マンション等,不動産取引価格情報,13115,東京都,杉並区,荻窪,荻窪,12.0,120000000,３ＬＤＫ,85,2001年,ＲＣ,住宅,住宅,１低住専,50.0,100.0,2024年第1四半期,改装済み,
中古マンション等,不動産取引価格情報,13115,東京都,杉並区,荻窪,荻窪,18.0,7500000,,30,2021年,ＲＣ,駐車場,住宅,準住居,60.0,300.0,2024年第1四半期,,
中古マンション等,不動産取引価格情報,13115,東京都,杉並区,荻窪,荻窪,4.0,29000000,１Ｋ,25,2017年,ＲＣ,住宅,住宅,近隣商業,80.0,400.0,2024年第1四半期,未改装,
中古マンション等,不動産取引価格情報,13115,東京都,杉並区,荻窪,荻窪,12.0,22000000,１Ｋ,20,2006年,ＲＣ,住宅,住宅,近隣商業,80.0,300.0,2023年第4四半期,,
中古マンション等,不動産取引価格情報,13115,東京都,杉並区,荻窪,荻窪,2.0,18000000,１Ｋ,20,1987年,ＳＲＣ,住宅,その他,商業,80.0,500.0,2023年第4四半期,改装済み,
中古マンション等,不動産取引価格情報,13115,東京都,杉並区,荻窪,荻窪,1.0,44000000,１ＬＤＫ,30,2009年,ＲＣ,住宅,その他,商業,80.0,500.0,2023年第4四半期,未改装,
中古マンション等,不動産取引価格情報,13115,東京都,杉並区,荻窪,荻窪,6.0,32000000,１ＤＫ,30,2006年,ＲＣ,住宅,住宅,商業,80.0,500.0,2023年第4四半期,未改装,
中古マンション等,不動産取引価格情報,13115,東京都,杉並区,荻窪,荻窪,2.0,16000000,１Ｋ,25,1987年,ＳＲＣ,住宅,住宅,商業,80.0,500.0,2023年第4四半期,未改装,
中古マンション等,不動産取引価格情報,13115,東京都,杉並区,荻窪,荻窪,12.0,110000000,３ＬＤＫ,85,2001年,ＲＣ,住宅,住宅,１低住専,50.0,100.0,2023年第4四半期,改装済み,
中古マンション等,不動産取引価格情報,13115,東京都,杉並区,荻窪,荻窪,9.0,74000000,２ＬＤＫ,55,2008年,ＲＣ,住宅,住宅,商業,80.0,400.0,2023年第4四半期,改装済み,
中古マンション等,不動産取引価格情報,13115,東京都,杉並区,荻窪,荻窪,1.0,42000000,１ＬＤＫ,30,2004年,ＳＲＣ,住宅,住宅,商業,80.0,500.0,2023年第4四半期,未改装,
中古マンション等,不動産取引価格情報,13115,東京都,杉並区,荻窪,荻窪,16.0,28000000,２ＬＤＫ,45,1992年,ＲＣ,住宅,住宅,近隣商業,80.0,300.0,2023年第4四半期,未改装,
中古マンション等,不動産取引価格情報,13115,東京都,杉並区,荻窪,荻窪,7.0,30000000,１ＬＤＫ,35,1973年,ＲＣ,住宅,住宅,近隣商業,80.0,300.0,2023年第4四半期,,
中古マンション等,不動産取引価格情報,13115,東京都,杉並区,荻窪,高井戸,14.0,23000000,１Ｋ,20,2008年,ＲＣ,住宅,住宅,準住居,60.0,300.0,2025年第2四半期,未改装,
中古マンション等,不動産取引価格情報,13115,東京都,杉並区,荻窪,南阿佐ケ谷,14.0,90000000,３ＬＤＫ,65,2017年,ＲＣ,住宅,住宅,１低住専,50.0,100.0,2024年第2四半期,未改装,
中古マンション等,不動産取引価格情報,13115,東京都,杉並区,荻窪,南阿佐ケ谷,14.0,86000000,３ＬＤＫ,65,2017年,ＲＣ,住宅,住宅,１低住専,50.0,100.0,2024年第2四半期,未改装,
中古マンション等,不動産取引価格情報,13115,東京都,杉並区,荻窪,南阿佐ケ谷,14.0,88000000,３ＬＤＫ,65,2017年,ＲＣ,住宅,住宅,１低住専,50.0,100.0,2024年第2四半期,未改装,
中古マンション等,不動産取引価格情報,13115,東京都,杉並区,荻窪,南阿佐ケ谷,13.0,83000000,３ＬＤＫ,65,2017年,ＲＣ,住宅,住宅,１低住専,50.0,100.0,2023年第4四半期,未改装,
中古マンション等,不動産取引価格情報,13115,東京都,杉並区,上井草,井荻,11.0,52000000,２ＬＤＫ,50,2008年,ＲＣ,住宅,住宅,２中住専,60.0,200.0,2025年第3四半期,,
中古マンション等,不動産取引価格情報,13115,東京都,杉並区,上井草,井荻,11.0,40000000,３ＬＤＫ,50,2008年,ＲＣ,住宅,住宅,２中住専,60.0,200.0,2025年第2四半期,未改装,
中古マンション等,不動産取引価格情報,13115,東京都,杉並区,上井草,井荻,7.0,64000000,２ＬＤＫ,75,2003年,ＲＣ,住宅,住宅,１低住専,60.0,150.0,2024年第3四半期,改装済み,
中古マンション等,不動産取引価格情報,13115,東京都,杉並区,上井草,井荻,3.0,33000000,２ＤＫ,40,2002年,ＲＣ,住宅,住宅,近隣商業,80.0,300.0,2024年第2四半期,未改装,
中古マンション等,不動産取引価格情報,13115,東京都,杉並区,上井草,井荻,6.0,33000000,１ＤＫ,35,2009年,ＲＣ,住宅,住宅,準住居,60.0,300.0,2024年第1四半期,未改装,
中古マンション等,不動産取引価格情報,13115,東京都,杉並区,上井草,井荻,3.0,28000000,１ＤＫ,35,2002年,ＲＣ,住宅,住宅,近隣商業,80.0,300.0,2023年第4四半期,未改装,
中古マンション等,不動産取引価格情報,13115,東京都,杉並区,上井草,上井草,5.0,110000000,４ＬＤＫ,80,2017年,ＲＣ,住宅,住宅,１低住専,50.0,100.0,2025年第3四半期,未改装,
中古マンション等,不動産取引価格情報,13115,東京都,杉並区,上井草,上井草,8.0,69000000,３ＬＤＫ,75,2005年,ＲＣ,住宅,住宅,１低住専,50.0,100.0,2025年第2四半期,未改装,
中古マンション等,不動産取引価格情報,13115,東京都,杉並区,上井草,上井草,8.0,62000000,３ＬＤＫ,65,2005年,ＲＣ,住宅,住宅,１低住専,50.0,100.0,2025年第1四半期,改装済み,
中古マンション等,不動産取引価格情報,13115,東京都,杉並区,上井草,上井草,2.0,48000000,２ＬＤＫ,60,1994年,ＲＣ,住宅,住宅,近隣商業,80.0,300.0,2024年第3四半期,改装済み,
中古マンション等,不動産取引価格情報,13115,東京都,杉並区,上井草,上井草,8.0,39000000,２ＬＤＫ,50,1985年,ＲＣ,住宅,,１中住専,60.0,200.0,2024年第2四半期,改装済み,
中古マンション等,不動産取引価格情報,13115,東京都,杉並区,上井草,上井草,8.0,56000000,３ＬＤＫ,70,2005年,ＲＣ,住宅,住宅,１低住専,50.0,100.0,2024年第2四半期,未改装,
中古マンション等,不動産取引価格情報,13115,東京都,杉並区,上井草,上井草,8.0,25000000,２ＬＤＫ,50,1985年,ＲＣ,住宅,住宅,１中住専,60.0,200.0,2024年第1四半期,未改装,
中古マンション等,不動産取引価格情報,13115,東京都,杉並区,上井草,上井草,5.0,68000000,３ＬＤＫ,65,2017年,ＲＣ,,住宅,１低住専,50.0,100.0,2024年第1四半期,未改装,
中古マンション等,不動産取引価格情報,13115,東京都,杉並区,上井草,上井草,8.0,63000000,３ＬＤＫ,70,2005年,ＲＣ,住宅,住宅,１低住専,50.0,100.0,2023年第4四半期,改装済み,
中古マンション等,不動産取引価格情報,13115,東京都,杉並区,上井草,上井草,8.0,43000000,３ＬＤＫ,60,1985年,ＲＣ,住宅,住宅,１中住専,60.0,200.0,2023年第4四半期,改装済み,
中古マンション等,不動産取引価格情報,13115,東京都,杉並区,上荻,荻窪,11.0,20000000,１Ｒ,20,2008年,ＲＣ,住宅,住宅,商業,80.0,400.0,2025年第3四半期,改装済み,
中古マンション等,不動産取引価格情報,13115,東京都,杉並区,上荻,荻窪,8.0,38000000,２Ｋ,40,2009年,ＲＣ,住宅,住宅,１低住専,50.0,100.0,2025年第2四半期,未改装,
中古マンション等,不動産取引価格情報,13115,東京都,杉並区,上荻,荻窪,11.0,23000000,１Ｋ,20,2008年,ＲＣ,住宅,住宅,商業,80.0,400.0,2025年第2四半期,未改装,
中古マンション等,不動産取引価格情報,13115,東京都,杉並区,上荻,荻窪,15.0,66000000,３ＬＤＫ,70,1995年,ＲＣ,住宅,住宅,１中住専,60.0,200.0,2025年第1四半期,改装済み,
中古マンション等,不動産取引価格情報,13115,東京都,杉並区,上荻,荻窪,8.0,24000000,１Ｒ,20,2009年,ＲＣ,住宅,その他,１低住専,50.0,100.0,2025年第1四半期,,
中古マンション等,不動産取引価格情報,13115,東京都,杉並区,上荻,荻窪,8.0,23000000,１Ｋ,20,2009年,ＲＣ,住宅,住宅,１低住専,50.0,100.0,2024年第4四半期,,
中古マンション等,不動産取引価格情報,13115,東京都,杉並区,上荻,荻窪,12.0,25000000,１Ｋ,15,2024年,ＲＣ,住宅,住宅,商業,80.0,400.0,2024年第3四半期,,
中古マンション等,不動産取引価格情報,13115,東京都,杉並区,上荻,荻窪,8.0,24000000,１Ｋ,20,2009年,ＲＣ,住宅,住宅,１低住専,50.0,100.0,2024年第3四半期,改装済み,
中古マンション等,不動産取引価格情報,13115,東京都,杉並区,上荻,荻窪,9.0,58000000,２ＬＤＫ,50,2006年,ＲＣ,住宅,住宅,近隣商業,80.0,300.0,2024年第3四半期,未改装,
中古マンション等,不動産取引価格情報,13115,東京都,杉並区,上荻,荻窪,6.0,49000000,２ＤＫ,40,1997年,ＲＣ,住宅,住宅,商業,80.0,400.0,2024年第3四半期,,
中古マンション等,不動産取引価格情報,13115,東京都,杉並区,上荻,荻窪,7.0,67000000,２ＬＤＫ,50,2012年,ＲＣ,住宅,住宅,２中住専,60.0,200.0,2024年第3四半期,未改装,
中古マンション等,不動産取引価格情報,13115,東京都,杉並区,上荻,荻窪,5.0,20000000,１Ｋ,15,1997年,ＲＣ,住宅,その他,近隣商業,80.0,300.0,2024年第2四半期,改装済み,
中古マンション等,不動産取引価格情報,13115,東京都,杉並区,上荻,荻窪,8.0,25000000,１Ｋ,20,2009年,ＲＣ,住宅,住宅,１低住専,50.0,100.0,2024年第2四半期,,
中古マンション等,不動産取引価格情報,13115,東京都,杉並区,上荻,荻窪,6.0,41000000,２ＤＫ,40,1997年,ＲＣ,住宅,住宅,商業,80.0,400.0,2024年第2四半期,,
中古マンション等,不動産取引価格情報,13115,東京都,杉並区,上荻,荻窪,12.0,22000000,,20,2003年,ＲＣ,住宅,住宅,商業,80.0,400.0,2024年第2四半期,,
中古マンション等,不動産取引価格情報,13115,東京都,杉並区,上荻,荻窪,8.0,23000000,１Ｋ,20,2009年,ＲＣ,住宅,住宅,近隣商業,80.0,300.0,2024年第1四半期,未改装,
中古マンション等,不動産取引価格情報,13115,東京都,杉並区,上荻,荻窪,3.0,49000000,１ＬＤＫ,35,2019年,ＲＣ,住宅,住宅,近隣商業,80.0,400.0,2024年第1四半期,未改装,
中古マンション等,不動産取引価格情報,13115,東京都,杉並区,上荻,荻窪,6.0,40000000,１ＬＤＫ,35,1999年,ＲＣ,住宅,住宅,２中住専,60.0,200.0,2024年第1四半期,改装済み,
中古マンション等,不動産取引価格情報,13115,東京都,杉並区,上荻,荻窪,7.0,25000000,１Ｋ,20,2008年,ＲＣ,住宅,住宅,２中住専,60.0,200.0,2023年第4四半期,未改装,
中古マンション等,不動産取引価格情報,13115,東京都,杉並区,上荻,荻窪,4.0,25000000,１Ｋ,25,2017年,ＲＣ,住宅,住宅,商業,80.0,400.0,2023年第4四半期,,
中古マンション等,不動産取引価格情報,13115,東京都,杉並区,上荻,西荻窪,7.0,34000000,１ＬＤＫ,40,1967年,ＲＣ,住宅,住宅,１低住専,60.0,150.0,2024年第4四半期,改装済み,
中古マンション等,不動産取引価格情報,13115,東京都,杉並区,上荻,西荻窪,7.0,22000000,２Ｋ,25,1998年,ＲＣ,住宅,住宅,近隣商業,80.0,300.0,2024年第4四半期,未改装,
中古マンション等,不動産取引価格情報,13115,東京都,杉並区,上荻,西荻窪,10.0,77000000,３ＬＤＫ,80,1998年,ＲＣ,住宅,住宅,１低住専,50.0,100.0,2024年第4四半期,未改装,
中古マンション等,不動産取引価格情報,13115,東京都,杉並区,上荻,西荻窪,7.0,20000000,１Ｋ,20,1998年,ＲＣ,住宅,住宅,近隣商業,80.0,300.0,2024年第4四半期,未改装,
中古マンション等,不動産取引価格情報,13115,東京都,杉並区,上荻,西荻窪,7.0,34000000,１ＬＤＫ,40,1967年,ＲＣ,住宅,その他,１低住専,60.0,150.0,2024年第3四半期,,
中古マンション等,不動産取引価格情報,13115,東京都,杉並区,上荻,西荻窪,8.0,42000000,２ＬＤＫ,55,1967年,ＲＣ,住宅,住宅,１低住専,60.0,150.0,2024年第3四半期,改装済み,
中古マンション等,不動産取引価格情報,13115,東京都,杉並区,上荻,西荻窪,8.0,66000000,１ＬＤＫ,50,2005年,ＲＣ,住宅,住宅,近隣商業,80.0,300.0,2024年第2四半期,未改装,
中古マンション等,不動産取引価格情報,13115,東京都,杉並区,上荻,西荻窪,14.0,38000000,１ＬＤＫ,35,2010年,ＲＣ,住宅,住宅,商業,80.0,400.0,2024年第2四半期,改装済み,
中古マンション等,不動産取引価格情報,13115,東京都,杉並区,上荻,西荻窪,12.0,44000000,２ＬＤＫ,60,2004年,鉄骨造,住宅,その他,１低住専,50.0,100.0,2023年第4四半期,未改装,
中古マンション等,不動産取引価格情報,13115,東京都,杉並区,上荻,西荻窪,10.0,73000000,２ＬＤＫ,50,2022年,ＲＣ,住宅,住宅,近隣商業,80.0,300.0,2023年第4四半期,未改装,
中古マンション等,不動産取引価格情報,13115,東京都,杉並区,上高井戸,上北沢,9.0,43000000,１ＬＤＫ,40,2014年,ＲＣ,住宅,住宅,２種住居,60.0,300.0,2025年第3四半期,改装済み,
中古マンション等,不動産取引価格情報,13115,東京都,杉並区,上高井戸,上北沢,9.0,19000000,,20,2009年,ＲＣ,住宅,住宅,２種住居,60.0,300.0,2024年第4四半期,,
中古マンション等,不動産取引価格情報,13115,東京都,杉並区,上高井戸,上北沢,9.0,19000000,,20,2009年,ＲＣ,住宅,住宅,２種住居,60.0,300.0,2024年第4四半期,,
中古マンション等,不動産取引価格情報,13115,東京都,杉並区,上高井戸,上北沢,9.0,17000000,１Ｋ,15,2001年,ＲＣ,住宅,住宅,２種住居,60.0,300.0,2024年第2四半期,未改装,
中古マンション等,不動産取引価格情報,13115,東京都,杉並区,上高井戸,上北沢,9.0,24000000,１Ｋ,20,2009年,ＲＣ,住宅,住宅,２種住居,60.0,300.0,2024年第2四半期,未改装,
中古マンション等,不動産取引価格情報,13115,東京都,杉並区,上高井戸,高井戸,11.0,65000000,３ＬＤＫ,80,2001年,ＲＣ,住宅,住宅,１低住専,40.0,80.0,2025年第3四半期,未改装,
中古マンション等,不動産取引価格情報,13115,東京都,杉並区,上高井戸,高井戸,12.0,87000000,３ＬＤＫ,70,2019年,ＲＣ,住宅,住宅,１種住居,60.0,300.0,2025年第2四半期,,
中古マンション等,不動産取引価格情報,13115,東京都,杉並区,上高井戸,高井戸,11.0,57000000,２ＬＤＫ,50,2008年,ＲＣ,住宅,住宅,１種住居,60.0,300.0,2024年第4四半期,改装済み,
中古マンション等,不動産取引価格情報,13115,東京都,杉並区,上高井戸,高井戸,12.0,87000000,３ＬＤＫ,70,2019年,ＲＣ,住宅,住宅,１種住居,60.0,300.0,2024年第4四半期,未改装,
中古マンション等,不動産取引価格情報,13115,東京都,杉並区,上高井戸,高井戸,10.0,61000000,３ＬＤＫ,65,2001年,ＲＣ,住宅,住宅,１種住居,60.0,300.0,2024年第1四半期,改装済み,
中古マンション等,不動産取引価格情報,13115,東京都,杉並区,上高井戸,八幡山,10.0,24000000,１Ｋ,20,2008年,ＲＣ,住宅,その他,２種住居,60.0,300.0,2025年第3四半期,,
中古マンション等,不動産取引価格情報,13115,東京都,杉並区,上高井戸,八幡山,8.0,16000000,１Ｋ,20,2000年,ＲＣ,住宅,住宅,準住居,60.0,300.0,2025年第2四半期,,
中古マンション等,不動産取引価格情報,13115,東京都,杉並区,上高井戸,八幡山,11.0,48000000,３ＬＤＫ,60,1995年,ＳＲＣ,住宅,住宅,準住居,60.0,300.0,2025年第2四半期,改装済み,
中古マンション等,不動産取引価格情報,13115,東京都,杉並区,上高井戸,八幡山,4.0,21000000,１ＬＤＫ,40,1970年,ＳＲＣ,住宅,住宅,近隣商業,80.0,300.0,2024年第4四半期,未改装,
中古マンション等,不動産取引価格情報,13115,東京都,杉並区,上高井戸,八幡山,9.0,24000000,１Ｋ,20,2009年,ＲＣ,住宅,住宅,準住居,60.0,300.0,2024年第4四半期,未改装,
中古マンション等,不動産取引価格情報,13115,東京都,杉並区,上高井戸,八幡山,6.0,76000000,２ＬＤＫ,60,2016年,ＲＣ,住宅,住宅,近隣商業,80.0,300.0,2024年第4四半期,未改装,
中古マンション等,不動産取引価格情報,13115,東京都,杉並区,上高井戸,八幡山,3.0,21000000,２ＤＫ,40,1978年,ＲＣ,住宅,住宅,近隣商業,80.0,300.0,2024年第3四半期,未改装,
中古マンション等,不動産取引価格情報,13115,東京都,杉並区,上高井戸,八幡山,5.0,18000000,１Ｋ,20,2003年,ＲＣ,住宅,住宅,近隣商業,80.0,300.0,2024年第3四半期,未改装,
中古マンション等,不動産取引価格情報,13115,東京都,杉並区,上高井戸,八幡山,9.0,26000000,１Ｋ,20,2009年,ＲＣ,住宅,住宅,準住居,60.0,300.0,2024年第3四半期,未改装,
中古マンション等,不動産取引価格情報,13115,東京都,杉並区,上高井戸,八幡山,3.0,46000000,２ＬＤＫ,55,1987年,ＲＣ,住宅,住宅,２中住専,60.0,200.0,2024年第3四半期,未改装,
中古マンション等,不動産取引価格情報,13115,東京都,杉並区,上高井戸,八幡山,2.0,23000000,１Ｋ,20,2004年,ＲＣ,住宅,住宅,２中住専,60.0,200.0,2024年第2四半期,未改装,
中古マンション等,不動産取引価格情報,13115,東京都,杉並区,上高井戸,八幡山,10.0,23000000,１Ｋ,20,2008年,ＲＣ,住宅,その他,２種住居,60.0,300.0,2024年第2四半期,,
中古マンション等,不動産取引価格情報,13115,東京都,杉並区,上高井戸,八幡山,6.0,64000000,２ＤＫ,50,2016年,ＲＣ,住宅,住宅,近隣商業,80.0,300.0,2024年第1四半期,改装済み,
中古マンション等,不動産取引価格情報,13115,東京都,杉並区,上高井戸,八幡山,3.0,31000000,２ＬＤＫ,55,1978年,ＲＣ,住宅,住宅,２中住専,60.0,200.0,2024年第1四半期,改装済み,
中古マンション等,不動産取引価格情報,13115,東京都,杉並区,上高井戸,八幡山,3.0,12000000,１Ｋ,15,1991年,ＲＣ,住宅,住宅,２中住専,60.0,200.0,2023年第4四半期,改装済み,
中古マンション等,不動産取引価格情報,13115,東京都,杉並区,上高井戸,八幡山,2.0,22000000,１ＤＫ,20,2004年,ＲＣ,住宅,住宅,２中住専,60.0,200.0,2023年第4四半期,,
中古マンション等,不動産取引価格情報,13115,東京都,杉並区,上高井戸,富士見ケ丘,7.0,23000000,１Ｋ,20,2007年,ＲＣ,住宅,住宅,１中住専,60.0,200.0,2025年第3四半期,未改装,
中古マンション等,不動産取引価格情報,13115,東京都,杉並区,上高井戸,富士見ケ丘,10.0,55000000,３ＬＤＫ,70,1998年,ＲＣ,住宅,住宅,１種住居,60.0,300.0,2025年第2四半期,未改装,
中古マンション等,不動産取引価格情報,13115,東京都,杉並区,上高井戸,富士見ケ丘,8.0,25000000,１Ｋ,20,2007年,ＲＣ,住宅,住宅,１中住専,60.0,200.0,2025年第1四半期,未改装,
中古マンション等,不動産取引価格情報,13115,東京都,杉並区,上高井戸,富士見ケ丘,8.0,15000000,１Ｋ,20,2007年,ＲＣ,住宅,住宅,１中住専,60.0,200.0,2024年第4四半期,未改装,
中古マンション等,不動産取引価格情報,13115,東京都,杉並区,上高井戸,富士見ケ丘,8.0,27000000,１Ｋ,30,2007年,ＲＣ,住宅,,１中住専,60.0,200.0,2024年第1四半期,改装済み,
中古マンション等,不動産取引価格情報,13115,東京都,杉並区,上高井戸,富士見ケ丘,8.0,21000000,１Ｋ,20,2007年,ＲＣ,住宅,住宅,１中住専,60.0,200.0,2024年第1四半期,,
中古マンション等,不動産取引価格情報,13115,東京都,杉並区,上高井戸,芦花公園,1.0,79000000,３ＬＤＫ,70,1998年,ＲＣ,住宅,住宅,近隣商業,80.0,300.0,2025年第3四半期,改装済み,
中古マンション等,不動産取引価格情報,13115,東京都,杉並区,上高井戸,芦花公園,4.0,29000000,１Ｋ,30,2002年,ＲＣ,住宅,その他,準住居,60.0,300.0,2025年第2四半期,未改装,
中古マンション等,不動産取引価格情報,13115,東京都,杉並区,上高井戸,芦花公園,4.0,21000000,１Ｋ,20,2002年,ＲＣ,住宅,住宅,準住居,60.0,300.0,2025年第2四半期,改装済み,
中古マンション等,不動産取引価格情報,13115,東京都,杉並区,上高井戸,芦花公園,6.0,6600000,１Ｋ,10,1984年,ＲＣ,住宅,住宅,準住居,60.0,300.0,2025年第2四半期,未改装,
中古マンション等,不動産取引価格情報,13115,東京都,杉並区,上高井戸,芦花公園,4.0,39000000,１ＬＤＫ,30,2018年,ＲＣ,住宅,住宅,準住居,60.0,300.0,2025年第2四半期,未改装,
中古マンション等,不動産取引価格情報,13115,東京都,杉並区,上高井戸,芦花公園,8.0,67000000,３ＬＤＫ,60,2016年,ＲＣ,住宅,住宅,１低住専,40.0,80.0,2024年第4四半期,未改装,
中古マンション等,不動産取引価格情報,13115,東京都,杉並区,上高井戸,芦花公園,0.0,63000000,３ＬＤＫ,70,1998年,ＲＣ,住宅,,近隣商業,80.0,300.0,2024年第4四半期,未改装,
中古マンション等,不動産取引価格情報,13115,東京都,杉並区,上高井戸,芦花公園,1.0,15000000,１Ｋ,15,2000年,ＲＣ,住宅,住宅,１中住専,60.0,200.0,2024年第4四半期,未改装,
中古マンション等,不動産取引価格情報,13115,東京都,杉並区,上高井戸,芦花公園,3.0,22000000,１Ｋ,20,2002年,ＲＣ,住宅,住宅,準住居,60.0,300.0,2024年第3四半期,未改装,
中古マンション等,不動産取引価格情報,13115,東京都,杉並区,上高井戸,芦花公園,8.0,60000000,２ＬＤＫ,60,2016年,ＲＣ,住宅,住宅,１低住専,40.0,80.0,2024年第3四半期,,
中古マンション等,不動産取引価格情報,13115,東京都,杉並区,上高井戸,芦花公園,6.0,20000000,１Ｋ,20,2003年,ＲＣ,住宅,住宅,準住居,60.0,300.0,2024年第2四半期,未改装,
中古マンション等,不動産取引価格情報,13115,東京都,杉並区,上高井戸,芦花公園,4.0,18000000,１Ｋ,20,2002年,ＲＣ,住宅,住宅,準住居,60.0,300.0,2024年第2四半期,未改装,
中古マンション等,不動産取引価格情報,13115,東京都,杉並区,上高井戸,芦花公園,3.0,18000000,１Ｋ,20,2002年,ＲＣ,住宅,住宅,準住居,60.0,300.0,2024年第1四半期,改装済み,
中古マンション等,不動産取引価格情報,13115,東京都,杉並区,上高井戸,芦花公園,6.0,11000000,１Ｋ,20,2003年,ＲＣ,住宅,住宅,準住居,60.0,300.0,2023年第4四半期,未改装,
中古マンション等,不動産取引価格情報,13115,東京都,杉並区,上高井戸,芦花公園,4.0,20000000,１Ｋ,20,2002年,ＲＣ,住宅,住宅,準住居,60.0,300.0,2023年第4四半期,,
中古マンション等,不動産取引価格情報,13115,東京都,杉並区,上高井戸,芦花公園,6.0,22000000,１Ｋ,25,2003年,ＲＣ,住宅,住宅,準住居,60.0,300.0,2023年第4四半期,,
中古マンション等,不動産取引価格情報,13115,東京都,杉並区,久我山,久我山,2.0,35000000,２ＤＫ,40,1974年,ＳＲＣ,住宅,住宅,２中住専,60.0,200.0,2025年第3四半期,改装済み,
中古マンション等,不動産取引価格情報,13115,東京都,杉並区,久我山,久我山,7.0,30000000,１Ｋ,35,2002年,ＲＣ,住宅,住宅,１低住専,50.0,100.0,2025年第3四半期,未改装,
中古マンション等,不動産取引価格情報,13115,東京都,杉並区,久我山,久我山,6.0,24000000,１Ｋ,15,2007年,ＲＣ,住宅,住宅,２中住専,60.0,200.0,2025年第3四半期,,
中古マンション等,不動産取引価格情報,13115,東京都,杉並区,久我山,久我山,6.0,28000000,１ＬＤＫ,20,2025年,ＲＣ,住宅,住宅,１中住専,60.0,200.0,2025年第2四半期,未改装,
中古マンション等,不動産取引価格情報,13115,東京都,杉並区,久我山,久我山,7.0,27000000,１Ｋ,20,2016年,ＲＣ,住宅,その他,１中住専,60.0,200.0,2025年第2四半期,未改装,
中古マンション等,不動産取引価格情報,13115,東京都,杉並区,久我山,久我山,8.0,60000000,３ＬＤＫ,70,2003年,ＲＣ,住宅,住宅,１低住専,60.0,150.0,2025年第1四半期,未改装,
中古マンション等,不動産取引価格情報,13115,東京都,杉並区,久我山,久我山,7.0,25000000,１Ｋ,20,2016年,ＲＣ,住宅,住宅,１中住専,60.0,200.0,2025年第1四半期,未改装,
中古マンション等,不動産取引価格情報,13115,東京都,杉並区,久我山,久我山,9.0,110000000,４ＬＤＫ,120,2004年,ＲＣ,住宅,住宅,１低住専,50.0,100.0,2024年第4四半期,未改装,
中古マンション等,不動産取引価格情報,13115,東京都,杉並区,久我山,久我山,2.0,30000000,１ＤＫ,30,1974年,ＳＲＣ,住宅,,２中住専,60.0,200.0,2024年第4四半期,改装済み,
中古マンション等,不動産取引価格情報,13115,東京都,杉並区,久我山,久我山,4.0,44000000,３ＬＤＫ,105,1966年,ＲＣ,住宅,住宅,１中住専,60.0,150.0,2024年第4四半期,未改装,
中古マンション等,不動産取引価格情報,13115,東京都,杉並区,久我山,久我山,11.0,13000000,１Ｋ,30,1976年,ＲＣ,住宅,住宅,１中住専,60.0,150.0,2024年第3四半期,改装済み,
中古マンション等,不動産取引価格情報,13115,東京都,杉並区,久我山,久我山,8.0,75000000,３ＬＤＫ,65,2010年,ＲＣ,住宅,住宅,準工業,60.0,200.0,2024年第3四半期,未改装,
中古マンション等,不動産取引価格情報,13115,東京都,杉並区,久我山,久我山,4.0,19000000,３Ｋ,45,1968年,鉄骨造,住宅,住宅,近隣商業,80.0,300.0,2024年第3四半期,未改装,
中古マンション等,不動産取引価格情報,13115,東京都,杉並区,久我山,久我山,7.0,28000000,１Ｋ,25,2016年,ＲＣ,住宅,その他,１中住専,60.0,200.0,2024年第3四半期,未改装,
中古マンション等,不動産取引価格情報,13115,東京都,杉並区,久我山,久我山,3.0,26000000,２ＬＤＫ,60,1966年,ＲＣ,住宅,住宅,１中住専,60.0,150.0,2024年第3四半期,未改装,
中古マンション等,不動産取引価格情報,13115,東京都,杉並区,久我山,久我山,4.0,20000000,,45,1968年,鉄骨造,住宅,,近隣商業,80.0,300.0,2024年第3四半期,,
中古マンション等,不動産取引価格情報,13115,東京都,杉並区,久我山,久我山,6.0,19000000,１Ｋ,15,2007年,ＲＣ,住宅,住宅,２中住専,60.0,200.0,2024年第3四半期,,
中古マンション等,不動産取引価格情報,13115,東京都,杉並区,久我山,久我山,4.0,12000000,２ＬＤＫ,45,1988年,鉄骨造,住宅,住宅,近隣商業,80.0,300.0,2024年第2四半期,未改装,
中古マンション等,不動産取引価格情報,13115,東京都,杉並区,久我山,久我山,6.0,18000000,１Ｋ,15,2007年,ＲＣ,住宅,住宅,２中住専,60.0,200.0,2024年第2四半期,,
中古マンション等,不動産取引価格情報,13115,東京都,杉並区,久我山,久我山,4.0,26000000,１ＤＫ,45,1988年,鉄骨造,住宅,住宅,近隣商業,80.0,300.0,2024年第2四半期,改装済み,
中古マンション等,不動産取引価格情報,13115,東京都,杉並区,久我山,久我山,7.0,23000000,１Ｋ,20,2016年,ＲＣ,住宅,住宅,１中住専,60.0,200.0,2024年第1四半期,,
中古マンション等,不動産取引価格情報,13115,東京都,杉並区,久我山,久我山,7.0,24000000,１Ｋ,20,2016年,ＲＣ,住宅,その他,１中住専,60.0,200.0,2024年第1四半期,,
中古マンション等,不動産取引価格情報,13115,東京都,杉並区,久我山,久我山,4.0,15000000,１ＬＤＫ,45,1988年,鉄骨造,住宅,その他,近隣商業,80.0,300.0,2024年第1四半期,,
中古マンション等,不動産取引価格情報,13115,東京都,杉並区,久我山,富士見ケ丘,1.0,33000000,１ＬＤＫ,35,1977年,ＲＣ,住宅,住宅,近隣商業,80.0,300.0,2025年第3四半期,改装済み,
中古マンション等,不動産取引価格情報,13115,東京都,杉並区,久我山,富士見ケ丘,2.0,45000000,１ＬＤＫ,50,1996年,ＲＣ,住宅,住宅,近隣商業,80.0,300.0,2025年第2四半期,改装済み,
中古マンション等,不動産取引価格情報,13115,東京都,杉並区,久我山,富士見ケ丘,5.0,13000000,１Ｋ,15,1990年,ＲＣ,住宅,住宅,２中住専,60.0,200.0,2025年第1四半期,未改装,
中古マンション等,不動産取引価格情報,13115,東京都,杉並区,久我山,富士見ケ丘,5.0,68000000,２ＬＤＫ,55,2006年,ＲＣ,住宅,住宅,１低住専,50.0,100.0,2025年第1四半期,,
中古マンション等,不動産取引価格情報,13115,東京都,杉並区,久我山,富士見ケ丘,1.0,21000000,１ＬＤＫ,35,1977年,ＲＣ,住宅,,近隣商業,80.0,300.0,2024年第4四半期,未改装,
中古マンション等,不動産取引価格情報,13115,東京都,杉並区,久我山,富士見ケ丘,8.0,42000000,３ＬＤＫ,60,2001年,ＲＣ,住宅,,２中住専,60.0,200.0,2024年第1四半期,未改装,
中古マンション等,不動産取引価格情報,13115,東京都,杉並区,久我山,富士見ケ丘,7.0,73000000,３ＬＤＫ,65,2014年,ＲＣ,住宅,住宅,２中住専,60.0,200.0,2023年第4四半期,未改装,
中古マンション等,不動産取引価格情報,13115,東京都,杉並区,久我山,三鷹台,1.0,20000000,１ＬＤＫ,55,2002年,ＲＣ,,事務所,１中住専,60.0,150.0,2024年第1四半期,未改装,
中古マンション等,不動産取引価格情報,13115,東京都,杉並区,高円寺北,高円寺,8.0,30000000,１ＬＤＫ,30,1971年,ＳＲＣ,住宅,住宅,近隣商業,80.0,400.0,2025年第3四半期,改装済み,
中古マンション等,不動産取引価格情報,13115,東京都,杉並区,高円寺北,高円寺,5.0,28000000,１Ｋ,20,2011年,ＲＣ,住宅,その他,１中住専,60.0,200.0,2025年第3四半期,未改装,
中古マンション等,不動産取引価格情報,13115,東京都,杉並区,高円寺北,高円寺,8.0,24000000,１Ｋ,20,2007年,ＲＣ,住宅,住宅,近隣商業,80.0,400.0,2025年第3四半期,未改装,
中古マンション等,不動産取引価格情報,13115,東京都,杉並区,高円寺北,高円寺,7.0,37000000,２ＤＫ,40,2003年,ＲＣ,住宅,住宅,近隣商業,80.0,400.0,2025年第3四半期,,
中古マンション等,不動産取引価格情報,13115,東京都,杉並区,高円寺北,高円寺,11.0,26000000,１ＤＫ,25,2004年,ＲＣ,住宅,住宅,近隣商業,80.0,400.0,2025年第3四半期,,
中古マンション等,不動産取引価格情報,13115,東京都,杉並区,高円寺北,高円寺,5.0,33000000,１Ｋ,25,2012年,ＲＣ,住宅,住宅,近隣商業,80.0,400.0,2025年第2四半期,未改装,
中古マンション等,不動産取引価格情報,13115,東京都,杉並区,高円寺北,高円寺,6.0,29000000,１ＤＫ,20,2005年,ＲＣ,住宅,その他,近隣商業,80.0,300.0,2025年第2四半期,未改装,
中古マンション等,不動産取引価格情報,13115,東京都,杉並区,高円寺北,高円寺,2.0,78000000,２ＬＤＫ,50,2001年,ＳＲＣ,住宅,住宅,商業,80.0,500.0,2025年第1四半期,改装済み,
中古マンション等,不動産取引価格情報,13115,東京都,杉並区,高円寺北,高円寺,3.0,84000000,１ＬＤＫ,60,2003年,ＲＣ,住宅,住宅,商業,80.0,500.0,2025年第1四半期,改装済み,
中古マンション等,不動産取引価格情報,13115,東京都,杉並区,高円寺北,高円寺,8.0,54000000,２ＤＫ,50,1971年,ＲＣ,住宅,住宅,１中住専,60.0,200.0,2025年第1四半期,改装済み,
中古マンション等,不動産取引価格情報,13115,東京都,杉並区,高円寺北,高円寺,4.0,39000000,１ＬＤＫ,30,2002年,ＳＲＣ,住宅,住宅,近隣商業,80.0,300.0,2025年第1四半期,,
中古マンション等,不動産取引価格情報,13115,東京都,杉並区,高円寺北,高円寺,6.0,23000000,１Ｋ,20,2005年,ＲＣ,住宅,その他,近隣商業,80.0,300.0,2024年第4四半期,未改装,
中古マンション等,不動産取引価格情報,13115,東京都,杉並区,高円寺北,高円寺,3.0,14000000,１Ｋ,15,1987年,ＲＣ,住宅,住宅,１中住専,60.0,200.0,2024年第4四半期,未改装,
中古マンション等,不動産取引価格情報,13115,東京都,杉並区,高円寺北,高円寺,14.0,28000000,１ＤＫ,40,1996年,ＳＲＣ,住宅,住宅,近隣商業,80.0,300.0,2024年第4四半期,改装済み,
中古マンション等,不動産取引価格情報,13115,東京都,杉並区,高円寺北,高円寺,1.0,67000000,,45,2009年,ＲＣ,住宅,住宅,商業,80.0,600.0,2024年第4四半期,未改装,
中古マンション等,不動産取引価格情報,13115,東京都,杉並区,高円寺北,高円寺,7.0,22000000,１Ｋ,20,2003年,ＲＣ,住宅,その他,近隣商業,80.0,400.0,2024年第4四半期,,
中古マンション等,不動産取引価格情報,13115,東京都,杉並区,高円寺北,高円寺,9.0,25000000,１ＤＫ,25,1997年,ＳＲＣ,住宅,住宅,近隣商業,80.0,400.0,2024年第3四半期,未改装,
中古マンション等,不動産取引価格情報,13115,東京都,杉並区,高円寺北,高円寺,3.0,13000000,１Ｋ,20,1986年,ＲＣ,住宅,,商業,80.0,500.0,2024年第2四半期,未改装,
中古マンション等,不動産取引価格情報,13115,東京都,杉並区,高円寺北,高円寺,6.0,31000000,１ＤＫ,30,2006年,ＲＣ,住宅,その他,１中住専,60.0,200.0,2024年第2四半期,,
中古マンション等,不動産取引価格情報,13115,東京都,杉並区,高円寺北,高円寺,6.0,15000000,１Ｋ,15,1988年,ＲＣ,住宅,住宅,近隣商業,80.0,300.0,2024年第2四半期,未改装,
中古マンション等,不動産取引価格情報,13115,東京都,杉並区,高円寺北,高円寺,10.0,24000000,１Ｋ,20,2004年,ＲＣ,住宅,住宅,１中住専,50.0,150.0,2024年第1四半期,未改装,
中古マンション等,不動産取引価格情報,13115,東京都,杉並区,高円寺北,高円寺,14.0,29000000,１Ｋ,20,2021年,ＲＣ,住宅,その他,近隣商業,80.0,300.0,2024年第1四半期,未改装,
中古マンション等,不動産取引価格情報,13115,東京都,杉並区,高円寺北,高円寺,5.0,31000000,１Ｋ,25,2012年,ＲＣ,住宅,住宅,近隣商業,80.0,400.0,2024年第1四半期,未改装,
中古マンション等,不動産取引価格情報,13115,東京都,杉並区,高円寺北,高円寺,7.0,33000000,１ＤＫ,30,2006年,ＲＣ,住宅,その他,１中住専,60.0,200.0,2024年第1四半期,未改装,
中古マンション等,不動産取引価格情報,13115,東京都,杉並区,高円寺北,高円寺,8.0,12000000,１ＤＫ,25,1971年,ＲＣ,住宅,住宅,１中住専,60.0,200.0,2023年第4四半期,未改装,
中古マンション等,不動産取引価格情報,13115,東京都,杉並区,高円寺北,高円寺,8.0,23000000,２ＬＤＫ,50,1971年,ＲＣ,住宅,その他,１中住専,60.0,200.0,2023年第4四半期,未改装,
中古マンション等,不動産取引価格情報,13115,東京都,杉並区,高円寺北,高円寺,9.0,22000000,１Ｋ,20,2001年,ＲＣ,住宅,住宅,近隣商業,80.0,300.0,2023年第4四半期,未改装,
中古マンション等,不動産取引価格情報,13115,東京都,杉並区,高円寺北,高円寺,5.0,25000000,１Ｋ,25,2011年,ＲＣ,住宅,住宅,１中住専,60.0,200.0,2023年第4四半期,未改装,
中古マンション等,不動産取引価格情報,13115,東京都,杉並区,高円寺北,高円寺,8.0,9600000,１Ｋ,20,1971年,ＳＲＣ,住宅,住宅,近隣商業,80.0,400.0,2023年第4四半期,改装済み,
中古マンション等,不動産取引価格情報,13115,東京都,杉並区,高円寺南,高円寺,10.0,9100000,１Ｋ,15,1984年,ＲＣ,住宅,住宅,１中住専,60.0,200.0,2025年第3四半期,,
中古マンション等,不動産取引価格情報,13115,東京都,杉並区,高円寺南,高円寺,10.0,12000000,１ＤＫ,25,1970年,ＳＲＣ,住宅,住宅,近隣商業,80.0,400.0,2025年第3四半期,未改装,
中古マンション等,不動産取引価格情報,13115,東京都,杉並区,高円寺南,高円寺,6.0,17000000,１Ｋ,25,1983年,ＲＣ,住宅,住宅,商業,80.0,500.0,2025年第1四半期,改装済み,
中古マンション等,不動産取引価格情報,13115,東京都,杉並区,高円寺南,高円寺,3.0,56000000,２ＬＤＫ,50,1996年,ＲＣ,住宅,住宅,近隣商業,80.0,300.0,2025年第1四半期,未改装,
中古マンション等,不動産取引価格情報,13115,東京都,杉並区,高円寺南,高円寺,6.0,23000000,１Ｋ,15,2000年,ＲＣ,住宅,住宅,１中住専,60.0,200.0,2024年第4四半期,未改装,
中古マンション等,不動産取引価格情報,13115,東京都,杉並区,高円寺南,高円寺,8.0,70000000,４ＬＤＫ,80,1996年,ＲＣ,住宅,住宅,１低住専,60.0,150.0,2024年第4四半期,未改装,
中古マンション等,不動産取引価格情報,13115,東京都,杉並区,高円寺南,高円寺,8.0,22000000,１Ｋ,20,2007年,ＲＣ,住宅,住宅,１中住専,60.0,200.0,2024年第4四半期,未改装,
中古マンション等,不動産取引価格情報,13115,東京都,杉並区,高円寺南,高円寺,2.0,34000000,１ＬＤＫ,30,1984年,ＳＲＣ,住宅,住宅,商業,80.0,500.0,2024年第4四半期,未改装,
中古マンション等,不動産取引価格情報,13115,東京都,杉並区,高円寺南,高円寺,3.0,22000000,１ＤＫ,25,1971年,ＳＲＣ,住宅,住宅,商業,80.0,500.0,2024年第3四半期,改装済み,
中古マンション等,不動産取引価格情報,13115,東京都,杉並区,高円寺南,高円寺,5.0,64000000,２ＬＤＫ,55,2014年,ＲＣ,住宅,住宅,近隣商業,80.0,300.0,2024年第3四半期,,
中古マンション等,不動産取引価格情報,13115,東京都,杉並区,高円寺南,高円寺,3.0,34000000,１ＬＤＫ,35,1996年,ＳＲＣ,住宅,,商業,80.0,500.0,2024年第3四半期,,
中古マンション等,不動産取引価格情報,13115,東京都,杉並区,高円寺南,高円寺,10.0,11000000,１Ｋ,15,1984年,ＲＣ,住宅,住宅,１中住専,60.0,200.0,2024年第3四半期,未改装,
中古マンション等,不動産取引価格情報,13115,東京都,杉並区,高円寺南,高円寺,7.0,29000000,１Ｋ,25,2012年,ＲＣ,住宅,その他,近隣商業,80.0,300.0,2024年第2四半期,改装済み,
中古マンション等,不動産取引価格情報,13115,東京都,杉並区,高円寺南,高円寺,3.0,58000000,１ＬＤＫ,50,1996年,ＲＣ,住宅,住宅,近隣商業,80.0,300.0,2024年第2四半期,改装済み,
中古マンション等,不動産取引価格情報,13115,東京都,杉並区,高円寺南,高円寺,6.0,36000000,１ＬＤＫ,45,1983年,ＲＣ,住宅,住宅,商業,80.0,500.0,2024年第2四半期,未改装,
中古マンション等,不動産取引価格情報,13115,東京都,杉並区,高円寺南,高円寺,3.0,120000000,３ＬＤＫ,70,2013年,ＲＣ,住宅,住宅,商業,80.0,500.0,2024年第2四半期,未改装,
中古マンション等,不動産取引価格情報,13115,東京都,杉並区,高円寺南,高円寺,9.0,14000000,１Ｋ,15,1992年,ＲＣ,住宅,住宅,近隣商業,80.0,400.0,2024年第1四半期,未改装,
中古マンション等,不動産取引価格情報,13115,東京都,杉並区,高円寺南,高円寺,11.0,23000000,１Ｋ,20,2006年,ＲＣ,住宅,住宅,近隣商業,80.0,200.0,2024年第1四半期,,
中古マンション等,不動産取引価格情報,13115,東京都,杉並区,高円寺南,高円寺,2.0,46000000,１ＬＤＫ,45,1979年,ＳＲＣ,住宅,住宅,商業,80.0,500.0,2024年第1四半期,未改装,
中古マンション等,不動産取引価格情報,13115,東京都,杉並区,高円寺南,高円寺,6.0,21000000,１Ｋ,15,2000年,ＲＣ,住宅,住宅,１中住専,60.0,200.0,2024年第1四半期,未改装,
中古マンション等,不動産取引価格情報,13115,東京都,杉並区,高円寺南,高円寺,9.0,20000000,１Ｋ,20,1999年,ＲＣ,住宅,住宅,近隣商業,80.0,400.0,2024年第1四半期,未改装,
中古マンション等,不動産取引価格情報,13115,東京都,杉並区,高円寺南,高円寺,9.0,25000000,１Ｋ,30,2001年,ＳＲＣ,住宅,住宅,商業,80.0,500.0,2023年第4四半期,未改装,
中古マンション等,不動産取引価格情報,13115,東京都,杉並区,高円寺南,高円寺,11.0,23000000,,20,2006年,ＲＣ,住宅,その他,近隣商業,80.0,200.0,2023年第4四半期,改装済み,
中古マンション等,不動産取引価格情報,13115,東京都,杉並区,高円寺南,高円寺,4.0,23000000,１Ｋ,20,2001年,ＳＲＣ,住宅,住宅,商業,80.0,500.0,2023年第4四半期,未改装,
中古マンション等,不動産取引価格情報,13115,東京都,杉並区,高円寺南,高円寺,9.0,20000000,１Ｒ,20,1999年,ＲＣ,住宅,その他,近隣商業,80.0,400.0,2023年第4四半期,未改装,
中古マンション等,不動産取引価格情報,13115,東京都,杉並区,高円寺南,高円寺,4.0,32000000,１Ｋ,25,2014年,ＲＣ,住宅,住宅,商業,80.0,500.0,2023年第4四半期,,
中古マンション等,不動産取引価格情報,13115,東京都,杉並区,高円寺南,高円寺,4.0,40000000,１ＤＫ,30,2017年,ＲＣ,住宅,住宅,商業,80.0,500.0,2023年第4四半期,改装済み,
中古マンション等,不動産取引価格情報,13115,東京都,杉並区,高円寺南,新高円寺,5.0,8300000,１ＤＫ,20,1987年,ＲＣ,住宅,,２中住専,60.0,200.0,2025年第1四半期,未改装,
中古マンション等,不動産取引価格情報,13115,東京都,杉並区,高円寺南,新高円寺,1.0,22000000,１ＤＫ,25,1998年,ＲＣ,住宅,住宅,近隣商業,80.0,300.0,2024年第2四半期,,
中古マンション等,不動産取引価格情報,13115,東京都,杉並区,高円寺南,新高円寺,4.0,25000000,１ＬＤＫ,30,1972年,ＳＲＣ,住宅,住宅,商業,80.0,400.0,2024年第1四半期,改装済み,
中古マンション等,不動産取引価格情報,13115,東京都,杉並区,高円寺南,新高円寺,3.0,28000000,１Ｋ,25,2016年,ＲＣ,住宅,住宅,近隣商業,80.0,300.0,2024年第1四半期,,
中古マンション等,不動産取引価格情報,13115,東京都,杉並区,高円寺南,新高円寺,5.0,22000000,１Ｋ,25,2001年,ＲＣ,住宅,住宅,商業,80.0,400.0,2024年第1四半期,改装済み,
中古マンション等,不動産取引価格情報,13115,東京都,杉並区,高円寺南,新高円寺,3.0,32000000,１Ｋ,25,2016年,ＲＣ,住宅,その他,近隣商業,80.0,300.0,2023年第4四半期,未改装,
中古マンション等,不動産取引価格情報,13115,東京都,杉並区,高円寺南,新高円寺,2.0,16000000,１Ｋ,15,1999年,ＲＣ,住宅,住宅,１中住専,60.0,200.0,2023年第4四半期,未改装,
中古マンション等,不動産取引価格情報,13115,東京都,杉並区,高円寺南,中野(東京),10.0,130000000,３ＬＤＫ,70,2015年,ＲＣ,住宅,,１低住専,60.0,150.0,2025年第3四半期,未改装,
中古マンション等,不動産取引価格情報,13115,東京都,杉並区,高円寺南,中野(東京),8.0,74000000,２ＬＤＫ＋Ｓ,75,2011年,ＲＣ,住宅,住宅,１低住専,60.0,150.0,2024年第4四半期,,
中古マンション等,不動産取引価格情報,13115,東京都,杉並区,高円寺南,中野(東京),9.0,90000000,２ＬＤＫ,55,1999年,ＲＣ,住宅,その他,１低住専,60.0,150.0,2024年第2四半期,未改装,
中古マンション等,不動産取引価格情報,13115,東京都,杉並区,高円寺南,中野(東京),8.0,70000000,２ＬＤＫ,55,2011年,ＲＣ,住宅,住宅,１低住専,60.0,150.0,2023年第4四半期,改装済み,
中古マンション等,不動産取引価格情報,13115,東京都,杉並区,高円寺南,東高円寺,4.0,24000000,１Ｋ,20,2010年,ＲＣ,住宅,住宅,近隣商業,80.0,400.0,2025年第3四半期,,
中古マンション等,不動産取引価格情報,13115,東京都,杉並区,高円寺南,東高円寺,4.0,80000000,３ＬＤＫ,60,1995年,ＲＣ,住宅,住宅,近隣商業,80.0,300.0,2025年第3四半期,改装済み,
中古マンション等,不動産取引価格情報,13115,東京都,杉並区,高円寺南,東高円寺,4.0,31000000,１ＤＫ,25,2017年,ＲＣ,住宅,住宅,近隣商業,80.0,300.0,2025年第2四半期,未改装,
中古マンション等,不動産取引価格情報,13115,東京都,杉並区,高円寺南,東高円寺,5.0,22000000,１Ｋ,20,2001年,ＲＣ,住宅,その他,近隣商業,80.0,400.0,2025年第2四半期,未改装,
中古マンション等,不動産取引価格情報,13115,東京都,杉並区,高円寺南,東高円寺,4.0,28000000,１ＤＫ,30,1995年,ＲＣ,住宅,住宅,近隣商業,80.0,300.0,2025年第2四半期,未改装,
中古マンション等,不動産取引価格情報,13115,東京都,杉並区,高円寺南,東高円寺,4.0,32000000,１Ｋ,30,1995年,ＲＣ,住宅,住宅,近隣商業,80.0,300.0,2025年第2四半期,未改装,
中古マンション等,不動産取引価格情報,13115,東京都,杉並区,高円寺南,東高円寺,2.0,27000000,２ＤＫ,40,1973年,ＳＲＣ,住宅,住宅,商業,80.0,400.0,2025年第1四半期,未改装,
中古マンション等,不動産取引価格情報,13115,東京都,杉並区,高円寺南,東高円寺,6.0,24000000,１Ｋ,20,2006年,ＲＣ,住宅,住宅,近隣商業,80.0,300.0,2025年第1四半期,,
中古マンション等,不動産取引価格情報,13115,東京都,杉並区,高円寺南,東高円寺,1.0,7000000,１Ｋ,15,1986年,ＲＣ,住宅,住宅,１中住専,60.0,200.0,2025年第1四半期,未改装,
中古マンション等,不動産取引価格情報,13115,東京都,杉並区,高円寺南,東高円寺,1.0,36000000,１ＬＤＫ,35,1974年,ＳＲＣ,住宅,住宅,商業,80.0,400.0,2025年第1四半期,改装済み,
中古マンション等,不動産取引価格情報,13115,東京都,杉並区,高円寺南,東高円寺,1.0,57000000,２ＬＤＫ,65,1974年,ＳＲＣ,住宅,住宅,商業,80.0,400.0,2024年第4四半期,未改装,
中古マンション等,不動産取引価格情報,13115,東京都,杉並区,高円寺南,東高円寺,2.0,35000000,１ＤＫ,30,2007年,ＲＣ,住宅,住宅,１中住専,60.0,200.0,2024年第4四半期,未改装,
中古マンション等,不動産取引価格情報,13115,東京都,杉並区,高円寺南,東高円寺,6.0,14000000,１Ｋ,15,1991年,ＲＣ,住宅,,近隣商業,80.0,400.0,2024年第4四半期,,
中古マンション等,不動産取引価格情報,13115,東京都,杉並区,高円寺南,東高円寺,4.0,70000000,２ＬＤＫ,60,1995年,ＲＣ,住宅,住宅,近隣商業,80.0,300.0,2024年第4四半期,,
中古マンション等,不動産取引価格情報,13115,東京都,杉並区,高円寺南,東高円寺,5.0,21000000,１Ｋ,20,2001年,ＲＣ,住宅,住宅,近隣商業,80.0,400.0,2024年第4四半期,未改装,
中古マンション等,不動産取引価格情報,13115,東京都,杉並区,高円寺南,東高円寺,1.0,36000000,１ＬＤＫ,35,1974年,ＳＲＣ,住宅,その他,商業,80.0,400.0,2024年第4四半期,未改装,
中古マンション等,不動産取引価格情報,13115,東京都,杉並区,高円寺南,東高円寺,4.0,32000000,１ＤＫ,30,1995年,ＲＣ,住宅,住宅,近隣商業,80.0,300.0,2024年第4四半期,未改装,
中古マンション等,不動産取引価格情報,13115,東京都,杉並区,高円寺南,東高円寺,1.0,19000000,オープンフロア,45,1972年,ＳＲＣ,店舗,店舗,商業,80.0,400.0,2024年第4四半期,未改装,
中古マンション等,不動産取引価格情報,13115,東京都,杉並区,高円寺南,東高円寺,2.0,49000000,３ＬＤＫ,45,1973年,ＳＲＣ,住宅,住宅,商業,80.0,400.0,2024年第4四半期,改装済み,
中古マンション等,不動産取引価格情報,13115,東京都,杉並区,高円寺南,東高円寺,4.0,62000000,２ＬＤＫ,60,1995年,ＲＣ,住宅,住宅,近隣商業,80.0,300.0,2024年第4四半期,,
中古マンション等,不動産取引価格情報,13115,東京都,杉並区,高円寺南,東高円寺,6.0,26000000,１ＤＫ,25,2007年,ＲＣ,住宅,住宅,近隣商業,80.0,400.0,2024年第3四半期,,
中古マンション等,不動産取引価格情報,13115,東京都,杉並区,高円寺南,東高円寺,5.0,22000000,１Ｒ,20,2007年,ＲＣ,住宅,住宅,近隣商業,80.0,400.0,2024年第3四半期,未改装,
中古マンション等,不動産取引価格情報,13115,東京都,杉並区,高円寺南,東高円寺,4.0,28000000,１Ｋ,25,2017年,ＲＣ,住宅,住宅,近隣商業,80.0,300.0,2024年第3四半期,未改装,
中古マンション等,不動産取引価格情報,13115,東京都,杉並区,高円寺南,東高円寺,3.0,54000000,２ＬＤＫ,40,2019年,ＲＣ,住宅,住宅,近隣商業,80.0,300.0,2024年第3四半期,未改装,
中古マンション等,不動産取引価格情報,13115,東京都,杉並区,高円寺南,東高円寺,3.0,32000000,１Ｋ,25,2004年,ＲＣ,住宅,住宅,１中住専,60.0,200.0,2024年第3四半期,未改装,
中古マンション等,不動産取引価格情報,13115,東京都,杉並区,高円寺南,東高円寺,5.0,32000000,１ＬＤＫ,35,2001年,ＲＣ,住宅,,近隣商業,80.0,400.0,2024年第3四半期,未改装,
中古マンション等,不動産取引価格情報,13115,東京都,杉並区,高円寺南,東高円寺,1.0,68000000,３ＬＤＫ,70,1972年,ＳＲＣ,住宅,その他,商業,80.0,400.0,2024年第2四半期,未改装,
中古マンション等,不動産取引価格情報,13115,東京都,杉並区,高円寺南,東高円寺,6.0,69000000,３ＬＤＫ,70,2000年,ＲＣ,住宅,住宅,１低住専,60.0,150.0,2024年第2四半期,未改装,
中古マンション等,不動産取引価格情報,13115,東京都,杉並区,高円寺南,東高円寺,5.0,19000000,１Ｋ,15,2002年,ＲＣ,住宅,住宅,商業,80.0,400.0,2024年第2四半期,未改装,
中古マンション等,不動産取引価格情報,13115,東京都,杉並区,高円寺南,東高円寺,6.0,44000000,２ＬＤＫ,50,1978年,ＲＣ,住宅,住宅,１中住専,60.0,200.0,2024年第2四半期,改装済み,
中古マンション等,不動産取引価格情報,13115,東京都,杉並区,高円寺南,東高円寺,1.0,68000000,３ＬＤＫ,70,1972年,ＳＲＣ,住宅,事務所,商業,80.0,400.0,2024年第2四半期,改装済み,
中古マンション等,不動産取引価格情報,13115,東京都,杉並区,高円寺南,東高円寺,5.0,53000000,１ＤＫ,50,1996年,ＲＣ,住宅,住宅,近隣商業,80.0,400.0,2024年第1四半期,未改装,
中古マンション等,不動産取引価格情報,13115,東京都,杉並区,高円寺南,東高円寺,2.0,24000000,メゾネット,35,1973年,ＳＲＣ,住宅,その他,商業,80.0,400.0,2024年第1四半期,改装済み,
中古マンション等,不動産取引価格情報,13115,東京都,杉並区,高円寺南,東高円寺,6.0,80000000,,70,2000年,ＲＣ,住宅,住宅,１低住専,60.0,150.0,2024年第1四半期,,
中古マンション等,不動産取引価格情報,13115,東京都,杉並区,高円寺南,東高円寺,4.0,60000000,３ＬＤＫ,65,1995年,ＲＣ,住宅,,近隣商業,80.0,300.0,2024年第1四半期,,
中古マンション等,不動産取引価格情報,13115,東京都,杉並区,高円寺南,東高円寺,5.0,20000000,,25,1998年,ＲＣ,住宅,住宅,近隣商業,80.0,300.0,2024年第1四半期,,
中古マンション等,不動産取引価格情報,13115,東京都,杉並区,高円寺南,東高円寺,1.0,26000000,１ＤＫ,30,1993年,ＳＲＣ,住宅,その他,近隣商業,80.0,300.0,2024年第1四半期,未改装,
中古マンション等,不動産取引価格情報,13115,東京都,杉並区,高円寺南,東高円寺,5.0,11000000,１ＤＫ,25,1971年,ＳＲＣ,住宅,住宅,商業,80.0,400.0,2023年第4四半期,,
中古マンション等,不動産取引価格情報,13115,東京都,杉並区,高円寺南,東高円寺,6.0,22000000,１Ｋ,20,2007年,ＲＣ,,,近隣商業,80.0,400.0,2023年第4四半期,未改装,
中古マンション等,不動産取引価格情報,13115,東京都,杉並区,高円寺南,東高円寺,2.0,32000000,オープンフロア,90,1973年,ＳＲＣ,店舗,店舗,商業,80.0,400.0,2023年第4四半期,,
中古マンション等,不動産取引価格情報,13115,東京都,杉並区,高円寺南,東高円寺,1.0,4300000,２ＬＤＫ,40,1972年,ＳＲＣ,住宅,住宅,商業,80.0,400.0,2023年第4四半期,未改装,
中古マンション等,不動産取引価格情報,13115,東京都,杉並区,高円寺南,東高円寺,3.0,49000000,１ＬＤＫ,35,2003年,ＲＣ,住宅,住宅,商業,80.0,400.0,2023年第4四半期,改装済み,
中古マンション等,不動産取引価格情報,13115,東京都,杉並区,高円寺南,東高円寺,6.0,12000000,１Ｋ,15,1991年,ＲＣ,住宅,住宅,近隣商業,80.0,400.0,2023年第4四半期,,
中古マンション等,不動産取引価格情報,13115,東京都,杉並区,高円寺南,東高円寺,2.0,28000000,,60,1973年,ＳＲＣ,住宅,住宅,商業,80.0,400.0,2023年第4四半期,未改装,
中古マンション等,不動産取引価格情報,13115,東京都,杉並区,高円寺南,東高円寺,1.0,33000000,３ＬＤＫ,65,1974年,ＳＲＣ,住宅,住宅,商業,80.0,400.0,2023年第4四半期,未改装,
中古マンション等,不動産取引価格情報,13115,東京都,杉並区,清水,井荻,12.0,28000000,１ＬＤＫ,40,2006年,ＲＣ,住宅,住宅,近隣商業,80.0,200.0,2024年第4四半期,改装済み,
中古マンション等,不動産取引価格情報,13115,東京都,杉並区,清水,井荻,9.0,32000000,１ＬＤＫ,40,1977年,ＳＲＣ,住宅,住宅,近隣商業,80.0,300.0,2024年第1四半期,改装済み,
中古マンション等,不動産取引価格情報,13115,東京都,杉並区,清水,荻窪,15.0,51000000,３ＬＤＫ,55,1999年,ＲＣ,住宅,住宅,準住居,60.0,300.0,2025年第3四半期,未改装,
中古マンション等,不動産取引価格情報,13115,東京都,杉並区,清水,荻窪,9.0,18000000,１Ｋ,20,2005年,ＲＣ,住宅,住宅,近隣商業,80.0,300.0,2025年第3四半期,,
中古マンション等,不動産取引価格情報,13115,東京都,杉並区,清水,荻窪,8.0,23000000,１Ｋ,20,2006年,ＲＣ,住宅,住宅,近隣商業,80.0,300.0,2025年第2四半期,,
中古マンション等,不動産取引価格情報,13115,東京都,杉並区,清水,荻窪,15.0,58000000,２ＬＤＫ,60,1999年,ＲＣ,住宅,住宅,準住居,60.0,300.0,2025年第2四半期,未改装,
中古マンション等,不動産取引価格情報,13115,東京都,杉並区,清水,荻窪,16.0,48000000,１ＬＤＫ,75,2000年,ＲＣ,住宅,住宅,１低住専,50.0,100.0,2025年第2四半期,未改装,
中古マンション等,不動産取引価格情報,13115,東京都,杉並区,清水,荻窪,14.0,63000000,２ＬＤＫ,55,2007年,ＲＣ,住宅,住宅,準住居,60.0,300.0,2025年第1四半期,改装済み,
中古マンション等,不動産取引価格情報,13115,東京都,杉並区,清水,荻窪,9.0,62000000,３ＬＤＫ,40,2013年,鉄骨造,住宅,住宅,１低住専,60.0,150.0,2024年第4四半期,,
中古マンション等,不動産取引価格情報,13115,東京都,杉並区,清水,荻窪,14.0,45000000,１ＬＤＫ,50,2007年,ＲＣ,住宅,住宅,準住居,60.0,300.0,2024年第3四半期,未改装,
中古マンション等,不動産取引価格情報,13115,東京都,杉並区,清水,荻窪,14.0,46000000,２ＬＤＫ,55,2007年,ＲＣ,住宅,,準住居,60.0,300.0,2024年第3四半期,未改装,
中古マンション等,不動産取引価格情報,13115,東京都,杉並区,清水,荻窪,13.0,31000000,２ＤＫ,30,2004年,ＲＣ,住宅,住宅,近隣商業,80.0,300.0,2024年第2四半期,未改装,
中古マンション等,不動産取引価格情報,13115,東京都,杉並区,清水,荻窪,13.0,24000000,,20,2004年,ＲＣ,住宅,,近隣商業,80.0,300.0,2024年第2四半期,,
中古マンション等,不動産取引価格情報,13115,東京都,杉並区,清水,荻窪,14.0,49000000,２ＬＤＫ,55,2016年,ＲＣ,住宅,住宅,準住居,60.0,300.0,2024年第1四半期,,
中古マンション等,不動産取引価格情報,13115,東京都,杉並区,清水,荻窪,14.0,15000000,,15,2016年,ＲＣ,その他,その他,準住居,60.0,300.0,2024年第1四半期,未改装,
中古マンション等,不動産取引価格情報,13115,東京都,杉並区,清水,荻窪,8.0,40000000,１ＬＤＫ,55,1995年,ＲＣ,住宅,住宅,近隣商業,80.0,300.0,2023年第4四半期,未改装,
中古マンション等,不動産取引価格情報,13115,東京都,杉並区,下井草,阿佐ケ谷,15.0,25000000,１ＬＤＫ,35,2005年,ＲＣ,住宅,住宅,１種住居,60.0,300.0,2025年第2四半期,未改装,
中古マンション等,不動産取引価格情報,13115,東京都,杉並区,下井草,阿佐ケ谷,15.0,18000000,１Ｋ,20,2005年,ＲＣ,住宅,住宅,１種住居,60.0,300.0,2024年第1四半期,改装済み,
中古マンション等,不動産取引価格情報,13115,東京都,杉並区,下井草,阿佐ケ谷,14.0,28000000,１Ｋ,25,2022年,ＲＣ,住宅,住宅,１種住居,60.0,300.0,2023年第4四半期,未改装,
中古マンション等,不動産取引価格情報,13115,東京都,杉並区,下井草,阿佐ケ谷,15.0,29000000,,25,2022年,ＲＣ,住宅,住宅,１種住居,60.0,300.0,2023年第4四半期,,
中古マンション等,不動産取引価格情報,13115,東京都,杉並区,下井草,井荻,2.0,22000000,１Ｋ,20,2006年,ＲＣ,住宅,その他,近隣商業,80.0,300.0,2025年第3四半期,未改装,
中古マンション等,不動産取引価格情報,13115,東京都,杉並区,下井草,井荻,5.0,21000000,１Ｋ,30,2004年,ＲＣ,住宅,住宅,準住居,60.0,300.0,2025年第1四半期,未改装,
中古マンション等,不動産取引価格情報,13115,東京都,杉並区,下井草,井荻,9.0,39000000,２ＬＤＫ,50,1996年,ＲＣ,住宅,住宅,近隣商業,80.0,200.0,2025年第1四半期,未改装,
中古マンション等,不動産取引価格情報,13115,東京都,杉並区,下井草,井荻,3.0,11000000,１Ｋ,20,1987年,ＲＣ,住宅,住宅,近隣商業,80.0,300.0,2024年第4四半期,,
中古マンション等,不動産取引価格情報,13115,東京都,杉並区,下井草,井荻,2.0,16000000,１Ｋ,20,2005年,ＲＣ,住宅,住宅,近隣商業,80.0,300.0,2024年第4四半期,未改装,
中古マンション等,不動産取引価格情報,13115,東京都,杉並区,下井草,井荻,10.0,51000000,３ＬＤＫ,55,1994年,ＲＣ,住宅,住宅,１低住専,50.0,100.0,2024年第2四半期,改装済み,
中古マンション等,不動産取引価格情報,13115,東京都,杉並区,下井草,井荻,3.0,53000000,２ＬＤＫ,60,2002年,ＲＣ,住宅,住宅,近隣商業,80.0,300.0,2024年第2四半期,未改装,
中古マンション等,不動産取引価格情報,13115,東京都,杉並区,下井草,井荻,9.0,22000000,３ＬＤＫ,50,1996年,ＲＣ,住宅,その他,近隣商業,80.0,200.0,2024年第1四半期,未改装,
中古マンション等,不動産取引価格情報,13115,東京都,杉並区,下井草,井荻,2.0,30000000,１ＬＤＫ,45,2005年,ＲＣ,住宅,住宅,近隣商業,80.0,300.0,2024年第1四半期,,
中古マンション等,不動産取引価格情報,13115,東京都,杉並区,下井草,井荻,8.0,34000000,３ＬＤＫ,55,1973年,ＲＣ,住宅,その他,近隣商業,80.0,200.0,2024年第1四半期,改装済み,
中古マンション等,不動産取引価格情報,13115,東京都,杉並区,下井草,鷺ノ宮,10.0,40000000,２ＬＤＫ,50,1996年,ＲＣ,住宅,事務所,１種住居,60.0,300.0,2025年第2四半期,未改装,
中古マンション等,不動産取引価格情報,13115,東京都,杉並区,下井草,鷺ノ宮,10.0,52000000,２ＬＤＫ,50,1996年,ＲＣ,住宅,住宅,１種住居,60.0,300.0,2024年第2四半期,改装済み,
中古マンション等,不動産取引価格情報,13115,東京都,杉並区,下井草,鷺ノ宮,10.0,51000000,３ＬＤＫ,75,1996年,ＲＣ,住宅,,１種住居,60.0,300.0,2024年第2四半期,,
中古マンション等,不動産取引価格情報,13115,東京都,杉並区,下井草,下井草,8.0,40000000,３ＬＤＫ,55,2004年,ＲＣ,住宅,住宅,１低住専,50.0,100.0,2025年第2四半期,未改装,
中古マンション等,不動産取引価格情報,13115,東京都,杉並区,下井草,下井草,11.0,19000000,１Ｒ,20,2007年,ＲＣ,住宅,住宅,近隣商業,80.0,200.0,2025年第1四半期,未改装,
中古マンション等,不動産取引価格情報,13115,東京都,杉並区,下井草,下井草,6.0,65000000,３ＬＤＫ,70,2000年,ＲＣ,住宅,住宅,１低住専,60.0,150.0,2024年第4四半期,改装済み,
中古マンション等,不動産取引価格情報,13115,東京都,杉並区,下井草,下井草,8.0,48000000,３ＬＤＫ,55,2004年,ＲＣ,住宅,住宅,１低住専,50.0,100.0,2023年第4四半期,未改装,
中古マンション等,不動産取引価格情報,13115,東京都,杉並区,下井草,下井草,11.0,24000000,１Ｋ,30,2007年,ＲＣ,住宅,その他,近隣商業,80.0,200.0,2023年第4四半期,未改装,
中古マンション等,不動産取引価格情報,13115,東京都,杉並区,下高井戸,上北沢,4.0,15000000,１Ｋ,15,1997年,ＲＣ,住宅,住宅,近隣商業,80.0,300.0,2025年第2四半期,,
中古マンション等,不動産取引価格情報,13115,東京都,杉並区,下高井戸,上北沢,8.0,78000000,４ＬＤＫ,85,2000年,ＲＣ,住宅,住宅,１低住専,40.0,80.0,2025年第2四半期,未改装,
中古マンション等,不動産取引価格情報,13115,東京都,杉並区,下高井戸,上北沢,4.0,15000000,１Ｋ,15,1997年,ＲＣ,住宅,住宅,近隣商業,80.0,300.0,2024年第3四半期,未改装,
中古マンション等,不動産取引価格情報,13115,東京都,杉並区,下高井戸,上北沢,8.0,87000000,３ＬＤＫ,70,2006年,ＲＣ,住宅,住宅,１低住専,40.0,80.0,2024年第3四半期,,
中古マンション等,不動産取引価格情報,13115,東京都,杉並区,下高井戸,桜上水,5.0,22000000,１Ｋ,20,1996年,ＲＣ,住宅,その他,１種住居,60.0,200.0,2025年第3四半期,未改装,
中古マンション等,不動産取引価格情報,13115,東京都,杉並区,下高井戸,桜上水,5.0,18000000,１Ｋ,20,2004年,ＲＣ,住宅,住宅,近隣商業,80.0,300.0,2025年第3四半期,未改装,
中古マンション等,不動産取引価格情報,13115,東京都,杉並区,下高井戸,桜上水,3.0,25000000,１Ｋ,20,2011年,ＲＣ,住宅,,１種住居,60.0,200.0,2025年第3四半期,改装済み,
中古マンション等,不動産取引価格情報,13115,東京都,杉並区,下高井戸,桜上水,8.0,32000000,１Ｋ,25,2016年,ＲＣ,住宅,住宅,近隣商業,80.0,300.0,2025年第2四半期,未改装,
中古マンション等,不動産取引価格情報,13115,東京都,杉並区,下高井戸,桜上水,6.0,21000000,１Ｋ,20,2004年,ＲＣ,住宅,住宅,近隣商業,80.0,300.0,2025年第1四半期,未改装,
中古マンション等,不動産取引価格情報,13115,東京都,杉並区,下高井戸,桜上水,6.0,24000000,２ＬＤＫ,45,1975年,ＳＲＣ,住宅,住宅,近隣商業,80.0,300.0,2025年第1四半期,未改装,
中古マンション等,不動産取引価格情報,13115,東京都,杉並区,下高井戸,桜上水,5.0,25000000,１Ｋ,25,2004年,ＲＣ,住宅,住宅,１低住専,60.0,150.0,2025年第1四半期,改装済み,
中古マンション等,不動産取引価格情報,13115,東京都,杉並区,下高井戸,桜上水,4.0,27000000,１ＬＤＫ,30,2003年,ＲＣ,住宅,住宅,近隣商業,80.0,300.0,2025年第1四半期,未改装,
中古マンション等,不動産取引価格情報,13115,東京都,杉並区,下高井戸,桜上水,4.0,24000000,１Ｒ,30,2003年,ＲＣ,住宅,住宅,近隣商業,80.0,300.0,2024年第4四半期,未改装,
中古マンション等,不動産取引価格情報,13115,東京都,杉並区,下高井戸,桜上水,8.0,12000000,１Ｋ,15,1987年,ＲＣ,住宅,住宅,１低住専,60.0,150.0,2024年第4四半期,改装済み,
中古マンション等,不動産取引価格情報,13115,東京都,杉並区,下高井戸,桜上水,8.0,26000000,１Ｋ,25,2016年,ＲＣ,住宅,住宅,近隣商業,80.0,300.0,2024年第4四半期,,
中古マンション等,不動産取引価格情報,13115,東京都,杉並区,下高井戸,桜上水,6.0,22000000,１Ｋ,20,2004年,ＲＣ,住宅,住宅,近隣商業,80.0,300.0,2024年第3四半期,,
中古マンション等,不動産取引価格情報,13115,東京都,杉並区,下高井戸,桜上水,5.0,22000000,１Ｋ,20,2005年,ＳＲＣ,住宅,その他,近隣商業,80.0,300.0,2024年第3四半期,,
中古マンション等,不動産取引価格情報,13115,東京都,杉並区,下高井戸,桜上水,4.0,45000000,２ＬＤＫ,50,1985年,ＲＣ,住宅,住宅,１種住居,60.0,200.0,2024年第3四半期,改装済み,
中古マンション等,不動産取引価格情報,13115,東京都,杉並区,下高井戸,桜上水,5.0,28000000,１Ｒ,25,2003年,ＲＣ,住宅,住宅,近隣商業,80.0,300.0,2024年第2四半期,未改装,
中古マンション等,不動産取引価格情報,13115,東京都,杉並区,下高井戸,桜上水,5.0,55000000,２ＬＤＫ,55,2003年,ＲＣ,住宅,住宅,近隣商業,80.0,300.0,2024年第2四半期,改装済み,
中古マンション等,不動産取引価格情報,13115,東京都,杉並区,下高井戸,桜上水,6.0,21000000,１Ｒ,20,2004年,ＲＣ,住宅,住宅,近隣商業,80.0,300.0,2024年第2四半期,未改装,
中古マンション等,不動産取引価格情報,13115,東京都,杉並区,下高井戸,桜上水,5.0,22000000,１Ｋ,20,2005年,ＳＲＣ,住宅,住宅,近隣商業,80.0,300.0,2024年第2四半期,未改装,
中古マンション等,不動産取引価格情報,13115,東京都,杉並区,下高井戸,桜上水,3.0,25000000,１Ｋ,20,2011年,ＲＣ,住宅,住宅,１種住居,60.0,200.0,2024年第2四半期,改装済み,
中古マンション等,不動産取引価格情報,13115,東京都,杉並区,下高井戸,桜上水,6.0,32000000,,25,2020年,ＲＣ,住宅,住宅,１種住居,60.0,200.0,2024年第2四半期,,
中古マンション等,不動産取引価格情報,13115,東京都,杉並区,下高井戸,桜上水,5.0,31000000,１Ｋ,25,2004年,ＲＣ,住宅,住宅,１低住専,60.0,150.0,2024年第1四半期,未改装,
中古マンション等,不動産取引価格情報,13115,東京都,杉並区,下高井戸,桜上水,4.0,32000000,２ＬＤＫ,50,1985年,ＲＣ,住宅,その他,１種住居,60.0,200.0,2023年第4四半期,未改装,
中古マンション等,不動産取引価格情報,13115,東京都,杉並区,下高井戸,桜上水,7.0,13000000,１ＤＫ,25,1974年,ＳＲＣ,住宅,住宅,近隣商業,80.0,300.0,2023年第4四半期,改装済み,
中古マンション等,不動産取引価格情報,13115,東京都,杉並区,下高井戸,桜上水,6.0,37000000,１ＤＫ,35,2006年,ＲＣ,住宅,住宅,近隣商業,80.0,300.0,2023年第4四半期,,
中古マンション等,不動産取引価格情報,13115,東京都,杉並区,下高井戸,下高井戸,2.0,14000000,１Ｋ,15,1987年,ＳＲＣ,住宅,住宅,商業,80.0,400.0,2025年第3四半期,未改装,
中古マンション等,不動産取引価格情報,13115,東京都,杉並区,下高井戸,下高井戸,2.0,11000000,１Ｋ,15,1987年,ＳＲＣ,住宅,住宅,商業,80.0,400.0,2024年第4四半期,未改装,
中古マンション等,不動産取引価格情報,13115,東京都,杉並区,下高井戸,下高井戸,2.0,12000000,１Ｋ,15,1987年,ＳＲＣ,住宅,住宅,商業,80.0,400.0,2024年第4四半期,未改装,
中古マンション等,不動産取引価格情報,13115,東京都,杉並区,下高井戸,下高井戸,3.0,31000000,２ＬＤＫ,35,1978年,ＲＣ,住宅,住宅,近隣商業,80.0,300.0,2024年第3四半期,未改装,
中古マンション等,不動産取引価格情報,13115,東京都,杉並区,下高井戸,下高井戸,3.0,48000000,２ＬＤＫ,55,1978年,ＲＣ,住宅,住宅,近隣商業,80.0,300.0,2024年第3四半期,改装済み,
中古マンション等,不動産取引価格情報,13115,東京都,杉並区,下高井戸,下高井戸,6.0,11000000,２ＤＫ,30,1973年,ＳＲＣ,住宅,住宅,近隣商業,80.0,300.0,2024年第3四半期,未改装,
中古マンション等,不動産取引価格情報,13115,東京都,杉並区,下高井戸,下高井戸,3.0,8600000,１Ｋ,15,1988年,ＲＣ,住宅,住宅,商業,80.0,400.0,2024年第1四半期,,
中古マンション等,不動産取引価格情報,13115,東京都,杉並区,下高井戸,下高井戸,6.0,18000000,１Ｋ,15,1998年,ＲＣ,住宅,住宅,近隣商業,80.0,300.0,2024年第1四半期,未改装,
中古マンション等,不動産取引価格情報,13115,東京都,杉並区,下高井戸,下高井戸,6.0,9000000,１ＤＫ,30,1973年,ＳＲＣ,住宅,住宅,近隣商業,80.0,300.0,2023年第4四半期,未改装,
中古マンション等,不動産取引価格情報,13115,東京都,杉並区,下高井戸,八幡山,10.0,25000000,１ＤＫ,25,2011年,ＲＣ,住宅,住宅,２種住居,60.0,300.0,2025年第3四半期,未改装,
中古マンション等,不動産取引価格情報,13115,東京都,杉並区,下高井戸,八幡山,10.0,24000000,１ＤＫ,25,2011年,ＲＣ,住宅,住宅,２種住居,60.0,300.0,2024年第3四半期,,
中古マンション等,不動産取引価格情報,13115,東京都,杉並区,下高井戸,八幡山,10.0,24000000,１ＤＫ,25,2011年,ＲＣ,住宅,住宅,２種住居,60.0,300.0,2023年第4四半期,未改装,
中古マンション等,不動産取引価格情報,13115,東京都,杉並区,松庵,西荻窪,9.0,28000000,１Ｋ,25,2014年,ＲＣ,住宅,その他,近隣商業,80.0,300.0,2025年第1四半期,,
中古マンション等,不動産取引価格情報,13115,東京都,杉並区,松庵,西荻窪,13.0,53000000,３ＬＤＫ,75,1986年,ＲＣ,住宅,住宅,準住居,60.0,200.0,2025年第1四半期,未改装,
中古マンション等,不動産取引価格情報,13115,東京都,杉並区,松庵,西荻窪,9.0,40000000,１ＬＤＫ,40,2014年,ＲＣ,住宅,住宅,近隣商業,80.0,300.0,2023年第4四半期,改装済み,
中古マンション等,不動産取引価格情報,13115,東京都,杉並区,松庵,三鷹台,9.0,43000000,１ＬＤＫ,35,2013年,ＲＣ,住宅,住宅,１低住専,50.0,100.0,2025年第1四半期,未改装,
中古マンション等,不動産取引価格情報,13115,東京都,杉並区,松庵,三鷹台,9.0,83000000,３ＬＤＫ,70,2000年,ＲＣ,住宅,住宅,１低住専,50.0,100.0,2024年第2四半期,改装済み,
中古マンション等,不動産取引価格情報,13115,東京都,杉並区,松庵,三鷹台,9.0,26000000,１Ｋ,25,2013年,ＲＣ,住宅,住宅,準住居,60.0,200.0,2024年第2四半期,改装済み,
中古マンション等,不動産取引価格情報,13115,東京都,杉並区,善福寺,西荻窪,15.0,50000000,２ＬＤＫ,55,2004年,ＲＣ,住宅,その他,近隣商業,80.0,300.0,2025年第1四半期,未改装,
中古マンション等,不動産取引価格情報,13115,東京都,杉並区,善福寺,西荻窪,16.0,41000000,３ＬＤＫ,60,1995年,ＲＣ,住宅,,近隣商業,80.0,300.0,2024年第4四半期,未改装,
中古マンション等,不動産取引価格情報,13115,東京都,杉並区,善福寺,西荻窪,13.0,25000000,１Ｋ,25,2021年,ＲＣ,住宅,住宅,近隣商業,80.0,300.0,2024年第3四半期,未改装,
中古マンション等,不動産取引価格情報,13115,東京都,杉並区,善福寺,西荻窪,16.0,50000000,３ＬＤＫ＋Ｓ,70,1995年,ＲＣ,住宅,,近隣商業,80.0,300.0,2024年第1四半期,未改装,
中古マンション等,不動産取引価格情報,13115,東京都,杉並区,善福寺,西荻窪,15.0,45000000,１ＬＤＫ,45,2004年,ＲＣ,住宅,住宅,近隣商業,80.0,300.0,2024年第1四半期,改装済み,
中古マンション等,不動産取引価格情報,13115,東京都,杉並区,高井戸西,高井戸,11.0,40000000,１ＬＤＫ,40,2006年,ＲＣ,住宅,住宅,１種住居,60.0,300.0,2025年第3四半期,改装済み,
中古マンション等,不動産取引価格情報,13115,東京都,杉並区,高井戸西,高井戸,6.0,40000000,１ＬＤＫ,45,1999年,ＲＣ,住宅,住宅,１中住専,60.0,200.0,2025年第2四半期,未改装,
中古マンション等,不動産取引価格情報,13115,東京都,杉並区,高井戸西,高井戸,9.0,36000000,１ＬＤＫ,40,1996年,ＲＣ,住宅,住宅,準住居,60.0,300.0,2025年第2四半期,改装済み,
中古マンション等,不動産取引価格情報,13115,東京都,杉並区,高井戸西,高井戸,9.0,57000000,２ＬＤＫ,65,2014年,ＲＣ,住宅,住宅,１低住専,50.0,100.0,2025年第2四半期,未改装,
中古マンション等,不動産取引価格情報,13115,東京都,杉並区,高井戸西,高井戸,5.0,65000000,２ＬＤＫ,55,2003年,ＲＣ,住宅,住宅,近隣商業,80.0,300.0,2025年第2四半期,未改装,
中古マンション等,不動産取引価格情報,13115,東京都,杉並区,高井戸西,高井戸,7.0,62000000,３ＬＤＫ,65,2000年,ＳＲＣ,住宅,住宅,１中住専,60.0,200.0,2025年第1四半期,未改装,
中古マンション等,不動産取引価格情報,13115,東京都,杉並区,高井戸西,高井戸,5.0,20000000,,20,1999年,ＲＣ,,,近隣商業,80.0,300.0,2025年第1四半期,,
中古マンション等,不動産取引価格情報,13115,東京都,杉並区,高井戸西,高井戸,8.0,22000000,１ＤＫ,30,1996年,ＲＣ,住宅,住宅,準住居,60.0,300.0,2025年第1四半期,未改装,
中古マンション等,不動産取引価格情報,13115,東京都,杉並区,高井戸西,高井戸,7.0,65000000,３ＬＤＫ,70,2000年,ＳＲＣ,住宅,住宅,１中住専,60.0,200.0,2024年第4四半期,未改装,
中古マンション等,不動産取引価格情報,13115,東京都,杉並区,高井戸西,高井戸,7.0,93000000,３ＬＤＫ,75,2000年,ＳＲＣ,住宅,住宅,１中住専,60.0,200.0,2024年第4四半期,改装済み,
中古マンション等,不動産取引価格情報,13115,東京都,杉並区,高井戸西,高井戸,7.0,100000000,３ＬＤＫ,80,2000年,ＳＲＣ,住宅,住宅,１中住専,60.0,200.0,2024年第4四半期,改装済み,
中古マンション等,不動産取引価格情報,13115,東京都,杉並区,高井戸西,高井戸,5.0,98000000,４ＬＤＫ,105,2003年,ＲＣ,住宅,住宅,近隣商業,80.0,300.0,2024年第3四半期,未改装,
中古マンション等,不動産取引価格情報,13115,東京都,杉並区,高井戸西,高井戸,5.0,86000000,３ＬＤＫ,70,2010年,ＲＣ,住宅,住宅,１低住専,40.0,80.0,2024年第3四半期,未改装,
中古マンション等,不動産取引価格情報,13115,東京都,杉並区,高井戸西,高井戸,7.0,17000000,１Ｒ,20,1986年,ＲＣ,住宅,その他,１中住専,60.0,200.0,2024年第2四半期,改装済み,
中古マンション等,不動産取引価格情報,13115,東京都,杉並区,高井戸西,高井戸,8.0,15000000,１Ｋ,15,1996年,ＲＣ,住宅,住宅,準住居,60.0,300.0,2024年第2四半期,未改装,
中古マンション等,不動産取引価格情報,13115,東京都,杉並区,高井戸西,高井戸,9.0,8500000,１ＤＫ,15,1985年,ＲＣ,住宅,住宅,１種住居,60.0,300.0,2024年第2四半期,未改装,
中古マンション等,不動産取引価格情報,13115,東京都,杉並区,高井戸西,高井戸,7.0,59000000,３ＬＤＫ,60,2016年,ＲＣ,住宅,住宅,準住居,60.0,300.0,2024年第2四半期,改装済み,
中古マンション等,不動産取引価格情報,13115,東京都,杉並区,高井戸西,高井戸,7.0,60000000,２ＬＤＫ,55,2010年,ＲＣ,住宅,住宅,１中住専,60.0,200.0,2024年第2四半期,未改装,
中古マンション等,不動産取引価格情報,13115,東京都,杉並区,高井戸西,高井戸,4.0,39000000,２ＬＤＫ,60,2013年,ＲＣ,住宅,住宅,１低住専,40.0,80.0,2024年第2四半期,未改装,
中古マンション等,不動産取引価格情報,13115,東京都,杉並区,高井戸西,高井戸,11.0,40000000,１ＬＤＫ,40,2006年,ＲＣ,住宅,住宅,１種住居,60.0,300.0,2024年第1四半期,未改装,
中古マンション等,不動産取引価格情報,13115,東京都,杉並区,高井戸西,高井戸,7.0,76000000,３ＬＤＫ,75,2000年,ＳＲＣ,住宅,住宅,１中住専,60.0,200.0,2024年第1四半期,未改装,
中古マンション等,不動産取引価格情報,13115,東京都,杉並区,高井戸西,高井戸,9.0,9900000,１Ｋ,15,1985年,ＲＣ,住宅,住宅,１種住居,60.0,300.0,2023年第4四半期,未改装,
中古マンション等,不動産取引価格情報,13115,東京都,杉並区,高井戸西,富士見ケ丘,9.0,18000000,１Ｋ,20,2002年,ＲＣ,住宅,,１種住居,60.0,300.0,2025年第1四半期,未改装,
中古マンション等,不動産取引価格情報,13115,東京都,杉並区,高井戸西,富士見ケ丘,7.0,11000000,１Ｋ,15,1984年,ＲＣ,住宅,住宅,１種住居,60.0,300.0,2024年第1四半期,未改装,
中古マンション等,不動産取引価格情報,13115,東京都,杉並区,高井戸西,富士見ケ丘,7.0,53000000,３ＬＤＫ,70,1985年,ＲＣ,住宅,住宅,１低住専,50.0,100.0,2023年第4四半期,未改装,
中古マンション等,不動産取引価格情報,13115,東京都,杉並区,高井戸東,高井戸,2.0,30000000,１ＬＤＫ,40,1974年,ＳＲＣ、ＲＣ,住宅,住宅,近隣商業,80.0,300.0,2025年第3四半期,改装済み,
中古マンション等,不動産取引価格情報,13115,東京都,杉並区,高井戸東,高井戸,9.0,28000000,１Ｋ,25,2012年,ＲＣ,住宅,住宅,近隣商業,80.0,300.0,2025年第3四半期,,
中古マンション等,不動産取引価格情報,13115,東京都,杉並区,高井戸東,高井戸,6.0,26000000,１Ｋ,25,2007年,ＲＣ,住宅,住宅,近隣商業,80.0,300.0,2025年第3四半期,未改装,
中古マンション等,不動産取引価格情報,13115,東京都,杉並区,高井戸東,高井戸,9.0,29000000,１Ｋ,25,2012年,ＲＣ,住宅,住宅,近隣商業,80.0,300.0,2025年第3四半期,未改装,
中古マンション等,不動産取引価格情報,13115,東京都,杉並区,高井戸東,高井戸,8.0,42000000,２ＬＤＫ,55,1999年,ＲＣ,住宅,住宅,１低住専,60.0,150.0,2025年第3四半期,未改装,
中古マンション等,不動産取引価格情報,13115,東京都,杉並区,高井戸東,高井戸,10.0,70000000,３ＬＤＫ,65,2000年,ＲＣ,住宅,住宅,準住居,60.0,300.0,2025年第2四半期,改装済み,
中古マンション等,不動産取引価格情報,13115,東京都,杉並区,高井戸東,高井戸,5.0,21000000,１Ｋ,20,2002年,ＲＣ,住宅,住宅,準住居,60.0,300.0,2025年第2四半期,改装済み,
中古マンション等,不動産取引価格情報,13115,東京都,杉並区,高井戸東,高井戸,9.0,29000000,１Ｋ,25,2012年,ＲＣ,住宅,住宅,近隣商業,80.0,300.0,2025年第2四半期,,
中古マンション等,不動産取引価格情報,13115,東京都,杉並区,高井戸東,高井戸,2.0,32000000,１Ｋ,25,2012年,ＲＣ,住宅,住宅,２種住居,60.0,200.0,2025年第1四半期,未改装,
中古マンション等,不動産取引価格情報,13115,東京都,杉並区,高井戸東,高井戸,10.0,62000000,３ＬＤＫ,70,1996年,ＲＣ,住宅,住宅,近隣商業,80.0,300.0,2025年第1四半期,改装済み,
中古マンション等,不動産取引価格情報,13115,東京都,杉並区,高井戸東,高井戸,6.0,28000000,１Ｋ,25,2015年,ＲＣ,住宅,住宅,近隣商業,80.0,300.0,2025年第1四半期,未改装,
中古マンション等,不動産取引価格情報,13115,東京都,杉並区,高井戸東,高井戸,2.0,50000000,１ＬＤＫ,40,2011年,ＲＣ,住宅,住宅,近隣商業,80.0,300.0,2025年第1四半期,未改装,
中古マンション等,不動産取引価格情報,13115,東京都,杉並区,高井戸東,高井戸,9.0,27000000,１Ｋ,25,2012年,ＲＣ,住宅,住宅,近隣商業,80.0,300.0,2025年第1四半期,未改装,
中古マンション等,不動産取引価格情報,13115,東京都,杉並区,高井戸東,高井戸,14.0,61000000,３ＬＤＫ,70,1997年,ＲＣ,住宅,住宅,近隣商業,80.0,300.0,2025年第1四半期,改装済み,
中古マンション等,不動産取引価格情報,13115,東京都,杉並区,高井戸東,高井戸,8.0,88000000,３ＬＤＫ,70,2013年,ＲＣ,住宅,住宅,近隣商業,80.0,300.0,2025年第1四半期,未改装,
中古マンション等,不動産取引価格情報,13115,東京都,杉並区,高井戸東,高井戸,9.0,24000000,１Ｋ,25,2012年,ＲＣ,住宅,住宅,近隣商業,80.0,300.0,2025年第1四半期,,
中古マンション等,不動産取引価格情報,13115,東京都,杉並区,高井戸東,高井戸,5.0,31000000,１ＤＫ,35,2009年,ＲＣ,住宅,住宅,近隣商業,80.0,300.0,2024年第4四半期,未改装,
中古マンション等,不動産取引価格情報,13115,東京都,杉並区,高井戸東,高井戸,12.0,19000000,１Ｋ,20,2006年,ＲＣ,住宅,住宅,２種住居,60.0,300.0,2024年第3四半期,改装済み,
中古マンション等,不動産取引価格情報,13115,東京都,杉並区,高井戸東,高井戸,11.0,46000000,２ＬＤＫ,60,2001年,ＲＣ,住宅,住宅,準住居,60.0,300.0,2024年第3四半期,改装済み,
中古マンション等,不動産取引価格情報,13115,東京都,杉並区,高井戸東,高井戸,11.0,35000000,１ＬＤＫ,35,2001年,ＲＣ,住宅,住宅,準住居,60.0,300.0,2024年第2四半期,改装済み,
中古マンション等,不動産取引価格情報,13115,東京都,杉並区,高井戸東,高井戸,11.0,50000000,３ＬＤＫ,65,1985年,ＲＣ,住宅,住宅,２種住居,60.0,200.0,2024年第2四半期,未改装,
中古マンション等,不動産取引価格情報,13115,東京都,杉並区,高井戸東,高井戸,4.0,25000000,１Ｋ,30,2002年,ＲＣ,住宅,住宅,準住居,60.0,300.0,2024年第2四半期,未改装,
中古マンション等,不動産取引価格情報,13115,東京都,杉並区,高井戸東,高井戸,9.0,44000000,３ＬＤＫ,60,2000年,ＲＣ,住宅,住宅,２種住居,60.0,300.0,2024年第2四半期,改装済み,
中古マンション等,不動産取引価格情報,13115,東京都,杉並区,高井戸東,高井戸,9.0,45000000,３ＬＤＫ,60,1974年,ＳＲＣ,住宅,,近隣商業,80.0,300.0,2024年第2四半期,改装済み,
中古マンション等,不動産取引価格情報,13115,東京都,杉並区,高井戸東,高井戸,6.0,29000000,１Ｋ,25,2019年,ＲＣ,住宅,,近隣商業,80.0,300.0,2024年第2四半期,未改装,
中古マンション等,不動産取引価格情報,13115,東京都,杉並区,高井戸東,高井戸,8.0,62000000,２ＬＤＫ,50,2013年,ＲＣ,住宅,住宅,近隣商業,80.0,300.0,2024年第2四半期,未改装,
中古マンション等,不動産取引価格情報,13115,東京都,杉並区,高井戸東,高井戸,5.0,82000000,３ＬＤＫ,65,2017年,ＲＣ,住宅,住宅,近隣商業,80.0,300.0,2024年第2四半期,未改装,
中古マンション等,不動産取引価格情報,13115,東京都,杉並区,高井戸東,高井戸,7.0,66000000,３ＬＤＫ,65,2013年,ＲＣ,住宅,住宅,近隣商業,80.0,300.0,2024年第1四半期,未改装,
中古マンション等,不動産取引価格情報,13115,東京都,杉並区,高井戸東,高井戸,6.0,22000000,１Ｋ,20,2009年,ＲＣ,,,近隣商業,80.0,300.0,2024年第1四半期,未改装,
中古マンション等,不動産取引価格情報,13115,東京都,杉並区,高井戸東,高井戸,6.0,29000000,１Ｋ,25,2019年,ＲＣ,住宅,住宅,近隣商業,80.0,300.0,2024年第1四半期,,
中古マンション等,不動産取引価格情報,13115,東京都,杉並区,高井戸東,高井戸,9.0,24000000,１ＬＤＫ,40,1974年,ＳＲＣ,住宅,住宅,近隣商業,80.0,300.0,2024年第1四半期,改装済み,
中古マンション等,不動産取引価格情報,13115,東京都,杉並区,高井戸東,高井戸,9.0,30000000,１Ｋ,25,2012年,ＲＣ,住宅,住宅,近隣商業,80.0,300.0,2024年第1四半期,未改装,
中古マンション等,不動産取引価格情報,13115,東京都,杉並区,高井戸東,高井戸,4.0,22000000,１ＬＤＫ,25,2002年,ＲＣ,住宅,住宅,準住居,60.0,300.0,2024年第1四半期,,
中古マンション等,不動産取引価格情報,13115,東京都,杉並区,高井戸東,高井戸,8.0,70000000,３ＬＤＫ,60,1999年,ＲＣ,住宅,住宅,１中住専,60.0,150.0,2024年第1四半期,改装済み,
中古マンション等,不動産取引価格情報,13115,東京都,杉並区,高井戸東,高井戸,2.0,27000000,,25,2012年,ＲＣ,住宅,住宅,２種住居,60.0,200.0,2024年第1四半期,,
中古マンション等,不動産取引価格情報,13115,東京都,杉並区,高井戸東,高井戸,8.0,90000000,４ＬＤＫ,80,2013年,ＲＣ,住宅,住宅,近隣商業,80.0,300.0,2024年第1四半期,未改装,
中古マンション等,不動産取引価格情報,13115,東京都,杉並区,高井戸東,高井戸,2.0,10000000,,35,1974年,ＳＲＣ,住宅,住宅,近隣商業,80.0,300.0,2023年第4四半期,,
中古マンション等,不動産取引価格情報,13115,東京都,杉並区,高井戸東,高井戸,9.0,24000000,１ＬＤＫ,40,1974年,ＳＲＣ,住宅,住宅,近隣商業,80.0,300.0,2023年第4四半期,未改装,
中古マンション等,不動産取引価格情報,13115,東京都,杉並区,高井戸東,高井戸,6.0,150000000,３ＬＤＫ,80,1998年,ＲＣ,住宅,住宅,１中住専,60.0,150.0,2023年第4四半期,改装済み,
中古マンション等,不動産取引価格情報,13115,東京都,杉並区,高井戸東,高井戸,6.0,6100000,１Ｋ,10,1984年,ＲＣ,住宅,住宅,準住居,60.0,300.0,2023年第4四半期,未改装,
中古マンション等,不動産取引価格情報,13115,東京都,杉並区,高井戸東,高井戸,6.0,65000000,２ＬＤＫ,50,2011年,ＲＣ,住宅,住宅,近隣商業,80.0,300.0,2023年第4四半期,改装済み,
中古マンション等,不動産取引価格情報,13115,東京都,杉並区,高井戸東,高井戸,8.0,110000000,４ＬＤＫ,85,2013年,ＲＣ,住宅,住宅,近隣商業,80.0,300.0,2023年第4四半期,,
中古マンション等,不動産取引価格情報,13115,東京都,杉並区,高井戸東,浜田山,7.0,100000000,２ＬＤＫ,70,2017年,ＲＣ,住宅,住宅,２中住専,60.0,200.0,2025年第2四半期,改装済み,
中古マンション等,不動産取引価格情報,13115,東京都,杉並区,高井戸東,浜田山,7.0,100000000,２ＬＤＫ,75,2017年,ＲＣ,住宅,住宅,２中住専,60.0,200.0,2025年第2四半期,,
中古マンション等,不動産取引価格情報,13115,東京都,杉並区,高井戸東,浜田山,5.0,180000000,２ＬＤＫ,80,2009年,ＲＣ,住宅,住宅,１中住専,60.0,150.0,2025年第1四半期,未改装,
中古マンション等,不動産取引価格情報,13115,東京都,杉並区,高井戸東,浜田山,7.0,88000000,２ＬＤＫ,70,2017年,ＲＣ,住宅,住宅,２中住専,60.0,200.0,2024年第4四半期,未改装,
中古マンション等,不動産取引価格情報,13115,東京都,杉並区,高井戸東,浜田山,9.0,79000000,３ＬＤＫ,65,2013年,ＲＣ,住宅,住宅,準住居,60.0,300.0,2024年第3四半期,未改装,
中古マンション等,不動産取引価格情報,13115,東京都,杉並区,高井戸東,浜田山,7.0,350000000,,160,2009年,ＲＣ,住宅,,１低住専,50.0,100.0,2024年第3四半期,,
中古マンション等,不動産取引価格情報,13115,東京都,杉並区,高井戸東,浜田山,9.0,97000000,３ＬＤＫ,70,2013年,ＲＣ,住宅,住宅,１低住専,40.0,80.0,2024年第2四半期,,
中古マンション等,不動産取引価格情報,13115,東京都,杉並区,高井戸東,浜田山,5.0,150000000,３ＬＤＫ,80,2009年,ＲＣ,住宅,住宅,１中住専,60.0,150.0,2024年第2四半期,未改装,
中古マンション等,不動産取引価格情報,13115,東京都,杉並区,高井戸東,浜田山,9.0,96000000,３ＬＤＫ,75,2013年,ＲＣ,住宅,住宅,１低住専,40.0,80.0,2024年第1四半期,未改装,
中古マンション等,不動産取引価格情報,13115,東京都,杉並区,成田西,浜田山,16.0,72000000,３ＬＤＫ,75,2003年,ＲＣ,住宅,住宅,１低住専,40.0,80.0,2025年第2四半期,未改装,
中古マンション等,不動産取引価格情報,13115,東京都,杉並区,成田西,浜田山,16.0,64000000,３ＬＤＫ,80,1987年,ＲＣ,住宅,住宅,２種住居,60.0,200.0,2024年第4四半期,改装済み,
中古マンション等,不動産取引価格情報,13115,東京都,杉並区,成田西,南阿佐ケ谷,11.0,62000000,３ＬＤＫ,65,2000年,ＲＣ,住宅,住宅,１低住専,40.0,80.0,2024年第3四半期,未改装,
中古マンション等,不動産取引価格情報,13115,東京都,杉並区,成田東,新高円寺,13.0,12000000,１Ｋ,15,1992年,ＲＣ,住宅,住宅,近隣商業,80.0,300.0,2025年第2四半期,改装済み,
中古マンション等,不動産取引価格情報,13115,東京都,杉並区,成田東,新高円寺,11.0,16000000,１ＤＫ,25,1972年,ＲＣ,住宅,住宅,近隣商業,80.0,300.0,2025年第2四半期,改装済み,
中古マンション等,不動産取引価格情報,13115,東京都,杉並区,成田東,新高円寺,11.0,9000000,２ＤＫ,30,1972年,ＲＣ,住宅,住宅,近隣商業,80.0,300.0,2024年第4四半期,,
中古マンション等,不動産取引価格情報,13115,東京都,杉並区,成田東,新高円寺,11.0,17000000,１ＤＫ,25,1972年,ＲＣ,住宅,住宅,近隣商業,80.0,300.0,2024年第2四半期,改装済み,
中古マンション等,不動産取引価格情報,13115,東京都,杉並区,成田東,新高円寺,4.0,18000000,１Ｋ,20,1998年,ＲＣ,住宅,住宅,商業,80.0,400.0,2024年第1四半期,,
中古マンション等,不動産取引価格情報,13115,東京都,杉並区,成田東,西永福,14.0,71000000,３ＬＤＫ,70,2015年,ＲＣ,住宅,住宅,１低住専,50.0,100.0,2024年第2四半期,未改装,
中古マンション等,不動産取引価格情報,13115,東京都,杉並区,成田東,西永福,14.0,70000000,３ＬＤＫ,70,2015年,ＲＣ,住宅,住宅,１低住専,50.0,100.0,2024年第1四半期,未改装,
中古マンション等,不動産取引価格情報,13115,東京都,杉並区,成田東,西永福,14.0,70000000,３ＬＤＫ,65,2015年,ＲＣ,住宅,住宅,１低住専,50.0,100.0,2023年第4四半期,未改装,
中古マンション等,不動産取引価格情報,13115,東京都,杉並区,成田東,南阿佐ケ谷,6.0,120000000,３ＬＤＫ,70,2016年,ＲＣ,住宅,住宅,１低住専,50.0,100.0,2025年第3四半期,未改装,
中古マンション等,不動産取引価格情報,13115,東京都,杉並区,成田東,南阿佐ケ谷,5.0,15000000,１Ｋ,15,1989年,ＲＣ,住宅,住宅,商業,80.0,400.0,2025年第2四半期,未改装,
中古マンション等,不動産取引価格情報,13115,東京都,杉並区,成田東,南阿佐ケ谷,7.0,95000000,３ＬＤＫ,75,2003年,ＲＣ,住宅,住宅,１低住専,50.0,100.0,2025年第2四半期,未改装,
中古マンション等,不動産取引価格情報,13115,東京都,杉並区,成田東,南阿佐ケ谷,6.0,45000000,１ＤＫ,35,2006年,ＲＣ,住宅,住宅,１中住専,60.0,200.0,2025年第2四半期,未改装,
中古マンション等,不動産取引価格情報,13115,東京都,杉並区,成田東,南阿佐ケ谷,1.0,21000000,１Ｒ,30,1973年,ＲＣ,住宅,住宅,商業,80.0,400.0,2025年第2四半期,改装済み,
中古マンション等,不動産取引価格情報,13115,東京都,杉並区,成田東,南阿佐ケ谷,13.0,72000000,２ＬＤＫ,65,2010年,ＲＣ,住宅,住宅,１低住専,40.0,80.0,2025年第1四半期,未改装,
中古マンション等,不動産取引価格情報,13115,東京都,杉並区,成田東,南阿佐ケ谷,0.0,65000000,１ＬＤＫ,35,2020年,ＲＣ,住宅,住宅,商業,80.0,500.0,2025年第1四半期,未改装,
中古マンション等,不動産取引価格情報,13115,東京都,杉並区,成田東,南阿佐ケ谷,13.0,7800000,２ＬＤＫ,65,2010年,ＲＣ,住宅,住宅,１低住専,40.0,80.0,2025年第1四半期,,
中古マンション等,不動産取引価格情報,13115,東京都,杉並区,成田東,南阿佐ケ谷,6.0,40000000,,30,2006年,ＲＣ,住宅,住宅,１中住専,60.0,200.0,2025年第1四半期,改装済み,
中古マンション等,不動産取引価格情報,13115,東京都,杉並区,成田東,南阿佐ケ谷,6.0,110000000,３ＬＤＫ,75,2016年,ＲＣ,,住宅,１低住専,50.0,100.0,2024年第4四半期,未改装,
中古マンション等,不動産取引価格情報,13115,東京都,杉並区,成田東,南阿佐ケ谷,5.0,150000000,３ＬＤＫ,90,2016年,ＲＣ,住宅,住宅,１低住専,50.0,100.0,2024年第4四半期,改装済み,
中古マンション等,不動産取引価格情報,13115,東京都,杉並区,成田東,南阿佐ケ谷,13.0,64000000,３ＬＤＫ,60,1994年,ＲＣ,住宅,住宅,１低住専,50.0,100.0,2024年第4四半期,未改装,
中古マンション等,不動産取引価格情報,13115,東京都,杉並区,成田東,南阿佐ケ谷,5.0,50000000,２ＬＤＫ,55,1990年,ＳＲＣ,住宅,,商業,80.0,400.0,2024年第4四半期,未改装,
中古マンション等,不動産取引価格情報,13115,東京都,杉並区,成田東,南阿佐ケ谷,5.0,81000000,２ＬＤＫ,60,,ＲＣ,住宅,住宅,１低住専,50.0,100.0,2024年第3四半期,,
中古マンション等,不動産取引価格情報,13115,東京都,杉並区,成田東,南阿佐ケ谷,9.0,6800000,１Ｒ,10,1984年,ＲＣ,住宅,住宅,１中住専,60.0,200.0,2024年第3四半期,未改装,
中古マンション等,不動産取引価格情報,13115,東京都,杉並区,成田東,南阿佐ケ谷,6.0,73000000,１ＬＤＫ＋Ｓ,50,2006年,ＲＣ,住宅,住宅,１中住専,60.0,200.0,2024年第3四半期,改装済み,
中古マンション等,不動産取引価格情報,13115,東京都,杉並区,成田東,南阿佐ケ谷,1.0,11000000,１ＬＤＫ,30,1973年,ＲＣ,住宅,住宅,商業,80.0,400.0,2024年第2四半期,未改装,
中古マンション等,不動産取引価格情報,13115,東京都,杉並区,成田東,南阿佐ケ谷,1.0,15000000,１ＤＫ,30,1973年,ＲＣ,住宅,住宅,商業,80.0,400.0,2024年第2四半期,未改装,
中古マンション等,不動産取引価格情報,13115,東京都,杉並区,成田東,南阿佐ケ谷,8.0,8700000,１Ｋ,15,1985年,ＲＣ,住宅,住宅,商業,80.0,400.0,2024年第2四半期,未改装,
中古マンション等,不動産取引価格情報,13115,東京都,杉並区,成田東,南阿佐ケ谷,1.0,26000000,１ＬＤＫ,30,1973年,ＲＣ,住宅,その他,商業,80.0,400.0,2024年第2四半期,未改装,
中古マンション等,不動産取引価格情報,13115,東京都,杉並区,成田東,南阿佐ケ谷,0.0,97000000,１ＬＤＫ,55,2020年,ＲＣ,住宅,住宅,商業,80.0,500.0,2024年第2四半期,未改装,
中古マンション等,不動産取引価格情報,13115,東京都,杉並区,成田東,南阿佐ケ谷,1.0,19000000,１Ｋ,30,1973年,ＲＣ,住宅,住宅,商業,80.0,400.0,2024年第1四半期,改装済み,
中古マンション等,不動産取引価格情報,13115,東京都,杉並区,成田東,南阿佐ケ谷,7.0,9600000,１Ｒ,15,1984年,ＲＣ,住宅,住宅,１中住専,60.0,200.0,2024年第1四半期,改装済み,
中古マンション等,不動産取引価格情報,13115,東京都,杉並区,成田東,南阿佐ケ谷,5.0,14000000,１Ｋ,15,1989年,ＲＣ,住宅,その他,商業,80.0,400.0,2024年第1四半期,,
中古マンション等,不動産取引価格情報,13115,東京都,杉並区,成田東,南阿佐ケ谷,5.0,88000000,２ＬＤＫ,65,2016年,ＲＣ,住宅,住宅,１低住専,50.0,100.0,2024年第1四半期,未改装,
中古マンション等,不動産取引価格情報,13115,東京都,杉並区,成田東,南阿佐ケ谷,6.0,110000000,３ＬＤＫ,80,2016年,ＲＣ,住宅,住宅,１低住専,50.0,100.0,2024年第1四半期,未改装,
中古マンション等,不動産取引価格情報,13115,東京都,杉並区,成田東,南阿佐ケ谷,12.0,11000000,１Ｒ,20,1991年,ＲＣ,住宅,,近隣商業,80.0,300.0,2023年第4四半期,,
中古マンション等,不動産取引価格情報,13115,東京都,杉並区,成田東,南阿佐ケ谷,4.0,22000000,１ＤＫ,30,1998年,ＲＣ,住宅,住宅,商業,80.0,400.0,2023年第4四半期,未改装,
中古マンション等,不動産取引価格情報,13115,東京都,杉並区,成田東,南阿佐ケ谷,6.0,51000000,１ＬＤＫ,45,2007年,ＲＣ,住宅,住宅,近隣商業,80.0,300.0,2023年第4四半期,未改装,
中古マンション等,不動産取引価格情報,13115,東京都,杉並区,成田東,南阿佐ケ谷,12.0,28000000,１ＬＤＫ,30,2004年,ＲＣ,住宅,住宅,近隣商業,80.0,300.0,2023年第4四半期,未改装,
中古マンション等,不動産取引価格情報,13115,東京都,杉並区,成田東,南阿佐ケ谷,6.0,110000000,３ＬＤＫ,70,2016年,ＲＣ,住宅,住宅,１低住専,50.0,100.0,2023年第4四半期,未改装,
中古マンション等,不動産取引価格情報,13115,東京都,杉並区,成田東,南阿佐ケ谷,1.0,65000000,１ＬＤＫ,40,2020年,ＲＣ,住宅,住宅,商業,80.0,500.0,2023年第4四半期,未改装,
中古マンション等,不動産取引価格情報,13115,東京都,杉並区,西荻北,西荻窪,9.0,89000000,３ＬＤＫ,75,2000年,ＲＣ,住宅,住宅,１低住専,50.0,100.0,2025年第3四半期,改装済み,
中古マンション等,不動産取引価格情報,13115,東京都,杉並区,西荻北,西荻窪,12.0,77000000,２ＬＤＫ＋Ｓ,65,2004年,ＲＣ,住宅,住宅,１中住専,60.0,200.0,2025年第3四半期,未改装,
中古マンション等,不動産取引価格情報,13115,東京都,杉並区,西荻北,西荻窪,11.0,26000000,１Ｋ,30,2000年,ＲＣ,住宅,住宅,１中住専,60.0,200.0,2025年第3四半期,未改装,
中古マンション等,不動産取引価格情報,13115,東京都,杉並区,西荻北,西荻窪,3.0,16000000,１Ｋ,15,1991年,ＲＣ,住宅,住宅,近隣商業,80.0,300.0,2025年第1四半期,,
中古マンション等,不動産取引価格情報,13115,東京都,杉並区,西荻北,西荻窪,1.0,24000000,１Ｋ,20,2002年,ＳＲＣ,住宅,,商業,80.0,500.0,2025年第1四半期,,
中古マンション等,不動産取引価格情報,13115,東京都,杉並区,西荻北,西荻窪,4.0,45000000,１Ｋ,40,1998年,ＲＣ,住宅,住宅,１中住専,60.0,200.0,2025年第1四半期,,
中古マンション等,不動産取引価格情報,13115,東京都,杉並区,西荻北,西荻窪,4.0,83000000,２ＬＤＫ,60,2001年,ＲＣ,住宅,住宅,２中住専,60.0,200.0,2024年第4四半期,改装済み,
中古マンション等,不動産取引価格情報,13115,東京都,杉並区,西荻北,西荻窪,7.0,25000000,１Ｋ,20,2009年,ＲＣ,住宅,住宅,１中住専,60.0,200.0,2024年第4四半期,未改装,
中古マンション等,不動産取引価格情報,13115,東京都,杉並区,西荻北,西荻窪,4.0,75000000,２ＬＤＫ,60,1992年,ＲＣ,住宅,住宅,近隣商業,80.0,300.0,2024年第4四半期,改装済み,
中古マンション等,不動産取引価格情報,13115,東京都,杉並区,西荻北,西荻窪,4.0,47000000,１ＬＤＫ,40,2012年,ＲＣ,住宅,住宅,１低住専,60.0,150.0,2024年第4四半期,,
中古マンション等,不動産取引価格情報,13115,東京都,杉並区,西荻北,西荻窪,4.0,79000000,３ＬＤＫ,70,1992年,ＲＣ,住宅,住宅,近隣商業,80.0,300.0,2024年第4四半期,改装済み,
中古マンション等,不動産取引価格情報,13115,東京都,杉並区,西荻北,西荻窪,3.0,80000000,２ＬＤＫ,55,2012年,ＲＣ,住宅,住宅,近隣商業,80.0,300.0,2024年第4四半期,未改装,
中古マンション等,不動産取引価格情報,13115,東京都,杉並区,西荻北,西荻窪,6.0,44000000,１ＬＤＫ,35,2021年,ＲＣ,住宅,住宅,１低住専,60.0,150.0,2024年第3四半期,未改装,
中古マンション等,不動産取引価格情報,13115,東京都,杉並区,西荻北,西荻窪,7.0,35000000,１ＬＤＫ,40,1973年,ＲＣ,住宅,住宅,１中住専,60.0,200.0,2024年第3四半期,改装済み,
中古マンション等,不動産取引価格情報,13115,東京都,杉並区,西荻北,西荻窪,2.0,83000000,２ＬＤＫ,60,2002年,ＳＲＣ,住宅,住宅,商業,80.0,500.0,2024年第3四半期,改装済み,
中古マンション等,不動産取引価格情報,13115,東京都,杉並区,西荻北,西荻窪,8.0,35000000,２ＬＤＫ,65,2000年,ＲＣ,住宅,住宅,１低住専,60.0,150.0,2024年第3四半期,未改装,
中古マンション等,不動産取引価格情報,13115,東京都,杉並区,西荻北,西荻窪,6.0,54000000,２ＬＤＫ,80,1989年,ＲＣ,住宅,住宅,１中住専,60.0,200.0,2024年第3四半期,未改装,
中古マンション等,不動産取引価格情報,13115,東京都,杉並区,西荻北,西荻窪,4.0,59000000,２ＬＤＫ,50,1984年,ＲＣ,住宅,住宅,２中住専,60.0,200.0,2024年第3四半期,改装済み,
中古マンション等,不動産取引価格情報,13115,東京都,杉並区,西荻北,西荻窪,4.0,48000000,１ＬＤＫ,35,2012年,ＲＣ,住宅,住宅,１低住専,60.0,150.0,2024年第3四半期,未改装,
中古マンション等,不動産取引価格情報,13115,東京都,杉並区,西荻北,西荻窪,6.0,47000000,３ＬＤＫ,65,1971年,ＳＲＣ,住宅,その他,１中住専,60.0,200.0,2024年第2四半期,未改装,
中古マンション等,不動産取引価格情報,13115,東京都,杉並区,西荻北,西荻窪,4.0,18000000,１Ｋ,15,1992年,ＲＣ,住宅,住宅,近隣商業,80.0,300.0,2024年第2四半期,未改装,
中古マンション等,不動産取引価格情報,13115,東京都,杉並区,西荻北,西荻窪,4.0,80000000,２ＬＤＫ,60,1992年,ＲＣ,住宅,その他,近隣商業,80.0,300.0,2024年第2四半期,未改装,
中古マンション等,不動産取引価格情報,13115,東京都,杉並区,西荻北,西荻窪,1.0,26000000,１Ｋ,20,2007年,ＲＣ,住宅,住宅,商業,80.0,500.0,2024年第2四半期,,
中古マンション等,不動産取引価格情報,13115,東京都,杉並区,西荻北,西荻窪,2.0,47000000,１ＬＤＫ,35,1998年,ＲＣ,住宅,住宅,商業,80.0,500.0,2024年第2四半期,改装済み,
中古マンション等,不動産取引価格情報,13115,東京都,杉並区,西荻北,西荻窪,8.0,45000000,２ＬＤＫ,50,1987年,ＲＣ,住宅,住宅,近隣商業,80.0,300.0,2024年第2四半期,改装済み,
中古マンション等,不動産取引価格情報,13115,東京都,杉並区,西荻北,西荻窪,10.0,11000000,１Ｒ,15,1988年,ＲＣ,,その他,２中住専,60.0,200.0,2024年第2四半期,未改装,
中古マンション等,不動産取引価格情報,13115,東京都,杉並区,西荻北,西荻窪,2.0,74000000,２ＤＫ,55,2011年,ＲＣ,住宅,住宅,商業,80.0,500.0,2024年第1四半期,改装済み,
中古マンション等,不動産取引価格情報,13115,東京都,杉並区,西荻北,西荻窪,5.0,35000000,２ＬＤＫ,50,1970年,ＳＲＣ,住宅,住宅,近隣商業,80.0,300.0,2024年第1四半期,改装済み,
中古マンション等,不動産取引価格情報,13115,東京都,杉並区,西荻北,西荻窪,4.0,53000000,２ＬＤＫ,50,2012年,ＲＣ,住宅,住宅,１低住専,60.0,150.0,2024年第1四半期,,
中古マンション等,不動産取引価格情報,13115,東京都,杉並区,西荻北,西荻窪,4.0,57000000,２ＬＤＫ,60,2001年,ＲＣ,住宅,住宅,２中住専,60.0,200.0,2024年第1四半期,未改装,
中古マンション等,不動産取引価格情報,13115,東京都,杉並区,西荻北,西荻窪,1.0,54000000,１ＬＤＫ,45,2002年,ＳＲＣ,住宅,住宅,商業,80.0,500.0,2024年第1四半期,未改装,
中古マンション等,不動産取引価格情報,13115,東京都,杉並区,西荻北,西荻窪,11.0,69000000,２ＬＤＫ,65,2001年,ＲＣ,住宅,住宅,１低住専,50.0,100.0,2024年第1四半期,改装済み,
中古マンション等,不動産取引価格情報,13115,東京都,杉並区,西荻北,西荻窪,2.0,80000000,３ＬＤＫ,65,2000年,ＳＲＣ,住宅,住宅,商業,80.0,500.0,2024年第1四半期,未改装,
中古マンション等,不動産取引価格情報,13115,東京都,杉並区,西荻北,西荻窪,2.0,62000000,２ＬＤＫ,60,2002年,ＳＲＣ,住宅,その他,商業,80.0,500.0,2024年第1四半期,未改装,
中古マンション等,不動産取引価格情報,13115,東京都,杉並区,西荻北,西荻窪,4.0,52000000,２ＬＤＫ,55,1973年,ＳＲＣ,住宅,住宅,近隣商業,80.0,300.0,2024年第1四半期,改装済み,
中古マンション等,不動産取引価格情報,13115,東京都,杉並区,西荻北,西荻窪,6.0,30000000,２ＬＤＫ,45,1971年,ＳＲＣ,住宅,,１中住専,60.0,200.0,2024年第1四半期,未改装,
中古マンション等,不動産取引価格情報,13115,東京都,杉並区,西荻北,西荻窪,6.0,20000000,１Ｋ,20,1991年,ＲＣ,事務所,住宅,近隣商業,80.0,300.0,2023年第4四半期,改装済み,
中古マンション等,不動産取引価格情報,13115,東京都,杉並区,西荻北,西荻窪,1.0,38000000,１Ｋ＋Ｓ,35,2002年,ＳＲＣ,住宅,住宅,商業,80.0,500.0,2023年第4四半期,改装済み,
中古マンション等,不動産取引価格情報,13115,東京都,杉並区,西荻北,西荻窪,1.0,59000000,３ＬＤＫ,55,2002年,ＳＲＣ,住宅,その他,商業,80.0,500.0,2023年第4四半期,未改装,
中古マンション等,不動産取引価格情報,13115,東京都,杉並区,西荻南,西荻窪,2.0,14000000,１Ｋ,20,1988年,ＳＲＣ,住宅,,商業,80.0,500.0,2025年第3四半期,,
中古マンション等,不動産取引価格情報,13115,東京都,杉並区,西荻南,西荻窪,2.0,47000000,２ＤＫ,40,1987年,ＳＲＣ,住宅,住宅,商業,80.0,500.0,2025年第2四半期,未改装,
中古マンション等,不動産取引価格情報,13115,東京都,杉並区,西荻南,西荻窪,8.0,24000000,１Ｋ,20,2008年,ＲＣ,住宅,住宅,近隣商業,80.0,300.0,2025年第2四半期,未改装,
中古マンション等,不動産取引価格情報,13115,東京都,杉並区,西荻南,西荻窪,6.0,9000000,１Ｋ,15,1984年,ＲＣ,住宅,住宅,近隣商業,80.0,300.0,2025年第1四半期,未改装,
中古マンション等,不動産取引価格情報,13115,東京都,杉並区,西荻南,西荻窪,1.0,31000000,１Ｋ,25,2013年,ＲＣ,住宅,住宅,商業,80.0,500.0,2024年第4四半期,,
中古マンション等,不動産取引価格情報,13115,東京都,杉並区,西荻南,西荻窪,8.0,23000000,１Ｋ,20,2002年,ＲＣ,住宅,その他,近隣商業,80.0,300.0,2024年第4四半期,,
中古マンション等,不動産取引価格情報,13115,東京都,杉並区,西荻南,西荻窪,2.0,58000000,３ＤＫ,55,1988年,ＳＲＣ,住宅,住宅,商業,80.0,500.0,2024年第3四半期,未改装,
中古マンション等,不動産取引価格情報,13115,東京都,杉並区,西荻南,西荻窪,8.0,25000000,１Ｋ,20,2008年,ＲＣ,住宅,住宅,近隣商業,80.0,300.0,2024年第3四半期,未改装,
中古マンション等,不動産取引価格情報,13115,東京都,杉並区,西荻南,西荻窪,8.0,20000000,１Ｋ,20,2002年,ＲＣ,住宅,住宅,近隣商業,80.0,300.0,2024年第3四半期,未改装,
中古マンション等,不動産取引価格情報,13115,東京都,杉並区,西荻南,西荻窪,5.0,26000000,１Ｋ,20,2007年,ＲＣ,住宅,その他,近隣商業,80.0,300.0,2024年第2四半期,未改装,
中古マンション等,不動産取引価格情報,13115,東京都,杉並区,西荻南,西荻窪,4.0,21000000,１Ｋ,20,1996年,ＲＣ,住宅,その他,近隣商業,80.0,300.0,2024年第2四半期,未改装,
中古マンション等,不動産取引価格情報,13115,東京都,杉並区,西荻南,西荻窪,6.0,28000000,１Ｋ,25,2013年,ＲＣ,住宅,住宅,近隣商業,80.0,300.0,2024年第2四半期,未改装,
中古マンション等,不動産取引価格情報,13115,東京都,杉並区,西荻南,西荻窪,8.0,20000000,１Ｋ,20,2008年,ＲＣ,住宅,住宅,近隣商業,80.0,300.0,2024年第2四半期,改装済み,調停・競売等
中古マンション等,不動産取引価格情報,13115,東京都,杉並区,西荻南,西荻窪,3.0,24000000,,25,2008年,ＲＣ,住宅,住宅,商業,80.0,500.0,2024年第2四半期,,
中古マンション等,不動産取引価格情報,13115,東京都,杉並区,西荻南,西荻窪,5.0,29000000,１Ｋ,20,2007年,ＲＣ,住宅,その他,近隣商業,80.0,300.0,2024年第2四半期,,
中古マンション等,不動産取引価格情報,13115,東京都,杉並区,西荻南,西荻窪,7.0,22000000,１Ｋ,15,1996年,ＲＣ,住宅,住宅,２中住専,60.0,200.0,2024年第1四半期,未改装,
中古マンション等,不動産取引価格情報,13115,東京都,杉並区,西荻南,西荻窪,3.0,29000000,１Ｋ,25,2008年,ＲＣ,住宅,住宅,商業,80.0,500.0,2024年第1四半期,未改装,
中古マンション等,不動産取引価格情報,13115,東京都,杉並区,西荻南,西荻窪,8.0,24000000,１Ｋ,20,2008年,ＲＣ,住宅,住宅,近隣商業,80.0,300.0,2024年第1四半期,未改装,
中古マンション等,不動産取引価格情報,13115,東京都,杉並区,西荻南,西荻窪,4.0,17000000,１Ｋ,15,1994年,ＲＣ,住宅,住宅,近隣商業,80.0,300.0,2024年第1四半期,,
中古マンション等,不動産取引価格情報,13115,東京都,杉並区,西荻南,西荻窪,6.0,6100000,１Ｒ,15,1984年,ＲＣ,住宅,住宅,近隣商業,80.0,300.0,2023年第4四半期,未改装,
中古マンション等,不動産取引価格情報,13115,東京都,杉並区,西荻南,西荻窪,1.0,23000000,,25,2013年,ＲＣ,住宅,住宅,商業,80.0,500.0,2023年第4四半期,,
中古マンション等,不動産取引価格情報,13115,東京都,杉並区,浜田山,西永福,7.0,77000000,３ＬＤＫ,70,1997年,ＲＣ,住宅,,１低住専,50.0,100.0,2025年第2四半期,未改装,
中古マンション等,不動産取引価格情報,13115,東京都,杉並区,浜田山,西永福,11.0,80000000,３ＬＤＫ,70,1995年,ＲＣ,住宅,住宅,１低住専,50.0,100.0,2025年第1四半期,改装済み,
中古マンション等,不動産取引価格情報,13115,東京都,杉並区,浜田山,西永福,7.0,28000000,１ＤＫ,30,2005年,ＲＣ,住宅,住宅,準住居,60.0,300.0,2025年第1四半期,未改装,
中古マンション等,不動産取引価格情報,13115,東京都,杉並区,浜田山,西永福,11.0,65000000,３ＬＤＫ,65,1995年,ＲＣ,住宅,住宅,１低住専,50.0,100.0,2025年第1四半期,,
中古マンション等,不動産取引価格情報,13115,東京都,杉並区,浜田山,西永福,3.0,75000000,３ＬＤＫ,65,2006年,ＲＣ,住宅,住宅,１低住専,50.0,100.0,2025年第1四半期,未改装,
中古マンション等,不動産取引価格情報,13115,東京都,杉並区,浜田山,西永福,5.0,88000000,２ＬＤＫ,75,2014年,ＲＣ,住宅,住宅,１低住専,50.0,100.0,2024年第4四半期,改装済み,
中古マンション等,不動産取引価格情報,13115,東京都,杉並区,浜田山,西永福,10.0,99000000,３ＬＤＫ,170,1989年,ＲＣ,住宅,,１低住専,50.0,100.0,2024年第4四半期,,
中古マンション等,不動産取引価格情報,13115,東京都,杉並区,浜田山,西永福,4.0,80000000,３ＬＤＫ,85,1997年,ＳＲＣ,住宅,住宅,準住居,60.0,300.0,2024年第4四半期,改装済み,
中古マンション等,不動産取引価格情報,13115,東京都,杉並区,浜田山,西永福,6.0,76000000,２ＬＤＫ,60,2001年,ＲＣ,住宅,住宅,準住居,60.0,300.0,2024年第3四半期,改装済み,
中古マンション等,不動産取引価格情報,13115,東京都,杉並区,浜田山,西永福,10.0,80000000,,130,1989年,ＲＣ,住宅,,１低住専,50.0,100.0,2024年第3四半期,,
中古マンション等,不動産取引価格情報,13115,東京都,杉並区,浜田山,西永福,7.0,110000000,４ＬＤＫ,90,1997年,ＲＣ,住宅,住宅,１低住専,50.0,100.0,2024年第3四半期,未改装,
中古マンション等,不動産取引価格情報,13115,東京都,杉並区,浜田山,西永福,4.0,69000000,３ＬＤＫ,65,1997年,ＳＲＣ,住宅,住宅,準住居,60.0,300.0,2024年第2四半期,未改装,
中古マンション等,不動産取引価格情報,13115,東京都,杉並区,浜田山,西永福,11.0,80000000,３ＬＤＫ,65,1995年,ＲＣ,住宅,その他,１低住専,50.0,100.0,2024年第2四半期,未改装,
中古マンション等,不動産取引価格情報,13115,東京都,杉並区,浜田山,西永福,8.0,79000000,３ＬＤＫ,65,2007年,ＲＣ,住宅,住宅,１低住専,50.0,100.0,2024年第2四半期,未改装,
中古マンション等,不動産取引価格情報,13115,東京都,杉並区,浜田山,西永福,10.0,93000000,３ＬＤＫ,165,1989年,ＲＣ,住宅,その他,１低住専,50.0,100.0,2024年第2四半期,未改装,
中古マンション等,不動産取引価格情報,13115,東京都,杉並区,浜田山,西永福,11.0,64000000,３ＬＤＫ,70,1995年,ＲＣ,住宅,住宅,１低住専,50.0,100.0,2024年第1四半期,未改装,
中古マンション等,不動産取引価格情報,13115,東京都,杉並区,浜田山,西永福,8.0,93000000,３ＬＤＫ,70,2007年,ＲＣ,住宅,住宅,１低住専,50.0,100.0,2024年第1四半期,,
中古マンション等,不動産取引価格情報,13115,東京都,杉並区,浜田山,西永福,3.0,73000000,３ＬＤＫ,70,2006年,ＲＣ,住宅,住宅,１低住専,50.0,100.0,2023年第4四半期,未改装,
中古マンション等,不動産取引価格情報,13115,東京都,杉並区,浜田山,西永福,2.0,90000000,２ＬＤＫ,75,2001年,ＲＣ,住宅,住宅,１低住専,50.0,100.0,2023年第4四半期,改装済み,
中古マンション等,不動産取引価格情報,13115,東京都,杉並区,浜田山,西永福,6.0,80000000,２ＬＤＫ,65,2014年,ＲＣ,住宅,住宅,準住居,60.0,300.0,2023年第4四半期,未改装,
中古マンション等,不動産取引価格情報,13115,東京都,杉並区,浜田山,西永福,5.0,94000000,２ＬＤＫ,80,2008年,ＲＣ,住宅,住宅,１低住専,40.0,80.0,2023年第4四半期,未改装,
中古マンション等,不動産取引価格情報,13115,東京都,杉並区,浜田山,浜田山,5.0,85000000,３ＬＤＫ,110,2002年,ＲＣ,住宅,住宅,１低住専,50.0,100.0,2025年第3四半期,,
中古マンション等,不動産取引価格情報,13115,東京都,杉並区,浜田山,浜田山,3.0,35000000,１ＬＤＫ,30,1984年,ＲＣ,住宅,住宅,２中住専,60.0,200.0,2025年第3四半期,改装済み,
中古マンション等,不動産取引価格情報,13115,東京都,杉並区,浜田山,浜田山,7.0,140000000,,125,2005年,ＲＣ,,,準住居,60.0,300.0,2025年第3四半期,,
中古マンション等,不動産取引価格情報,13115,東京都,杉並区,浜田山,浜田山,7.0,83000000,３ＬＤＫ,75,1996年,ＲＣ,住宅,住宅,１低住専,50.0,100.0,2025年第3四半期,改装済み,
中古マンション等,不動産取引価格情報,13115,東京都,杉並区,浜田山,浜田山,6.0,170000000,２ＬＤＫ,70,2003年,ＲＣ,,住宅,１低住専,50.0,100.0,2025年第2四半期,,
中古マンション等,不動産取引価格情報,13115,東京都,杉並区,浜田山,浜田山,6.0,170000000,３ＬＤＫ,85,2003年,ＲＣ,住宅,住宅,１低住専,50.0,100.0,2025年第2四半期,改装済み,
中古マンション等,不動産取引価格情報,13115,東京都,杉並区,浜田山,浜田山,3.0,11000000,１Ｋ,15,1984年,ＲＣ,住宅,住宅,近隣商業,80.0,200.0,2025年第2四半期,改装済み,
中古マンション等,不動産取引価格情報,13115,東京都,杉並区,浜田山,浜田山,6.0,110000000,２ＬＤＫ,70,2003年,ＲＣ,住宅,住宅,１低住専,50.0,100.0,2025年第1四半期,未改装,
中古マンション等,不動産取引価格情報,13115,東京都,杉並区,浜田山,浜田山,7.0,180000000,３ＬＤＫ,160,2005年,ＲＣ,住宅,住宅,準住居,60.0,300.0,2025年第1四半期,未改装,
中古マンション等,不動産取引価格情報,13115,東京都,杉並区,浜田山,浜田山,6.0,160000000,３ＬＤＫ,80,2003年,ＲＣ,住宅,住宅,１低住専,50.0,100.0,2025年第1四半期,改装済み,
中古マンション等,不動産取引価格情報,13115,東京都,杉並区,浜田山,浜田山,2.0,13000000,１Ｋ,20,1985年,ＲＣ,住宅,住宅,近隣商業,80.0,300.0,2024年第4四半期,未改装,
中古マンション等,不動産取引価格情報,13115,東京都,杉並区,浜田山,浜田山,9.0,120000000,３ＬＤＫ,65,2023年,ＲＣ,住宅,住宅,１低住専,50.0,100.0,2024年第4四半期,未改装,
中古マンション等,不動産取引価格情報,13115,東京都,杉並区,浜田山,浜田山,7.0,75000000,３ＬＤＫ,75,1996年,ＲＣ,住宅,住宅,１低住専,50.0,100.0,2024年第4四半期,未改装,
中古マンション等,不動産取引価格情報,13115,東京都,杉並区,浜田山,浜田山,3.0,20000000,１ＬＤＫ,30,1984年,ＲＣ,住宅,住宅,２中住専,60.0,200.0,2024年第4四半期,未改装,
中古マンション等,不動産取引価格情報,13115,東京都,杉並区,浜田山,浜田山,7.0,120000000,３ＬＤＫ,100,2005年,ＲＣ,住宅,住宅,準住居,60.0,300.0,2024年第4四半期,未改装,
中古マンション等,不動産取引価格情報,13115,東京都,杉並区,浜田山,浜田山,3.0,7300000,１Ｋ,15,1984年,ＲＣ,住宅,住宅,２中住専,60.0,200.0,2024年第3四半期,未改装,
中古マンション等,不動産取引価格情報,13115,東京都,杉並区,浜田山,浜田山,6.0,120000000,２ＬＤＫ,70,2003年,ＲＣ,住宅,住宅,１低住専,50.0,100.0,2024年第3四半期,未改装,
中古マンション等,不動産取引価格情報,13115,東京都,杉並区,浜田山,浜田山,2.0,53000000,１ＬＤＫ＋Ｓ,65,2013年,ＲＣ,住宅,住宅,近隣商業,80.0,300.0,2024年第2四半期,未改装,
中古マンション等,不動産取引価格情報,13115,東京都,杉並区,浜田山,浜田山,7.0,110000000,２ＬＤＫ,75,2005年,ＲＣ,住宅,住宅,準住居,60.0,300.0,2024年第1四半期,未改装,
中古マンション等,不動産取引価格情報,13115,東京都,杉並区,浜田山,浜田山,7.0,1400000000,５ＬＤＫ,135,1996年,ＲＣ,住宅,住宅,１低住専,50.0,100.0,2024年第1四半期,改装済み,
中古マンション等,不動産取引価格情報,13115,東京都,杉並区,方南,代田橋,8.0,28000000,１Ｋ,25,2005年,ＲＣ,住宅,住宅,近隣商業,80.0,400.0,2025年第2四半期,未改装,
中古マンション等,不動産取引価格情報,13115,東京都,杉並区,方南,代田橋,9.0,26000000,１Ｋ,25,2015年,ＲＣ,住宅,住宅,１低住専,60.0,150.0,2025年第2四半期,未改装,
中古マンション等,不動産取引価格情報,13115,東京都,杉並区,方南,代田橋,9.0,31000000,１Ｋ,25,2017年,ＲＣ,住宅,住宅,１低住専,60.0,150.0,2025年第2四半期,未改装,
中古マンション等,不動産取引価格情報,13115,東京都,杉並区,方南,代田橋,6.0,19000000,１ＤＫ,20,2006年,ＲＣ,住宅,住宅,商業,80.0,500.0,2025年第2四半期,未改装,
中古マンション等,不動産取引価格情報,13115,東京都,杉並区,方南,代田橋,9.0,23000000,１Ｋ,20,2007年,ＲＣ,住宅,住宅,近隣商業,80.0,400.0,2025年第1四半期,,
中古マンション等,不動産取引価格情報,13115,東京都,杉並区,方南,代田橋,9.0,44000000,２ＤＫ,40,2007年,ＲＣ,住宅,その他,近隣商業,80.0,400.0,2025年第1四半期,,
中古マンション等,不動産取引価格情報,13115,東京都,杉並区,方南,代田橋,5.0,22000000,１Ｋ,15,2001年,ＲＣ,住宅,住宅,商業,80.0,500.0,2025年第1四半期,未改装,
中古マンション等,不動産取引価格情報,13115,東京都,杉並区,方南,代田橋,10.0,22000000,１Ｋ,20,2007年,ＲＣ,住宅,住宅,近隣商業,80.0,400.0,2024年第4四半期,未改装,
中古マンション等,不動産取引価格情報,13115,東京都,杉並区,方南,代田橋,9.0,31000000,１Ｋ,25,2015年,ＲＣ,住宅,その他,１低住専,60.0,150.0,2024年第4四半期,,
中古マンション等,不動産取引価格情報,13115,東京都,杉並区,方南,代田橋,5.0,19000000,１Ｋ,20,2001年,ＲＣ,住宅,住宅,商業,80.0,500.0,2024年第4四半期,未改装,
中古マンション等,不動産取引価格情報,13115,東京都,杉並区,方南,代田橋,9.0,29000000,１ＤＫ,30,2007年,ＲＣ,住宅,住宅,近隣商業,80.0,400.0,2024年第4四半期,,
中古マンション等,不動産取引価格情報,13115,東京都,杉並区,方南,代田橋,9.0,34000000,１Ｋ,25,2017年,ＲＣ,住宅,その他,１低住専,60.0,150.0,2024年第3四半期,未改装,
中古マンション等,不動産取引価格情報,13115,東京都,杉並区,方南,代田橋,5.0,28000000,１ＤＫ,30,2001年,ＲＣ,住宅,住宅,商業,80.0,500.0,2024年第2四半期,未改装,
中古マンション等,不動産取引価格情報,13115,東京都,杉並区,方南,代田橋,9.0,21000000,１Ｋ,20,2007年,ＲＣ,住宅,その他,近隣商業,80.0,400.0,2024年第1四半期,未改装,
中古マンション等,不動産取引価格情報,13115,東京都,杉並区,方南,代田橋,9.0,31000000,１Ｋ,25,2017年,ＲＣ,住宅,住宅,１低住専,60.0,150.0,2023年第4四半期,未改装,
中古マンション等,不動産取引価格情報,13115,東京都,杉並区,方南,代田橋,8.0,19000000,１ＤＫ,20,2005年,ＲＣ,住宅,住宅,近隣商業,80.0,400.0,2023年第4四半期,未改装,
中古マンション等,不動産取引価格情報,13115,東京都,杉並区,方南,方南町,4.0,28000000,１Ｋ,20,2006年,ＲＣ,住宅,住宅,近隣商業,80.0,400.0,2025年第3四半期,,
中古マンション等,不動産取引価格情報,13115,東京都,杉並区,方南,方南町,8.0,98000000,３ＬＤＫ,65,2021年,ＲＣ,住宅,住宅,１低住専,60.0,150.0,2025年第3四半期,未改装,
中古マンション等,不動産取引価格情報,13115,東京都,杉並区,方南,方南町,3.0,24000000,１ＤＫ,30,1972年,ＳＲＣ,住宅,住宅,近隣商業,80.0,300.0,2025年第3四半期,改装済み,
中古マンション等,不動産取引価格情報,13115,東京都,杉並区,方南,方南町,2.0,60000000,１ＬＤＫ,55,2001年,ＲＣ,住宅,住宅,近隣商業,80.0,300.0,2025年第2四半期,未改装,
中古マンション等,不動産取引価格情報,13115,東京都,杉並区,方南,方南町,3.0,22000000,１ＬＤＫ,30,1973年,ＳＲＣ,住宅,住宅,近隣商業,80.0,400.0,2025年第2四半期,改装済み,
中古マンション等,不動産取引価格情報,13115,東京都,杉並区,方南,方南町,2.0,130000000,３ＬＤＫ,80,2017年,ＲＣ,住宅,その他,１中住専,60.0,200.0,2025年第2四半期,,
中古マンション等,不動産取引価格情報,13115,東京都,杉並区,方南,方南町,9.0,47000000,２ＬＤＫ,45,1971年,ＳＲＣ,住宅,住宅,１低住専,60.0,150.0,2025年第2四半期,改装済み,
中古マンション等,不動産取引価格情報,13115,東京都,杉並区,方南,方南町,8.0,28000000,１ＤＫ,30,2003年,ＲＣ,住宅,住宅,近隣商業,80.0,400.0,2025年第2四半期,未改装,
中古マンション等,不動産取引価格情報,13115,東京都,杉並区,方南,方南町,8.0,30000000,,30,2003年,ＲＣ,住宅,住宅,近隣商業,80.0,400.0,2025年第2四半期,,
中古マンション等,不動産取引価格情報,13115,東京都,杉並区,方南,方南町,8.0,30000000,,30,2003年,ＲＣ,,住宅,近隣商業,80.0,400.0,2025年第2四半期,,
中古マンション等,不動産取引価格情報,13115,東京都,杉並区,方南,方南町,8.0,16000000,２ＤＫ,30,1972年,ＳＲＣ,住宅,住宅,商業,80.0,400.0,2025年第1四半期,,
中古マンション等,不動産取引価格情報,13115,東京都,杉並区,方南,方南町,9.0,40000000,２ＬＤＫ,45,1971年,ＳＲＣ,住宅,住宅,１低住専,60.0,150.0,2025年第1四半期,未改装,
中古マンション等,不動産取引価格情報,13115,東京都,杉並区,方南,方南町,9.0,48000000,２ＤＫ,45,1971年,ＳＲＣ,住宅,住宅,１低住専,60.0,150.0,2025年第1四半期,改装済み,
中古マンション等,不動産取引価格情報,13115,東京都,杉並区,方南,方南町,2.0,110000000,２ＬＤＫ＋Ｓ,65,2017年,ＲＣ,住宅,住宅,１中住専,60.0,200.0,2025年第1四半期,未改装,
中古マンション等,不動産取引価格情報,13115,東京都,杉並区,方南,方南町,10.0,11000000,１Ｋ,15,1990年,ＲＣ,住宅,住宅,１中住専,60.0,200.0,2024年第4四半期,,
中古マンション等,不動産取引価格情報,13115,東京都,杉並区,方南,方南町,9.0,31000000,２ＬＤＫ,45,1971年,ＳＲＣ,住宅,住宅,１低住専,60.0,150.0,2024年第3四半期,未改装,
中古マンション等,不動産取引価格情報,13115,東京都,杉並区,方南,方南町,8.0,92000000,３ＬＤＫ,65,2021年,ＲＣ,住宅,住宅,１低住専,60.0,150.0,2024年第3四半期,未改装,
中古マンション等,不動産取引価格情報,13115,東京都,杉並区,方南,方南町,3.0,12000000,１Ｋ,15,1992年,ＲＣ,,住宅,近隣商業,80.0,400.0,2024年第3四半期,未改装,
中古マンション等,不動産取引価格情報,13115,東京都,杉並区,方南,方南町,8.0,31000000,１Ｋ,25,2003年,ＲＣ,住宅,住宅,近隣商業,80.0,400.0,2024年第3四半期,未改装,
中古マンション等,不動産取引価格情報,13115,東京都,杉並区,方南,方南町,9.0,43000000,１ＬＤＫ,45,1971年,ＳＲＣ,住宅,住宅,１低住専,60.0,150.0,2024年第2四半期,未改装,
中古マンション等,不動産取引価格情報,13115,東京都,杉並区,方南,方南町,6.0,18000000,１Ｋ,15,1992年,ＳＲＣ,住宅,住宅,近隣商業,80.0,400.0,2024年第2四半期,,
中古マンション等,不動産取引価格情報,13115,東京都,杉並区,方南,方南町,4.0,24000000,１Ｋ,20,2006年,ＲＣ,住宅,住宅,近隣商業,80.0,400.0,2024年第2四半期,,
中古マンション等,不動産取引価格情報,13115,東京都,杉並区,方南,方南町,9.0,27000000,２ＤＫ,45,1971年,ＳＲＣ,住宅,住宅,１低住専,60.0,150.0,2024年第2四半期,未改装,
中古マンション等,不動産取引価格情報,13115,東京都,杉並区,方南,方南町,10.0,12000000,１Ｋ,15,1990年,ＲＣ,住宅,住宅,１中住専,60.0,200.0,2024年第2四半期,未改装,
中古マンション等,不動産取引価格情報,13115,東京都,杉並区,方南,方南町,3.0,15000000,１Ｋ,15,1992年,ＲＣ,住宅,住宅,近隣商業,80.0,400.0,2024年第1四半期,未改装,
中古マンション等,不動産取引価格情報,13115,東京都,杉並区,方南,方南町,7.0,23000000,１Ｋ,20,2003年,ＲＣ,住宅,住宅,近隣商業,80.0,400.0,2024年第1四半期,,
中古マンション等,不動産取引価格情報,13115,東京都,杉並区,方南,方南町,3.0,27000000,１ＬＤＫ,35,1973年,ＳＲＣ,住宅,住宅,近隣商業,80.0,400.0,2024年第1四半期,,
中古マンション等,不動産取引価格情報,13115,東京都,杉並区,方南,方南町,1.0,39000000,２ＬＤＫ,50,1984年,ＲＣ,住宅,住宅,近隣商業,80.0,300.0,2024年第1四半期,改装済み,
中古マンション等,不動産取引価格情報,13115,東京都,杉並区,方南,方南町,2.0,8700000,,15,1986年,ＲＣ,住宅,住宅,１中住専,60.0,200.0,2024年第1四半期,未改装,
中古マンション等,不動産取引価格情報,13115,東京都,杉並区,方南,方南町,3.0,16000000,１Ｋ,15,1992年,ＲＣ,住宅,その他,近隣商業,80.0,400.0,2024年第1四半期,,
中古マンション等,不動産取引価格情報,13115,東京都,杉並区,方南,方南町,4.0,23000000,,25,2006年,ＲＣ,住宅,住宅,近隣商業,80.0,400.0,2024年第1四半期,,
中古マンション等,不動産取引価格情報,13115,東京都,杉並区,方南,方南町,6.0,95000000,３ＬＤＫ,70,2021年,ＲＣ,住宅,,１低住専,60.0,150.0,2024年第1四半期,未改装,
中古マンション等,不動産取引価格情報,13115,東京都,杉並区,方南,方南町,3.0,28000000,１ＬＤＫ,40,1972年,ＳＲＣ,住宅,住宅,商業,80.0,400.0,2023年第4四半期,改装済み,
中古マンション等,不動産取引価格情報,13115,東京都,杉並区,方南,方南町,4.0,23000000,１Ｋ,20,2006年,ＲＣ,住宅,住宅,近隣商業,80.0,400.0,2023年第4四半期,,
中古マンション等,不動産取引価格情報,13115,東京都,杉並区,方南,方南町,8.0,18000000,３ＤＫ,45,1972年,ＳＲＣ,住宅,住宅,商業,80.0,400.0,2023年第4四半期,,
中古マンション等,不動産取引価格情報,13115,東京都,杉並区,堀ノ内,新高円寺,10.0,78000000,２ＬＤＫ,60,2000年,ＲＣ,住宅,住宅,１中住専,60.0,200.0,2025年第3四半期,改装済み,
中古マンション等,不動産取引価格情報,13115,東京都,杉並区,堀ノ内,新高円寺,13.0,22000000,１ＤＫ,30,1988年,ＲＣ,住宅,住宅,１種住居,60.0,200.0,2025年第1四半期,改装済み,
中古マンション等,不動産取引価格情報,13115,東京都,杉並区,堀ノ内,新高円寺,14.0,34000000,３ＤＫ,55,1994年,ＲＣ,住宅,住宅,２種住居,60.0,200.0,2025年第1四半期,未改装,
中古マンション等,不動産取引価格情報,13115,東京都,杉並区,堀ノ内,新高円寺,10.0,57000000,２ＬＤＫ,60,2000年,ＲＣ,住宅,その他,１中住専,60.0,200.0,2025年第1四半期,未改装,
中古マンション等,不動産取引価格情報,13115,東京都,杉並区,堀ノ内,新高円寺,13.0,17000000,１ＬＤＫ,30,1988年,ＲＣ,住宅,住宅,１種住居,60.0,200.0,2024年第4四半期,未改装,
中古マンション等,不動産取引価格情報,13115,東京都,杉並区,堀ノ内,新高円寺,13.0,21000000,１ＬＤＫ,30,1988年,ＲＣ,住宅,住宅,１種住居,60.0,200.0,2024年第2四半期,改装済み,
中古マンション等,不動産取引価格情報,13115,東京都,杉並区,堀ノ内,新高円寺,12.0,11000000,１Ｒ,15,1986年,ＲＣ,住宅,住宅,１種住居,60.0,200.0,2024年第2四半期,,
中古マンション等,不動産取引価格情報,13115,東京都,杉並区,堀ノ内,新高円寺,12.0,32000000,１ＬＤＫ,40,2007年,ＲＣ,住宅,住宅,近隣商業,80.0,300.0,2024年第2四半期,未改装,
中古マンション等,不動産取引価格情報,13115,東京都,杉並区,堀ノ内,新高円寺,12.0,6600000,１Ｋ,15,1986年,ＲＣ,住宅,住宅,１種住居,60.0,200.0,2024年第2四半期,未改装,
中古マンション等,不動産取引価格情報,13115,東京都,杉並区,堀ノ内,新高円寺,12.0,6600000,１Ｋ,15,1986年,ＲＣ,住宅,住宅,１種住居,60.0,200.0,2024年第2四半期,未改装,
中古マンション等,不動産取引価格情報,13115,東京都,杉並区,堀ノ内,新高円寺,12.0,6300000,１Ｋ,15,1986年,ＲＣ,住宅,住宅,１種住居,60.0,200.0,2024年第1四半期,未改装,
中古マンション等,不動産取引価格情報,13115,東京都,杉並区,堀ノ内,新高円寺,14.0,29000000,３ＤＫ,45,1984年,ＲＣ,住宅,住宅,１種住居,60.0,200.0,2023年第4四半期,,
中古マンション等,不動産取引価格情報,13115,東京都,杉並区,堀ノ内,新高円寺,9.0,13000000,１Ｒ,15,1991年,ＲＣ,住宅,住宅,１種住居,60.0,200.0,2023年第4四半期,未改装,
中古マンション等,不動産取引価格情報,13115,東京都,杉並区,堀ノ内,東高円寺,10.0,18000000,１ＤＫ,30,1972年,ＲＣ,住宅,住宅,１種住居,60.0,200.0,2025年第2四半期,改装済み,
中古マンション等,不動産取引価格情報,13115,東京都,杉並区,堀ノ内,東高円寺,9.0,15000000,１ＬＤＫ,35,1972年,ＲＣ,住宅,住宅,１種住居,60.0,200.0,2025年第2四半期,未改装,
中古マンション等,不動産取引価格情報,13115,東京都,杉並区,堀ノ内,東高円寺,9.0,36000000,２ＤＫ,40,1972年,ＲＣ,住宅,住宅,１種住居,60.0,200.0,2025年第1四半期,改装済み,
中古マンション等,不動産取引価格情報,13115,東京都,杉並区,堀ノ内,東高円寺,11.0,31000000,１Ｋ,25,2018年,ＲＣ,住宅,その他,近隣商業,80.0,400.0,2024年第4四半期,未改装,
中古マンション等,不動産取引価格情報,13115,東京都,杉並区,堀ノ内,東高円寺,11.0,20000000,１Ｋ,20,1999年,ＳＲＣ,住宅,住宅,近隣商業,80.0,400.0,2024年第4四半期,未改装,
中古マンション等,不動産取引価格情報,13115,東京都,杉並区,堀ノ内,東高円寺,9.0,18000000,１ＤＫ,25,1972年,ＲＣ,住宅,住宅,１種住居,60.0,200.0,2024年第1四半期,,
中古マンション等,不動産取引価格情報,13115,東京都,杉並区,堀ノ内,東高円寺,13.0,20000000,１Ｋ,20,2009年,ＲＣ,住宅,住宅,近隣商業,80.0,400.0,2023年第4四半期,,
中古マンション等,不動産取引価格情報,13115,東京都,杉並区,堀ノ内,方南町,9.0,35000000,,25,2016年,ＲＣ,,その他,近隣商業,80.0,400.0,2025年第3四半期,,
中古マンション等,不動産取引価格情報,13115,東京都,杉並区,堀ノ内,方南町,6.0,30000000,１ＬＤＫ,35,1987年,ＲＣ,住宅,住宅,近隣商業,80.0,400.0,2025年第3四半期,改装済み,
中古マンション等,不動産取引価格情報,13115,東京都,杉並区,堀ノ内,方南町,9.0,48000000,１ＬＤＫ,35,2016年,ＲＣ,住宅,住宅,近隣商業,80.0,400.0,2025年第3四半期,未改装,
中古マンション等,不動産取引価格情報,13115,東京都,杉並区,堀ノ内,方南町,12.0,55000000,,65,2016年,軽量鉄骨造,住宅,住宅,１種住居,60.0,200.0,2025年第3四半期,未改装,
中古マンション等,不動産取引価格情報,13115,東京都,杉並区,堀ノ内,方南町,9.0,57000000,３ＬＤＫ,55,1987年,ＲＣ,住宅,住宅,近隣商業,80.0,400.0,2025年第2四半期,改装済み,
中古マンション等,不動産取引価格情報,13115,東京都,杉並区,堀ノ内,方南町,11.0,60000000,２ＤＫ,40,2023年,ＲＣ,住宅,住宅,１低住専,40.0,80.0,2025年第2四半期,未改装,
中古マンション等,不動産取引価格情報,13115,東京都,杉並区,堀ノ内,方南町,11.0,12000000,１ＬＤＫ,25,1984年,ＲＣ,住宅,住宅,１種住居,60.0,200.0,2025年第2四半期,未改装,
中古マンション等,不動産取引価格情報,13115,東京都,杉並区,堀ノ内,方南町,7.0,39000000,１ＬＤＫ,50,1985年,ＲＣ,住宅,その他,１種住居,60.0,200.0,2025年第2四半期,未改装,
中古マンション等,不動産取引価格情報,13115,東京都,杉並区,堀ノ内,方南町,1.0,29000000,１Ｋ,30,2012年,ＲＣ,住宅,住宅,商業,80.0,400.0,2025年第1四半期,未改装,
中古マンション等,不動産取引価格情報,13115,東京都,杉並区,堀ノ内,方南町,5.0,23000000,１Ｋ,20,2009年,ＲＣ,住宅,その他,近隣商業,80.0,400.0,2025年第1四半期,未改装,
中古マンション等,不動産取引価格情報,13115,東京都,杉並区,堀ノ内,方南町,7.0,45000000,２ＬＤＫ,60,1988年,ＲＣ,住宅,住宅,１種住居,60.0,200.0,2025年第1四半期,未改装,
中古マンション等,不動産取引価格情報,13115,東京都,杉並区,堀ノ内,方南町,7.0,13000000,１Ｋ,15,1986年,ＲＣ,住宅,,準住居,60.0,300.0,2025年第1四半期,未改装,
中古マンション等,不動産取引価格情報,13115,東京都,杉並区,堀ノ内,方南町,7.0,33000000,３ＬＤＫ,50,1986年,ＲＣ,住宅,住宅,１種住居,60.0,200.0,2025年第1四半期,未改装,
中古マンション等,不動産取引価格情報,13115,東京都,杉並区,堀ノ内,方南町,5.0,88000000,３ＬＤＫ,60,2024年,ＲＣ,住宅,住宅,準工業,60.0,200.0,2025年第1四半期,,
中古マンション等,不動産取引価格情報,13115,東京都,杉並区,堀ノ内,方南町,1.0,47000000,１ＬＤＫ,40,2012年,ＲＣ,住宅,住宅,商業,80.0,400.0,2024年第4四半期,改装済み,
中古マンション等,不動産取引価格情報,13115,東京都,杉並区,堀ノ内,方南町,7.0,78000000,３ＬＤＫ,80,2003年,ＲＣ,住宅,住宅,準工業,60.0,200.0,2024年第4四半期,改装済み,
中古マンション等,不動産取引価格情報,13115,東京都,杉並区,堀ノ内,方南町,11.0,20000000,１Ｋ,20,2002年,ＲＣ,住宅,住宅,近隣商業,80.0,400.0,2024年第4四半期,,
中古マンション等,不動産取引価格情報,13115,東京都,杉並区,堀ノ内,方南町,11.0,13000000,１Ｋ,20,1989年,ＲＣ,住宅,住宅,１種住居,60.0,200.0,2024年第4四半期,未改装,
中古マンション等,不動産取引価格情報,13115,東京都,杉並区,堀ノ内,方南町,1.0,14000000,１Ｋ,15,1985年,ＳＲＣ,住宅,住宅,商業,80.0,400.0,2024年第4四半期,未改装,
中古マンション等,不動産取引価格情報,13115,東京都,杉並区,堀ノ内,方南町,10.0,23000000,１Ｋ,20,2009年,ＲＣ,住宅,住宅,近隣商業,80.0,400.0,2024年第4四半期,,
中古マンション等,不動産取引価格情報,13115,東京都,杉並区,堀ノ内,方南町,9.0,25000000,１Ｋ,25,2016年,ＲＣ,住宅,住宅,近隣商業,80.0,400.0,2024年第3四半期,未改装,調停・競売等
中古マンション等,不動産取引価格情報,13115,東京都,杉並区,堀ノ内,方南町,5.0,63000000,３ＬＤＫ,85,1974年,ＲＣ,住宅,住宅,近隣商業,80.0,400.0,2024年第3四半期,改装済み,
中古マンション等,不動産取引価格情報,13115,東京都,杉並区,堀ノ内,方南町,6.0,12000000,１Ｒ,15,1992年,ＲＣ,住宅,住宅,２種住居,60.0,200.0,2024年第3四半期,未改装,
中古マンション等,不動産取引価格情報,13115,東京都,杉並区,堀ノ内,方南町,9.0,27000000,１Ｋ,25,2016年,ＲＣ,住宅,住宅,近隣商業,80.0,400.0,2024年第3四半期,未改装,
中古マンション等,不動産取引価格情報,13115,東京都,杉並区,堀ノ内,方南町,10.0,85000000,３ＬＤＫ,70,2004年,ＲＣ,住宅,住宅,１種住居,60.0,200.0,2024年第3四半期,改装済み,
中古マンション等,不動産取引価格情報,13115,東京都,杉並区,堀ノ内,方南町,10.0,18000000,１Ｋ,20,2009年,ＲＣ,住宅,住宅,近隣商業,80.0,400.0,2024年第3四半期,,
中古マンション等,不動産取引価格情報,13115,東京都,杉並区,堀ノ内,方南町,10.0,31000000,２ＤＫ,40,1994年,ＲＣ,住宅,住宅,近隣商業,80.0,400.0,2024年第2四半期,未改装,
中古マンション等,不動産取引価格情報,13115,東京都,杉並区,堀ノ内,方南町,2.0,40000000,２ＬＤＫ,45,1987年,ＳＲＣ,住宅,住宅,商業,80.0,400.0,2024年第2四半期,未改装,
中古マンション等,不動産取引価格情報,13115,東京都,杉並区,堀ノ内,方南町,1.0,23000000,１Ｒ,25,2012年,ＲＣ,住宅,住宅,商業,80.0,400.0,2024年第2四半期,,
中古マンション等,不動産取引価格情報,13115,東京都,杉並区,堀ノ内,方南町,7.0,11000000,１Ｋ,15,1986年,ＲＣ,住宅,住宅,準住居,60.0,300.0,2024年第2四半期,未改装,
中古マンション等,不動産取引価格情報,13115,東京都,杉並区,堀ノ内,方南町,7.0,51000000,２ＬＤＫ,80,1979年,ＲＣ,住宅、その他,住宅,１種住居,60.0,200.0,2024年第2四半期,未改装,
中古マンション等,不動産取引価格情報,13115,東京都,杉並区,堀ノ内,方南町,9.0,27000000,１Ｋ,25,2016年,ＲＣ,住宅,住宅,近隣商業,80.0,400.0,2024年第2四半期,未改装,
中古マンション等,不動産取引価格情報,13115,東京都,杉並区,堀ノ内,方南町,9.0,15000000,１ＤＫ,25,1987年,ＲＣ,住宅,住宅,近隣商業,80.0,400.0,2024年第2四半期,未改装,
中古マンション等,不動産取引価格情報,13115,東京都,杉並区,堀ノ内,方南町,6.0,10000000,１Ｒ,15,1992年,ＲＣ,住宅,,２種住居,60.0,200.0,2024年第1四半期,未改装,調停・競売等
中古マンション等,不動産取引価格情報,13115,東京都,杉並区,堀ノ内,方南町,9.0,35000000,２ＬＤＫ,45,1987年,ＲＣ,住宅,住宅,近隣商業,80.0,400.0,2024年第1四半期,改装済み,
中古マンション等,不動産取引価格情報,13115,東京都,杉並区,堀ノ内,方南町,8.0,30000000,１Ｋ,25,2016年,ＲＣ,住宅,住宅,近隣商業,80.0,400.0,2024年第1四半期,未改装,
中古マンション等,不動産取引価格情報,13115,東京都,杉並区,堀ノ内,方南町,10.0,65000000,３ＬＤＫ,70,2004年,ＲＣ,住宅,住宅,１種住居,60.0,200.0,2024年第1四半期,改装済み,
中古マンション等,不動産取引価格情報,13115,東京都,杉並区,堀ノ内,方南町,4.0,75000000,３ＬＤＫ,65,2013年,ＲＣ,住宅,住宅,準工業,60.0,300.0,2024年第1四半期,未改装,
中古マンション等,不動産取引価格情報,13115,東京都,杉並区,堀ノ内,方南町,10.0,69000000,３ＬＤＫ,70,2004年,ＲＣ,住宅,住宅,１種住居,60.0,200.0,2024年第1四半期,未改装,
中古マンション等,不動産取引価格情報,13115,東京都,杉並区,堀ノ内,方南町,7.0,13000000,１Ｋ,15,1986年,ＲＣ,住宅,住宅,準住居,60.0,300.0,2023年第4四半期,改装済み,
中古マンション等,不動産取引価格情報,13115,東京都,杉並区,堀ノ内,方南町,11.0,25000000,１ＤＫ,30,2002年,ＲＣ,住宅,,近隣商業,80.0,400.0,2023年第4四半期,,
中古マンション等,不動産取引価格情報,13115,東京都,杉並区,堀ノ内,方南町,7.0,42000000,２ＬＤＫ,45,1986年,ＲＣ,住宅,住宅,１種住居,60.0,200.0,2023年第4四半期,改装済み,
中古マンション等,不動産取引価格情報,13115,東京都,杉並区,堀ノ内,方南町,4.0,45000000,３ＬＤＫ,55,1980年,ＲＣ,住宅,住宅,１種住居,60.0,200.0,2023年第4四半期,,
中古マンション等,不動産取引価格情報,13115,東京都,杉並区,堀ノ内,方南町,7.0,55000000,２ＬＤＫ,55,2003年,ＲＣ,住宅,住宅,準工業,60.0,200.0,2023年第4四半期,未改装,
中古マンション等,不動産取引価格情報,13115,東京都,杉並区,堀ノ内,方南町,5.0,42000000,３ＬＤＫ,75,1974年,ＲＣ,住宅,住宅,２種住居,60.0,200.0,2023年第4四半期,未改装,
中古マンション等,不動産取引価格情報,13115,東京都,杉並区,堀ノ内,方南町,7.0,35000000,１ＬＤＫ,50,1988年,ＲＣ,住宅,その他,１種住居,60.0,200.0,2023年第4四半期,未改装,
中古マンション等,不動産取引価格情報,13115,東京都,杉並区,本天沼,阿佐ケ谷,14.0,7800000,１Ｋ,15,1989年,ＲＣ,住宅,住宅,近隣商業,80.0,300.0,2023年第4四半期,,
中古マンション等,不動産取引価格情報,13115,東京都,杉並区,本天沼,阿佐ケ谷,13.0,70000000,３ＬＤＫ,60,2013年,ＲＣ,住宅,住宅,近隣商業,80.0,400.0,2023年第4四半期,改装済み,
中古マンション等,不動産取引価格情報,13115,東京都,杉並区,本天沼,荻窪,14.0,73000000,３ＬＤＫ,90,1988年,ＲＣ,住宅,住宅,１低住専,50.0,100.0,2025年第3四半期,改装済み,
中古マンション等,不動産取引価格情報,13115,東京都,杉並区,本天沼,荻窪,15.0,65000000,３ＬＤＫ,65,2007年,ＲＣ,住宅,住宅,１低住専,50.0,100.0,2025年第2四半期,改装済み,
中古マンション等,不動産取引価格情報,13115,東京都,杉並区,松ノ木,新高円寺,5.0,25000000,１Ｋ,20,2008年,ＲＣ,住宅,住宅,近隣商業,80.0,300.0,2025年第3四半期,,
中古マンション等,不動産取引価格情報,13115,東京都,杉並区,松ノ木,新高円寺,6.0,24000000,１Ｋ,20,2002年,ＲＣ,住宅,住宅,近隣商業,80.0,200.0,2025年第1四半期,,
中古マンション等,不動産取引価格情報,13115,東京都,杉並区,松ノ木,新高円寺,4.0,18000000,１Ｋ,15,1985年,ＲＣ,住宅,住宅,近隣商業,80.0,300.0,2024年第4四半期,改装済み,
中古マンション等,不動産取引価格情報,13115,東京都,杉並区,松ノ木,新高円寺,5.0,23000000,１Ｋ,20,2008年,ＲＣ,住宅,住宅,近隣商業,80.0,300.0,2024年第3四半期,,
中古マンション等,不動産取引価格情報,13115,東京都,杉並区,松ノ木,新高円寺,9.0,20000000,１Ｒ,20,2000年,ＲＣ,住宅,住宅,近隣商業,80.0,300.0,2024年第1四半期,未改装,
中古マンション等,不動産取引価格情報,13115,東京都,杉並区,松ノ木,新高円寺,6.0,25000000,１ＬＤＫ,35,1989年,ＲＣ,住宅,住宅,１中住専,60.0,200.0,2024年第1四半期,,
中古マンション等,不動産取引価格情報,13115,東京都,杉並区,松ノ木,新高円寺,5.0,21000000,１Ｋ,20,2008年,ＲＣ,住宅,住宅,近隣商業,80.0,300.0,2023年第4四半期,,
中古マンション等,不動産取引価格情報,13115,東京都,杉並区,松ノ木,新高円寺,9.0,18000000,１Ｋ,15,2000年,ＲＣ,住宅,住宅,近隣商業,80.0,300.0,2023年第4四半期,未改装,
中古マンション等,不動産取引価格情報,13115,東京都,杉並区,南荻窪,荻窪,12.0,57000000,,65,1996年,ＲＣ,住宅,住宅,２種住居,60.0,150.0,2025年第2四半期,未改装,
中古マンション等,不動産取引価格情報,13115,東京都,杉並区,南荻窪,荻窪,16.0,95000000,３ＬＤＫ,75,2006年,ＲＣ,住宅,住宅,１低住専,50.0,100.0,2025年第2四半期,未改装,
中古マンション等,不動産取引価格情報,13115,東京都,杉並区,南荻窪,荻窪,13.0,22000000,１Ｋ,20,2002年,ＲＣ,住宅,住宅,近隣商業,80.0,300.0,2024年第4四半期,未改装,
中古マンション等,不動産取引価格情報,13115,東京都,杉並区,南荻窪,荻窪,4.0,29000000,１ＬＤＫ,35,1970年,ＳＲＣ,住宅,住宅,近隣商業,80.0,300.0,2024年第4四半期,改装済み,
中古マンション等,不動産取引価格情報,13115,東京都,杉並区,南荻窪,荻窪,18.0,7800000,１Ｋ,20,1989年,ＲＣ,住宅,住宅,１中住専,60.0,200.0,2024年第4四半期,改装済み,
中古マンション等,不動産取引価格情報,13115,東京都,杉並区,南荻窪,荻窪,4.0,20000000,１ＬＤＫ,30,1970年,ＳＲＣ,住宅,住宅,近隣商業,80.0,300.0,2024年第4四半期,未改装,
中古マンション等,不動産取引価格情報,13115,東京都,杉並区,南荻窪,荻窪,8.0,10000000,１Ｋ,15,1986年,ＲＣ,住宅,住宅,１種住居,60.0,200.0,2024年第3四半期,,
中古マンション等,不動産取引価格情報,13115,東京都,杉並区,南荻窪,荻窪,11.0,7800000,１Ｋ,15,1986年,ＲＣ,住宅,住宅,２中住専,60.0,200.0,2024年第3四半期,,
中古マンション等,不動産取引価格情報,13115,東京都,杉並区,南荻窪,荻窪,8.0,9300000,１Ｋ,15,1987年,ＲＣ,住宅,住宅,１種住居,60.0,200.0,2024年第3四半期,未改装,
中古マンション等,不動産取引価格情報,13115,東京都,杉並区,南荻窪,荻窪,15.0,17000000,１Ｋ,20,1998年,ＲＣ,住宅,その他,近隣商業,80.0,300.0,2024年第3四半期,改装済み,
中古マンション等,不動産取引価格情報,13115,東京都,杉並区,南荻窪,荻窪,7.0,60000000,３ＬＤＫ,65,1974年,ＳＲＣ,住宅,住宅,近隣商業,80.0,300.0,2024年第2四半期,改装済み,
中古マンション等,不動産取引価格情報,13115,東京都,杉並区,南荻窪,荻窪,15.0,18000000,１Ｋ,20,1998年,ＲＣ,住宅,住宅,近隣商業,80.0,300.0,2024年第2四半期,未改装,
中古マンション等,不動産取引価格情報,13115,東京都,杉並区,南荻窪,荻窪,4.0,78000000,２ＬＤＫ＋Ｓ,60,2015年,ＲＣ,住宅,住宅,近隣商業,80.0,300.0,2024年第2四半期,改装済み,
中古マンション等,不動産取引価格情報,13115,東京都,杉並区,南荻窪,荻窪,11.0,22000000,１Ｋ,25,2007年,ＲＣ,住宅,住宅,近隣商業,80.0,300.0,2024年第1四半期,未改装,
中古マンション等,不動産取引価格情報,13115,東京都,杉並区,南荻窪,荻窪,4.0,28000000,１ＬＤＫ,30,1970年,ＳＲＣ,住宅,住宅,近隣商業,80.0,300.0,2024年第1四半期,改装済み,
中古マンション等,不動産取引価格情報,13115,東京都,杉並区,南荻窪,荻窪,4.0,25000000,１ＬＤＫ,30,1970年,ＳＲＣ,住宅,住宅,近隣商業,80.0,300.0,2023年第4四半期,改装済み,
中古マンション等,不動産取引価格情報,13115,東京都,杉並区,南荻窪,荻窪,11.0,9100000,１Ｋ,15,1986年,ＲＣ,,住宅,２中住専,60.0,200.0,2023年第4四半期,,
中古マンション等,不動産取引価格情報,13115,東京都,杉並区,南荻窪,荻窪,13.0,26000000,１Ｋ,20,2002年,ＲＣ,住宅,その他,近隣商業,80.0,300.0,2023年第4四半期,,
中古マンション等,不動産取引価格情報,13115,東京都,杉並区,南荻窪,荻窪,7.0,57000000,,65,1974年,ＳＲＣ,住宅,住宅,近隣商業,80.0,300.0,2023年第4四半期,改装済み,
中古マンション等,不動産取引価格情報,13115,東京都,杉並区,南荻窪,荻窪,4.0,35000000,３ＬＤＫ,55,1970年,ＳＲＣ,住宅,住宅,近隣商業,80.0,300.0,2023年第4四半期,未改装,
中古マンション等,不動産取引価格情報,13115,東京都,杉並区,南荻窪,西荻窪,14.0,62000000,３ＬＤＫ,65,1990年,ＲＣ,住宅,住宅,１中住専,60.0,200.0,2025年第1四半期,改装済み,
中古マンション等,不動産取引価格情報,13115,東京都,杉並区,南荻窪,西荻窪,12.0,56000000,３ＬＤＫ,70,2004年,ＲＣ,住宅,住宅,１低住専,50.0,100.0,2025年第1四半期,未改装,
中古マンション等,不動産取引価格情報,13115,東京都,杉並区,南荻窪,西荻窪,14.0,52000000,３ＬＤＫ,65,1990年,ＲＣ,住宅,住宅,１中住専,60.0,200.0,2024年第3四半期,改装済み,
中古マンション等,不動産取引価格情報,13115,東京都,杉並区,南荻窪,西荻窪,10.0,17000000,１Ｋ,15,1996年,ＲＣ,住宅,住宅,２中住専,60.0,200.0,2024年第3四半期,,
中古マンション等,不動産取引価格情報,13115,東京都,杉並区,南荻窪,西荻窪,13.0,86000000,３ＬＤＫ,70,2003年,ＲＣ,住宅,住宅,１中住専,60.0,200.0,2024年第3四半期,改装済み,
中古マンション等,不動産取引価格情報,13115,東京都,杉並区,南荻窪,西荻窪,13.0,60000000,,65,2003年,ＲＣ,住宅,,１中住専,60.0,200.0,2024年第2四半期,,
中古マンション等,不動産取引価格情報,13115,東京都,杉並区,南荻窪,西荻窪,10.0,19000000,１Ｋ,15,1996年,ＲＣ,住宅,住宅,２中住専,60.0,200.0,2023年第4四半期,改装済み,
中古マンション等,不動産取引価格情報,13115,東京都,杉並区,南荻窪,西荻窪,13.0,64000000,３ＬＤＫ,70,2003年,ＲＣ,住宅,住宅,１中住専,60.0,200.0,2023年第4四半期,,
中古マンション等,不動産取引価格情報,13115,東京都,杉並区,宮前,荻窪,17.0,70000000,３ＬＤＫ,85,2002年,ＲＣ,住宅,住宅,１中住専,60.0,200.0,2024年第4四半期,未改装,
中古マンション等,不動産取引価格情報,13115,東京都,杉並区,宮前,荻窪,18.0,45000000,２ＤＫ,50,1996年,ＲＣ,住宅,住宅,１中住専,60.0,200.0,2023年第4四半期,未改装,
中古マンション等,不動産取引価格情報,13115,東京都,杉並区,宮前,久我山,10.0,6300000,１Ｋ,10,1984年,ＲＣ,住宅,その他,準住居,60.0,200.0,2024年第4四半期,未改装,
中古マンション等,不動産取引価格情報,13115,東京都,杉並区,宮前,久我山,10.0,20000000,１Ｋ,25,2015年,ＲＣ,住宅,住宅,準住居,60.0,200.0,2023年第4四半期,未改装,調停・競売等
中古マンション等,不動産取引価格情報,13115,東京都,杉並区,宮前,久我山,8.0,6500000,１Ｋ,15,1984年,ＲＣ,住宅,その他,準住居,60.0,200.0,2023年第4四半期,未改装,
中古マンション等,不動産取引価格情報,13115,東京都,杉並区,宮前,久我山,12.0,69000000,３ＬＤＫ,70,2008年,ＲＣ,住宅,住宅,準住居,60.0,200.0,2023年第4四半期,未改装,
中古マンション等,不動産取引価格情報,13115,東京都,杉並区,宮前,高井戸,12.0,21000000,１Ｋ,20,2004年,ＲＣ,住宅,住宅,準住居,60.0,300.0,2024年第4四半期,,
中古マンション等,不動産取引価格情報,13115,東京都,杉並区,宮前,高井戸,12.0,29000000,１ＬＤＫ,30,2004年,ＲＣ,住宅,住宅,準住居,60.0,300.0,2024年第4四半期,,
中古マンション等,不動産取引価格情報,13115,東京都,杉並区,宮前,高井戸,9.0,28000000,１ＬＤＫ,35,1974年,ＳＲＣ,住宅,住宅,準工業,60.0,300.0,2024年第4四半期,未改装,
中古マンション等,不動産取引価格情報,13115,東京都,杉並区,宮前,高井戸,12.0,21000000,１ＤＫ,30,2004年,ＲＣ,住宅,住宅,準住居,60.0,300.0,2024年第3四半期,未改装,
中古マンション等,不動産取引価格情報,13115,東京都,杉並区,宮前,西荻窪,14.0,50000000,３ＬＤＫ,55,1985年,ＲＣ,住宅,住宅,１中住専,60.0,200.0,2025年第2四半期,未改装,
中古マンション等,不動産取引価格情報,13115,東京都,杉並区,宮前,西荻窪,11.0,49000000,１ＬＤＫ,70,2021年,ＲＣ,住宅,その他,２低住専,60.0,150.0,2025年第2四半期,未改装,
中古マンション等,不動産取引価格情報,13115,東京都,杉並区,宮前,西荻窪,13.0,14000000,１ＬＤＫ,25,1991年,ＲＣ,住宅,住宅,１中住専,60.0,200.0,2024年第4四半期,改装済み,
中古マンション等,不動産取引価格情報,13115,東京都,杉並区,宮前,西荻窪,14.0,70000000,３ＬＤＫ,80,1984年,ＲＣ,住宅,住宅,１低住専,50.0,100.0,2024年第4四半期,未改装,
中古マンション等,不動産取引価格情報,13115,東京都,杉並区,宮前,西荻窪,12.0,83000000,３ＬＤＫ,70,2013年,ＲＣ,住宅,住宅,１低住専,50.0,100.0,2024年第3四半期,未改装,
中古マンション等,不動産取引価格情報,13115,東京都,杉並区,宮前,西荻窪,12.0,88000000,３ＬＤＫ,70,2013年,ＲＣ,住宅,住宅,１低住専,50.0,100.0,2024年第3四半期,改装済み,
中古マンション等,不動産取引価格情報,13115,東京都,杉並区,宮前,富士見ケ丘,10.0,52000000,２ＬＤＫ,70,1997年,ＲＣ,住宅,住宅,準工業,60.0,200.0,2025年第1四半期,未改装,
中古マンション等,不動産取引価格情報,13115,東京都,杉並区,宮前,富士見ケ丘,11.0,65000000,３ＬＤＫ,70,2001年,ＲＣ,住宅,住宅,準工業,60.0,200.0,2024年第2四半期,未改装,
中古マンション等,不動産取引価格情報,13115,東京都,杉並区,宮前,富士見ケ丘,13.0,33000000,１ＤＫ,35,2004年,ＲＣ,住宅,住宅,準住居,60.0,200.0,2024年第2四半期,改装済み,
中古マンション等,不動産取引価格情報,13115,東京都,杉並区,桃井,井荻,16.0,56000000,３ＬＤＫ,65,2000年,ＲＣ,住宅,住宅,１低住専,50.0,100.0,2024年第2四半期,未改装,
中古マンション等,不動産取引価格情報,13115,東京都,杉並区,桃井,井荻,16.0,50000000,３ＬＤＫ,60,2000年,ＲＣ,住宅,住宅,１低住専,50.0,100.0,2023年第4四半期,未改装,
中古マンション等,不動産取引価格情報,13115,東京都,杉並区,桃井,荻窪,18.0,74000000,１ＬＤＫ,65,2006年,ＲＣ,住宅,住宅,商業,80.0,400.0,2025年第1四半期,未改装,
中古マンション等,不動産取引価格情報,13115,東京都,杉並区,桃井,荻窪,14.0,5500000,１Ｋ,20,1985年,ＲＣ,住宅,住宅,商業,80.0,400.0,2025年第1四半期,未改装,
中古マンション等,不動産取引価格情報,13115,東京都,杉並区,桃井,荻窪,19.0,50000000,２ＬＤＫ,55,1999年,ＲＣ,住宅,住宅,１低住専,60.0,150.0,2024年第2四半期,改装済み,
中古マンション等,不動産取引価格情報,13115,東京都,杉並区,桃井,荻窪,15.0,35000000,２ＬＤＫ,45,1989年,ＲＣ,住宅,住宅,１中住専,60.0,200.0,2024年第1四半期,改装済み,
中古マンション等,不動産取引価格情報,13115,東京都,杉並区,桃井,荻窪,13.0,50000000,２ＤＫ,45,2004年,ＲＣ,住宅,住宅,商業,80.0,400.0,2024年第1四半期,未改装,
中古マンション等,不動産取引価格情報,13115,東京都,杉並区,桃井,荻窪,16.0,43000000,２ＬＤＫ,55,2004年,ＲＣ,住宅,,商業,80.0,400.0,2024年第1四半期,未改装,
中古マンション等,不動産取引価格情報,13115,東京都,杉並区,桃井,西荻窪,16.0,24000000,２ＬＤＫ,40,1989年,ＲＣ,住宅,その他,準工業,60.0,200.0,2025年第1四半期,未改装,
中古マンション等,不動産取引価格情報,13115,東京都,杉並区,桃井,西荻窪,14.0,3300000,オープンフロア,75,1985年,ＳＲＣ,店舗,その他,商業,80.0,400.0,2024年第4四半期,未改装,
中古マンション等,不動産取引価格情報,13115,東京都,杉並区,桃井,西荻窪,14.0,9900000,１Ｋ,15,1988年,ＲＣ,住宅,住宅,１中住専,60.0,200.0,2024年第4四半期,,
中古マンション等,不動産取引価格情報,13115,東京都,杉並区,桃井,西荻窪,14.0,16000000,１ＬＤＫ,35,1985年,ＳＲＣ,住宅,その他,商業,80.0,400.0,2024年第3四半期,未改装,
中古マンション等,不動産取引価格情報,13115,東京都,杉並区,桃井,西荻窪,21.0,110000000,３ＬＤＫ,100,2005年,ＲＣ,住宅,住宅,準工業,60.0,200.0,2024年第2四半期,未改装,
中古マンション等,不動産取引価格情報,13115,東京都,杉並区,桃井,西荻窪,15.0,82000000,３ＬＤＫ,75,2005年,ＲＣ,住宅,住宅,準工業,60.0,200.0,2024年第2四半期,改装済み,
中古マンション等,不動産取引価格情報,13115,東京都,杉並区,桃井,西荻窪,19.0,52000000,３ＬＤＫ,60,1997年,ＲＣ,住宅,住宅,準工業,60.0,200.0,2024年第1四半期,,
中古マンション等,不動産取引価格情報,13115,東京都,杉並区,桃井,西荻窪,19.0,73000000,５ＬＤＫ,100,1997年,ＲＣ,,住宅,準工業,60.0,200.0,2023年第4四半期,未改装,
中古マンション等,不動産取引価格情報,13115,東京都,杉並区,和田,新中野,7.0,70000000,３ＬＤＫ,70,1995年,ＲＣ,住宅,,１低住専,60.0,150.0,2024年第1四半期,改装済み,
中古マンション等,不動産取引価格情報,13115,東京都,杉並区,和田,新中野,8.0,27000000,１Ｋ,25,2013年,ＳＲＣ,住宅,その他,１中住専,60.0,200.0,2024年第1四半期,未改装,
中古マンション等,不動産取引価格情報,13115,東京都,杉並区,和田,新中野,7.0,45000000,３ＬＤＫ,60,1995年,ＲＣ,住宅,住宅,１低住専,60.0,150.0,2023年第4四半期,未改装,
中古マンション等,不動産取引価格情報,13115,東京都,杉並区,和田,中野富士見町,7.0,20000000,１Ｋ,20,2008年,ＲＣ,住宅,住宅,１中住専,60.0,200.0,2025年第2四半期,未改装,
中古マンション等,不動産取引価格情報,13115,東京都,杉並区,和田,中野富士見町,2.0,77000000,３ＬＤＫ,65,2013年,ＲＣ,住宅,その他,近隣商業,80.0,300.0,2025年第1四半期,未改装,
中古マンション等,不動産取引価格情報,13115,東京都,杉並区,和田,中野富士見町,9.0,20000000,１Ｋ,15,1999年,ＲＣ,住宅,住宅,１低住専,60.0,150.0,2025年第1四半期,未改装,
中古マンション等,不動産取引価格情報,13115,東京都,杉並区,和田,中野富士見町,5.0,40000000,１ＤＫ,35,2012年,ＲＣ,住宅,住宅,準工業,60.0,200.0,2025年第1四半期,未改装,
中古マンション等,不動産取引価格情報,13115,東京都,杉並区,和田,中野富士見町,8.0,11000000,１Ｋ,15,1991年,ＲＣ,住宅,住宅,準工業,60.0,200.0,2024年第4四半期,未改装,
中古マンション等,不動産取引価格情報,13115,東京都,杉並区,和田,中野富士見町,3.0,21000000,１Ｋ,20,2005年,ＲＣ,住宅,住宅,準工業,60.0,200.0,2024年第4四半期,未改装,
中古マンション等,不動産取引価格情報,13115,東京都,杉並区,和田,中野富士見町,2.0,20000000,１Ｋ,20,2002年,ＲＣ,住宅,住宅,近隣商業,80.0,300.0,2024年第4四半期,未改装,
中古マンション等,不動産取引価格情報,13115,東京都,杉並区,和田,中野富士見町,1.0,8400000,１Ｋ,20,1970年,ＲＣ,住宅,住宅,近隣商業,80.0,300.0,2024年第3四半期,未改装,
中古マンション等,不動産取引価格情報,13115,東京都,杉並区,和田,中野富士見町,3.0,39000000,１Ｋ,25,2023年,ＲＣ,住宅,,近隣商業,80.0,300.0,2024年第3四半期,,
中古マンション等,不動産取引価格情報,13115,東京都,杉並区,和田,中野富士見町,3.0,40000000,１Ｋ,25,2023年,ＲＣ,住宅,住宅,近隣商業,80.0,300.0,2024年第2四半期,,
中古マンション等,不動産取引価格情報,13115,東京都,杉並区,和田,中野富士見町,3.0,40000000,１Ｋ,25,2023年,ＲＣ,住宅,住宅,近隣商業,80.0,300.0,2024年第2四半期,未改装,
中古マンション等,不動産取引価格情報,13115,東京都,杉並区,和田,中野富士見町,3.0,37000000,１Ｋ,25,2023年,ＲＣ,住宅,住宅,近隣商業,80.0,300.0,2024年第2四半期,未改装,
中古マンション等,不動産取引価格情報,13115,東京都,杉並区,和田,中野富士見町,3.0,38000000,１Ｋ,25,2023年,ＲＣ,住宅,住宅,近隣商業,80.0,300.0,2024年第2四半期,未改装,
中古マンション等,不動産取引価格情報,13115,東京都,杉並区,和田,中野富士見町,3.0,39000000,１Ｋ,25,2023年,ＲＣ,住宅,住宅,近隣商業,80.0,300.0,2024年第2四半期,未改装,
中古マンション等,不動産取引価格情報,13115,東京都,杉並区,和田,中野富士見町,2.0,21000000,１Ｋ,20,2002年,ＲＣ,住宅,住宅,近隣商業,80.0,300.0,2024年第2四半期,,
中古マンション等,不動産取引価格情報,13115,東京都,杉並区,和田,中野富士見町,5.0,67000000,３ＬＤＫ,60,2015年,ＲＣ,住宅,住宅,準工業,60.0,200.0,2024年第2四半期,未改装,
中古マンション等,不動産取引価格情報,13115,東京都,杉並区,和田,中野富士見町,3.0,38000000,１Ｋ,25,2023年,ＲＣ,住宅,住宅,近隣商業,80.0,300.0,2024年第1四半期,未改装,
中古マンション等,不動産取引価格情報,13115,東京都,杉並区,和田,中野富士見町,8.0,32000000,１ＤＫ,25,2020年,ＲＣ,住宅,住宅,１中住専,60.0,200.0,2024年第1四半期,未改装,
中古マンション等,不動産取引価格情報,13115,東京都,杉並区,和田,中野富士見町,3.0,22000000,１Ｋ,20,2005年,ＲＣ,住宅,住宅,準工業,60.0,200.0,2024年第1四半期,,
中古マンション等,不動産取引価格情報,13115,東京都,杉並区,和田,中野富士見町,3.0,38000000,１Ｋ,25,2023年,ＲＣ,住宅,住宅,近隣商業,80.0,300.0,2024年第1四半期,未改装,
中古マンション等,不動産取引価格情報,13115,東京都,杉並区,和田,中野富士見町,5.0,23000000,１Ｋ,20,2008年,ＲＣ,住宅,住宅,近隣商業,80.0,200.0,2024年第1四半期,,
中古マンション等,不動産取引価格情報,13115,東京都,杉並区,和田,東高円寺,12.0,90000000,,80,2012年,ＲＣ,住宅,,２中住専,60.0,200.0,2025年第3四半期,,
中古マンション等,不動産取引価格情報,13115,東京都,杉並区,和田,東高円寺,6.0,38000000,１Ｋ,25,2020年,ＲＣ,住宅,住宅,１中住専,60.0,200.0,2025年第3四半期,未改装,
中古マンション等,不動産取引価格情報,13115,東京都,杉並区,和田,東高円寺,3.0,82000000,２ＬＤＫ,55,2020年,ＲＣ,住宅,住宅,商業,80.0,400.0,2025年第3四半期,未改装,
中古マンション等,不動産取引価格情報,13115,東京都,杉並区,和田,東高円寺,4.0,32000000,１Ｋ,30,2007年,ＲＣ,住宅,住宅,近隣商業,80.0,400.0,2025年第2四半期,,
中古マンション等,不動産取引価格情報,13115,東京都,杉並区,和田,東高円寺,3.0,14000000,１Ｋ,15,1988年,ＳＲＣ,住宅,住宅,商業,80.0,400.0,2025年第1四半期,未改装,
中古マンション等,不動産取引価格情報,13115,東京都,杉並区,和田,東高円寺,3.0,81000000,２ＬＤＫ,55,2020年,ＲＣ,住宅,住宅,商業,80.0,400.0,2025年第1四半期,未改装,
中古マンション等,不動産取引価格情報,13115,東京都,杉並区,和田,東高円寺,7.0,39000000,１ＬＤＫ,30,2007年,ＲＣ,住宅,住宅,１中住専,60.0,200.0,2025年第1四半期,未改装,
中古マンション等,不動産取引価格情報,13115,東京都,杉並区,和田,東高円寺,9.0,20000000,１Ｋ,20,1998年,ＲＣ,住宅,住宅,近隣商業,80.0,400.0,2025年第1四半期,未改装,
中古マンション等,不動産取引価格情報,13115,東京都,杉並区,和田,東高円寺,9.0,46000000,２ＬＤＫ,50,1991年,ＲＣ,住宅,住宅,１低住専,60.0,150.0,2025年第1四半期,未改装,
中古マンション等,不動産取引価格情報,13115,東京都,杉並区,和田,東高円寺,2.0,11000000,１Ｋ,15,1992年,ＲＣ,事務所,事務所,商業,80.0,400.0,2025年第1四半期,未改装,
中古マンション等,不動産取引価格情報,13115,東京都,杉並区,和田,東高円寺,8.0,51000000,２ＬＤＫ,55,2000年,ＲＣ,住宅,住宅,１低住専,60.0,150.0,2025年第1四半期,未改装,
中古マンション等,不動産取引価格情報,13115,東京都,杉並区,和田,東高円寺,8.0,6800000,１Ｋ,15,1985年,ＲＣ,住宅,住宅,近隣商業,80.0,400.0,2024年第4四半期,改装済み,
中古マンション等,不動産取引価格情報,13115,東京都,杉並区,和田,東高円寺,12.0,24000000,１ＤＫ,30,1998年,ＲＣ,住宅,住宅,近隣商業,80.0,400.0,2024年第4四半期,,
中古マンション等,不動産取引価格情報,13115,東京都,杉並区,和田,東高円寺,2.0,16000000,１Ｋ,15,1992年,ＲＣ,住宅,住宅,商業,80.0,400.0,2024年第4四半期,改装済み,
中古マンション等,不動産取引価格情報,13115,東京都,杉並区,和田,東高円寺,10.0,11000000,１Ｒ,15,1990年,ＲＣ,住宅,住宅,１低住専,60.0,150.0,2024年第4四半期,未改装,
中古マンション等,不動産取引価格情報,13115,東京都,杉並区,和田,東高円寺,12.0,21000000,１Ｋ,20,1998年,ＲＣ,住宅,住宅,近隣商業,80.0,400.0,2024年第4四半期,,
中古マンション等,不動産取引価格情報,13115,東京都,杉並区,和田,東高円寺,6.0,38000000,２ＬＤＫ,50,1996年,ＲＣ,住宅,,１中住専,60.0,200.0,2024年第4四半期,未改装,
中古マンション等,不動産取引価格情報,13115,東京都,杉並区,和田,東高円寺,7.0,18000000,１Ｋ,15,1998年,ＲＣ,住宅,住宅,１中住専,60.0,200.0,2024年第3四半期,,
中古マンション等,不動産取引価格情報,13115,東京都,杉並区,和田,東高円寺,9.0,22000000,１Ｋ,30,1998年,ＲＣ,住宅,その他,近隣商業,80.0,400.0,2024年第3四半期,未改装,
中古マンション等,不動産取引価格情報,13115,東京都,杉並区,和田,東高円寺,4.0,42000000,１Ｋ,25,2024年,ＲＣ,住宅,住宅,商業,80.0,400.0,2024年第2四半期,未改装,
中古マンション等,不動産取引価格情報,13115,東京都,杉並区,和田,東高円寺,4.0,53000000,,25,2024年,ＲＣ,住宅,住宅,商業,80.0,400.0,2024年第2四半期,,
中古マンション等,不動産取引価格情報,13115,東京都,杉並区,和田,東高円寺,8.0,9900000,１Ｋ,15,1985年,ＲＣ,住宅,住宅,近隣商業,80.0,400.0,2024年第2四半期,未改装,
中古マンション等,不動産取引価格情報,13115,東京都,杉並区,和田,東高円寺,10.0,13000000,１Ｒ,15,1990年,ＲＣ,住宅,住宅,１低住専,60.0,150.0,2024年第2四半期,未改装,
中古マンション等,不動産取引価格情報,13115,東京都,杉並区,和田,東高円寺,6.0,61000000,２ＬＤＫ,60,1997年,ＲＣ,住宅,住宅,１中住専,60.0,200.0,2024年第2四半期,未改装,
中古マンション等,不動産取引価格情報,13115,東京都,杉並区,和田,東高円寺,12.0,80000000,３ＬＤＫ,70,2012年,ＲＣ,住宅,住宅,２中住専,60.0,200.0,2024年第1四半期,未改装,
中古マンション等,不動産取引価格情報,13115,東京都,杉並区,和田,東高円寺,4.0,23000000,１Ｋ,20,2007年,ＲＣ,住宅,住宅,近隣商業,80.0,400.0,2024年第1四半期,未改装,
中古マンション等,不動産取引価格情報,13115,東京都,杉並区,和田,東高円寺,6.0,37000000,１Ｋ,25,2020年,ＲＣ,住宅,住宅,１中住専,60.0,200.0,2024年第1四半期,未改装,
中古マンション等,不動産取引価格情報,13115,東京都,杉並区,和田,東高円寺,8.0,6900000,１Ｒ,15,1985年,ＲＣ,住宅,住宅,近隣商業,80.0,400.0,2024年第1四半期,未改装,
中古マンション等,不動産取引価格情報,13115,東京都,杉並区,和田,東高円寺,8.0,18000000,１Ｋ,20,1998年,ＲＣ,住宅,住宅,近隣商業,80.0,400.0,2023年第4四半期,未改装,
中古マンション等,不動産取引価格情報,13115,東京都,杉並区,和田,東高円寺,9.0,45000000,２ＬＤＫ,50,2012年,ＲＣ,住宅,住宅,近隣商業,80.0,400.0,2023年第4四半期,未改装,
中古マンション等,不動産取引価格情報,13115,東京都,杉並区,和田,東高円寺,6.0,47000000,２ＬＤＫ,85,1990年,ＲＣ,住宅,,１中住専,60.0,200.0,2023年第4四半期,未改装,
中古マンション等,不動産取引価格情報,13115,東京都,杉並区,和田,東高円寺,8.0,12000000,１Ｋ,15,1985年,ＲＣ,住宅,住宅,近隣商業,80.0,400.0,2023年第4四半期,,
中古マンション等,不動産取引価格情報,13115,東京都,杉並区,和田,方南町,8.0,68000000,３ＬＤＫ,70,2000年,ＲＣ,住宅,住宅,近隣商業,80.0,400.0,2025年第3四半期,,
中古マンション等,不動産取引価格情報,13115,東京都,杉並区,和田,方南町,8.0,63000000,２ＬＤＫ,55,2000年,ＲＣ,住宅,住宅,近隣商業,80.0,400.0,2024年第4四半期,未改装,
中古マンション等,不動産取引価格情報,13115,東京都,杉並区,和田,方南町,8.0,50000000,２ＬＤＫ,50,1997年,ＲＣ,住宅,住宅,準工業,60.0,200.0,2024年第3四半期,改装済み,
中古マンション等,不動産取引価格情報,13115,東京都,杉並区,和田,方南町,8.0,60000000,２ＬＤＫ,60,2000年,ＲＣ,住宅,住宅,近隣商業,80.0,400.0,2024年第2四半期,未改装,
中古マンション等,不動産取引価格情報,13115,東京都,杉並区,和田,方南町,8.0,84000000,３ＬＤＫ,75,2000年,ＲＣ,住宅,住宅,近隣商業,80.0,400.0,2024年第1四半期,改装済み,
中古マンション等,不動産取引価格情報,13115,東京都,杉並区,和田,方南町,8.0,73000000,２ＬＤＫ,75,2000年,ＲＣ,住宅,住宅,近隣商業,80.0,400.0,2023年第4四半期,改装済み,
